{"OBBTTime": 6.79538, "rootBTTime": 6.81602, "TotalTime": 3600.38, "LinearTime": 739.489, "LowerBound": -95.7503, "UpperBound": -6.38601, "SolveResult": 402, "FirstLowerBound": -146.392, "VisitedNodes": 15613}