{"OBBTTime": 7.13507, "rootBTTime": 7.56077, "TotalTime": 3600.06, "LinearTime": 1619.87, "LowerBound": -61.0917, "UpperBound": -32.1476, "SolveResult": 402, "FirstLowerBound": -79.709, "VisitedNodes": 14273}