{"OBBTTime": 4.49954, "rootBTTime": 4.58943, "TotalTime": 3600.01, "LinearTime": 2018.81, "LowerBound": -59.1092, "UpperBound": -37.8535, "SolveResult": 402, "FirstLowerBound": -78.7596, "VisitedNodes": 33075}