{"OBBTTime": 3.39128, "rootBTTime": 3.60946, "TotalTime": 3600.09, "LinearTime": 2292.93, "LowerBound": -94.2142, "UpperBound": -57.2467, "SolveResult": 402, "FirstLowerBound": -140.358, "VisitedNodes": 18911}