{"OBBTTime": 6.98837, "rootBTTime": 7.01135, "TotalTime": 3600.04, "LinearTime": 2855.13, "LowerBound": -10.9813, "UpperBound": -10.9482, "SolveResult": 402, "FirstLowerBound": -14.8046, "VisitedNodes": 42923}