{"OBBTTime": 4.11723, "rootBTTime": 4.15658, "TotalTime": 3600.12, "LinearTime": 2826.15, "LowerBound": -11.279, "UpperBound": -7.71416, "SolveResult": 402, "FirstLowerBound": -16.5155, "VisitedNodes": 23207}