{"OBBTTime": 4.05981, "rootBTTime": 4.27496, "TotalTime": 3599.99, "LinearTime": 2122.32, "LowerBound": -19.0237, "UpperBound": -14.9675, "SolveResult": 402, "FirstLowerBound": -25.6776, "VisitedNodes": 21399}