{"OBBTTime": 7.18038, "rootBTTime": 7.21921, "TotalTime": 3600.08, "LinearTime": 3034.06, "LowerBound": -10.4915, "UpperBound": -7.78917, "SolveResult": 402, "FirstLowerBound": -15.4878, "VisitedNodes": 17455}