{"OBBTTime": 2.95268, "rootBTTime": 2.97601, "TotalTime": 3600.04, "LinearTime": 2944.88, "LowerBound": -55.1871, "UpperBound": -43.1604, "SolveResult": 402, "FirstLowerBound": -85.6492, "VisitedNodes": 38359}