{"OBBTTime": 0.934034, "rootBTTime": 1.07172, "TotalTime": 3600.04, "LinearTime": 1652.05, "LowerBound": -11.5865, "UpperBound": -8.30138, "SolveResult": 402, "FirstLowerBound": -18.1057, "VisitedNodes": 46003}