{"OBBTTime": 8.81771, "rootBTTime": 9.28708, "TotalTime": 3600.04, "LinearTime": 1957.69, "LowerBound": -15.2215, "UpperBound": -9.2173, "SolveResult": 402, "FirstLowerBound": -22.6158, "VisitedNodes": 11375}