{"OBBTTime": 9.12643, "rootBTTime": 9.19299, "TotalTime": 3600.12, "LinearTime": 2826.36, "LowerBound": -22.9034, "UpperBound": -15.9549, "SolveResult": 402, "FirstLowerBound": -30.1118, "VisitedNodes": 12917}