{"OBBTTime": 6.08024, "rootBTTime": 6.14107, "TotalTime": 3600.02, "LinearTime": 2910.19, "LowerBound": -29.4483, "UpperBound": -14.6419, "SolveResult": 402, "FirstLowerBound": -37.2054, "VisitedNodes": 11813}