{"OBBTTime": 3.71998, "rootBTTime": 4.12556, "TotalTime": 3600.05, "LinearTime": 1490.65, "LowerBound": -117.565, "UpperBound": -78.6716, "SolveResult": 402, "FirstLowerBound": -155.747, "VisitedNodes": 18597}