{"OBBTTime": 0.934388, "rootBTTime": 1.06231, "TotalTime": 1214.52, "LinearTime": 428.339, "LowerBound": -35.9519, "UpperBound": -35.9161, "SolveResult": 0, "FirstLowerBound": -57.575, "VisitedNodes": 22551}