{"OBBTTime": 3.14579, "rootBTTime": 3.43587, "TotalTime": 3600.04, "LinearTime": 1568.63, "LowerBound": -44.8337, "UpperBound": -38.3101, "SolveResult": 402, "FirstLowerBound": -62.18, "VisitedNodes": 24301}