{"OBBTTime": 0.986394, "rootBTTime": 1.04849, "TotalTime": 3599.93, "LinearTime": 1825.12, "LowerBound": 5.69038, "UpperBound": 11.6738, "SolveResult": 402, "FirstLowerBound": 5, "VisitedNodes": 101005}