{"OBBTTime": 0.941806, "rootBTTime": 0.997316, "TotalTime": 3599.38, "LinearTime": 1803.38, "LowerBound": 6.04961, "UpperBound": 179769000000000000000000000000000000000000000000000000000000000000000000000000000000000000000000000000000000000000000000000000000000000000000000000000000000000000000000000000000000000000000000000000000000000000000000000000000000000000000000000000000000000000000000000000000000000000000000000000000000000000000, "SolveResult": 402, "FirstLowerBound": 5, "VisitedNodes": 104979}