{"OBBTTime": 1.32555, "rootBTTime": 1.34032, "TotalTime": 3599.99, "LinearTime": 2356.96, "LowerBound": 1004.15, "UpperBound": 1201.04, "SolveResult": 402, "FirstLowerBound": 648, "VisitedNodes": 461645}