{"OBBTTime": 1.98708, "rootBTTime": 2.06522, "TotalTime": 3600.01, "LinearTime": 1998.34, "LowerBound": 365.389, "UpperBound": 365.784, "SolveResult": 402, "FirstLowerBound": 353.871, "VisitedNodes": 128787}