{"OBBTTime": 0.208081, "rootBTTime": 0.233391, "TotalTime": 3600.06, "LinearTime": 1603.08, "LowerBound": 4.73083, "UpperBound": 179769000000000000000000000000000000000000000000000000000000000000000000000000000000000000000000000000000000000000000000000000000000000000000000000000000000000000000000000000000000000000000000000000000000000000000000000000000000000000000000000000000000000000000000000000000000000000000000000000000000000000000, "SolveResult": 402, "FirstLowerBound": 2.36788, "VisitedNodes": 224127}