{"OBBTTime": 1.73221, "rootBTTime": 1.76386, "TotalTime": 3600.02, "LinearTime": 1848.49, "LowerBound": 375.549, "UpperBound": 513.001, "SolveResult": 402, "FirstLowerBound": 337.735, "VisitedNodes": 284481}