{"OBBTTime": 3.15575, "rootBTTime": 3.18031, "TotalTime": 3600.01, "LinearTime": 1877.67, "LowerBound": 90.8959, "UpperBound": 179769000000000000000000000000000000000000000000000000000000000000000000000000000000000000000000000000000000000000000000000000000000000000000000000000000000000000000000000000000000000000000000000000000000000000000000000000000000000000000000000000000000000000000000000000000000000000000000000000000000000000000, "SolveResult": 402, "FirstLowerBound": 66.1983, "VisitedNodes": 225067}