{"OBBTTime": 3.15434, "rootBTTime": 3.19634, "TotalTime": 3599.7, "LinearTime": 1675.28, "LowerBound": 1112.98, "UpperBound": 1358.66, "SolveResult": 402, "FirstLowerBound": 964.444, "VisitedNodes": 199805}