{"OBBTTime": 1.50154, "rootBTTime": 1.57407, "TotalTime": 3600.03, "LinearTime": 2129.99, "LowerBound": 312.283, "UpperBound": 312.922, "SolveResult": 402, "FirstLowerBound": 304.146, "VisitedNodes": 137429}