{"OBBTTime": 1.40668, "rootBTTime": 1.46857, "TotalTime": 259.626, "LinearTime": 117.182, "LowerBound": 511.015, "UpperBound": 511.527, "SolveResult": 0, "FirstLowerBound": 500.461, "VisitedNodes": 11207}