{"OBBTTime": 0.753683, "rootBTTime": 0.808007, "TotalTime": 3599.28, "LinearTime": 1760.03, "LowerBound": 5.8815, "UpperBound": 11.9945, "SolveResult": 402, "FirstLowerBound": 5, "VisitedNodes": 111435}