{"OBBTTime": 0.852974, "rootBTTime": 0.877614, "TotalTime": 3599.78, "LinearTime": 1274.95, "LowerBound": 542.325, "UpperBound": 586.68, "SolveResult": 402, "FirstLowerBound": 233.547, "VisitedNodes": 321887}