{"OBBTTime": 2.07288, "rootBTTime": 2.11202, "TotalTime": 3600.01, "LinearTime": 2331.93, "LowerBound": 394.552, "UpperBound": 403.196, "SolveResult": 402, "FirstLowerBound": 375.079, "VisitedNodes": 181127}