{"OBBTTime": 7.15263, "rootBTTime": 7.18853, "TotalTime": 3600.02, "LinearTime": 1826.37, "LowerBound": -692.912, "UpperBound": -689.161, "SolveResult": 402, "FirstLowerBound": -799.275, "VisitedNodes": 102147}