{"OBBTTime": 0.0392907, "rootBTTime": 0.0408447, "TotalTime": 0.253796, "LinearTime": 0.0505026, "LowerBound": -1.76665, "UpperBound": -1.765, "SolveResult": 0, "FirstLowerBound": -1.9163, "VisitedNodes": 65}