{"OBBTTime": 0.280508, "rootBTTime": 6.46171, "TotalTime": 3600.01, "LinearTime": 1908.38, "LowerBound": -8084520.0, "UpperBound": 179769000000000000000000000000000000000000000000000000000000000000000000000000000000000000000000000000000000000000000000000000000000000000000000000000000000000000000000000000000000000000000000000000000000000000000000000000000000000000000000000000000000000000000000000000000000000000000000000000000000000000000, "SolveResult": 402, "FirstLowerBound": -15598300.0, "VisitedNodes": 1571}