{"OBBTTime": 0.344642, "rootBTTime": 0.345728, "TotalTime": 0.582557, "LinearTime": 0.000769001, "LowerBound": 88.4854, "UpperBound": 88.4854, "SolveResult": 0, "FirstLowerBound": 88.4854, "VisitedNodes": 1}