{"OBBTTime": 0.0606431, "rootBTTime": 0.0623644, "TotalTime": 0.16869, "LinearTime": 0.00269638, "LowerBound": 175.407, "UpperBound": 175.407, "SolveResult": 0, "FirstLowerBound": 175.407, "VisitedNodes": 3}