{"OBBTTime": 0.254268, "rootBTTime": 0.257823, "TotalTime": 40.2351, "LinearTime": 27.7962, "LowerBound": 387.12, "UpperBound": 387.507, "SolveResult": 0, "FirstLowerBound": 337.052, "VisitedNodes": 9041}