{"OBBTTime": 0.0758318, "rootBTTime": 0.0775935, "TotalTime": 0.213904, "LinearTime": 0.00129319, "LowerBound": 144.022, "UpperBound": 144.022, "SolveResult": 0, "FirstLowerBound": 144.022, "VisitedNodes": 1}