{"OBBTTime": 0.0677293, "rootBTTime": 0.0695142, "TotalTime": 0.104844, "LinearTime": 0.00292021, "LowerBound": 122.057, "UpperBound": 122.111, "SolveResult": 0, "FirstLowerBound": 122.029, "VisitedNodes": 3}