{"OBBTTime": 0.18067, "rootBTTime": 0.183284, "TotalTime": 0.299613, "LinearTime": 0.0266073, "LowerBound": 250.596, "UpperBound": 250.841, "SolveResult": 0, "FirstLowerBound": 249.848, "VisitedNodes": 11}