{"OBBTTime": 0.129755, "rootBTTime": 0.132037, "TotalTime": 0.537875, "LinearTime": 0.108754, "LowerBound": 96.5596, "UpperBound": 96.6548, "SolveResult": 0, "FirstLowerBound": 94.0535, "VisitedNodes": 87}