{"OBBTTime": 0.334215, "rootBTTime": 0.336457, "TotalTime": 0.789916, "LinearTime": 0.0376619, "LowerBound": 389.789, "UpperBound": 390.178, "SolveResult": 0, "FirstLowerBound": 386.275, "VisitedNodes": 27}