{"OBBTTime": 1.12918, "rootBTTime": 1.14006, "TotalTime": 1409.45, "LinearTime": 1131.92, "LowerBound": 1385.18, "UpperBound": 1386.56, "SolveResult": 0, "FirstLowerBound": 1045.18, "VisitedNodes": 63107}