{"OBBTTime": 0.0806798, "rootBTTime": 0.083013, "TotalTime": 0.258782, "LinearTime": 0.0079637, "LowerBound": 148.526, "UpperBound": 148.636, "SolveResult": 0, "FirstLowerBound": 147.964, "VisitedNodes": 9}