{"OBBTTime": 0.180927, "rootBTTime": 0.182387, "TotalTime": 0.338567, "LinearTime": 0.009599, "LowerBound": 175.163, "UpperBound": 175.257, "SolveResult": 0, "FirstLowerBound": 174.618, "VisitedNodes": 13}