{"OBBTTime": 0.359159, "rootBTTime": 0.360553, "TotalTime": 0.514161, "LinearTime": 0.0011586, "LowerBound": 121.834, "UpperBound": 121.834, "SolveResult": 0, "FirstLowerBound": 121.834, "VisitedNodes": 1}