{"OBBTTime": 0.0992696, "rootBTTime": 0.101161, "TotalTime": 0.168887, "LinearTime": 0.00955615, "LowerBound": 184.939, "UpperBound": 185.07, "SolveResult": 0, "FirstLowerBound": 183.779, "VisitedNodes": 7}