{"OBBTTime": 0.362558, "rootBTTime": 0.365413, "TotalTime": 217.29, "LinearTime": 150.009, "LowerBound": 503.974, "UpperBound": 504.479, "SolveResult": 0, "FirstLowerBound": 409.819, "VisitedNodes": 58089}