{"OBBTTime": 0.087143, "rootBTTime": 0.0895127, "TotalTime": 0.475512, "LinearTime": 0.143684, "LowerBound": 135.935, "UpperBound": 136.07, "SolveResult": 0, "FirstLowerBound": 130.396, "VisitedNodes": 155}