{"OBBTTime": 1.22911, "rootBTTime": 1.24034, "TotalTime": 3600, "LinearTime": 2961.15, "LowerBound": 2065.87, "UpperBound": 2086.45, "SolveResult": 402, "FirstLowerBound": 1610.07, "VisitedNodes": 147251}