{"OBBTTime": 3.15415, "rootBTTime": 3.17544, "TotalTime": 3600.04, "LinearTime": 3057.29, "LowerBound": 2775.72, "UpperBound": 2965.35, "SolveResult": 402, "FirstLowerBound": 1822.88, "VisitedNodes": 54511}