{"OBBTTime": 0.0454498, "rootBTTime": 0.046587, "TotalTime": 0.0866618, "LinearTime": 0.00105639, "LowerBound": 92.4734, "UpperBound": 92.4734, "SolveResult": 0, "FirstLowerBound": 92.4734, "VisitedNodes": 1}