{"OBBTTime": 0.203001, "rootBTTime": 0.204815, "TotalTime": 0.37645, "LinearTime": 0.0031803, "LowerBound": 136.858, "UpperBound": 136.955, "SolveResult": 0, "FirstLowerBound": 136.691, "VisitedNodes": 3}