{"OBBTTime": 3.22851, "rootBTTime": 3.25008, "TotalTime": 830.557, "LinearTime": 689.498, "LowerBound": 3109.53, "UpperBound": 3112.64, "SolveResult": 0, "FirstLowerBound": 2397.75, "VisitedNodes": 13365}