{"OBBTTime": 0.625507, "rootBTTime": 0.627711, "TotalTime": 0.937352, "LinearTime": 0.0430339, "LowerBound": 201.095, "UpperBound": 201.287, "SolveResult": 0, "FirstLowerBound": 193.821, "VisitedNodes": 23}