{"OBBTTime": 0.0855645, "rootBTTime": 0.0871517, "TotalTime": 0.15932, "LinearTime": 0.00766338, "LowerBound": 139.161, "UpperBound": 139.299, "SolveResult": 0, "FirstLowerBound": 138.728, "VisitedNodes": 7}