{"OBBTTime": 0.186147, "rootBTTime": 0.189059, "TotalTime": 10.1569, "LinearTime": 6.73429, "LowerBound": 327.801, "UpperBound": 328.129, "SolveResult": 0, "FirstLowerBound": 293.226, "VisitedNodes": 2803}