{"OBBTTime": 3.15369, "rootBTTime": 3.17616, "TotalTime": 3600.01, "LinearTime": 3047.44, "LowerBound": 3721.14, "UpperBound": 3854.19, "SolveResult": 402, "FirstLowerBound": 2667.84, "VisitedNodes": 54333}