{"OBBTTime": 2.43195, "rootBTTime": 2.45302, "TotalTime": 3600.08, "LinearTime": 2986.72, "LowerBound": 3196.97, "UpperBound": 3309.87, "SolveResult": 402, "FirstLowerBound": 2416.01, "VisitedNodes": 62543}