{"OBBTTime": 0.542684, "rootBTTime": 0.544709, "TotalTime": 3.13719, "LinearTime": 1.98783, "LowerBound": 233.784, "UpperBound": 233.986, "SolveResult": 0, "FirstLowerBound": 102.364, "VisitedNodes": 257}