{"OBBTTime": 0.832851, "rootBTTime": 0.835917, "TotalTime": 82.7003, "LinearTime": 73.2118, "LowerBound": 1048.14, "UpperBound": 1049.19, "SolveResult": 0, "FirstLowerBound": 766.269, "VisitedNodes": 2999}