{"OBBTTime": 5.73843, "rootBTTime": 5.78646, "TotalTime": 3600.06, "LinearTime": 2488.2, "LowerBound": 11271.1, "UpperBound": 11287.6, "SolveResult": 402, "FirstLowerBound": 9052.54, "VisitedNodes": 9895}