{"OBBTTime": 8.42135, "rootBTTime": 8.44024, "TotalTime": 3600.12, "LinearTime": 3338.56, "LowerBound": 5375.69, "UpperBound": 5407, "SolveResult": 402, "FirstLowerBound": 4652.03, "VisitedNodes": 11169}