{"OBBTTime": 0.202961, "rootBTTime": 0.203753, "TotalTime": 0.356124, "LinearTime": 0.00348651, "LowerBound": 138.006, "UpperBound": 138.006, "SolveResult": 0, "FirstLowerBound": 138.004, "VisitedNodes": 3}