{"OBBTTime": 0.379865, "rootBTTime": 0.381749, "TotalTime": 3.14354, "LinearTime": 2.10809, "LowerBound": 338.88, "UpperBound": 339.175, "SolveResult": 0, "FirstLowerBound": 250.219, "VisitedNodes": 293}