{"OBBTTime": 0.0506976, "rootBTTime": 0.0515051, "TotalTime": 0.0852786, "LinearTime": 0.00516948, "LowerBound": 103.587, "UpperBound": 103.676, "SolveResult": 0, "FirstLowerBound": 103.482, "VisitedNodes": 3}