{"OBBTTime": 0.934157, "rootBTTime": 0.937303, "TotalTime": 161.782, "LinearTime": 136.966, "LowerBound": 1173.88, "UpperBound": 1175.06, "SolveResult": 0, "FirstLowerBound": 835.095, "VisitedNodes": 6033}