{"OBBTTime": 0.649281, "rootBTTime": 0.651034, "TotalTime": 1.29629, "LinearTime": 0.355081, "LowerBound": 321.715, "UpperBound": 321.997, "SolveResult": 0, "FirstLowerBound": 299.047, "VisitedNodes": 55}