{"OBBTTime": 0.879342, "rootBTTime": 0.882268, "TotalTime": 16.849, "LinearTime": 14.0919, "LowerBound": 1024.81, "UpperBound": 1025.84, "SolveResult": 0, "FirstLowerBound": 913.471, "VisitedNodes": 633}