{"OBBTTime": 0.0604463, "rootBTTime": 0.0615001, "TotalTime": 0.485567, "LinearTime": 0.234393, "LowerBound": 105.597, "UpperBound": 105.7, "SolveResult": 0, "FirstLowerBound": 72.326, "VisitedNodes": 141}