{"OBBTTime": 0.223233, "rootBTTime": 0.22429, "TotalTime": 1.71968, "LinearTime": 0.971105, "LowerBound": 234.523, "UpperBound": 234.752, "SolveResult": 0, "FirstLowerBound": 215.627, "VisitedNodes": 655}