{"OBBTTime": 0.753819, "rootBTTime": 0.756777, "TotalTime": 194.975, "LinearTime": 163.511, "LowerBound": 1262.54, "UpperBound": 1263.8, "SolveResult": 0, "FirstLowerBound": 954.841, "VisitedNodes": 7867}