{"OBBTTime": 0.0444332, "rootBTTime": 0.0455339, "TotalTime": 0.175968, "LinearTime": 0.0318476, "LowerBound": 128.365, "UpperBound": 128.479, "SolveResult": 0, "FirstLowerBound": 125.536, "VisitedNodes": 31}