{"OBBTTime": 0.117375, "rootBTTime": 0.118578, "TotalTime": 8.83036, "LinearTime": 6.23421, "LowerBound": 304.726, "UpperBound": 305.031, "SolveResult": 0, "FirstLowerBound": 228.352, "VisitedNodes": 3577}