{"OBBTTime": 0.176526, "rootBTTime": 0.177222, "TotalTime": 0.296477, "LinearTime": 0.00119028, "LowerBound": 40.8849, "UpperBound": 40.8849, "SolveResult": 0, "FirstLowerBound": 40.8849, "VisitedNodes": 1}