{"OBBTTime": 5.75423, "rootBTTime": 5.79868, "TotalTime": 2675.22, "LinearTime": 1838.32, "LowerBound": 11545.6, "UpperBound": 11557.2, "SolveResult": 0, "FirstLowerBound": 9060.48, "VisitedNodes": 6983}