{"OBBTTime": 0.223983, "rootBTTime": 0.224921, "TotalTime": 0.396509, "LinearTime": 0.00501805, "LowerBound": -2.50177, "UpperBound": -2.50177, "SolveResult": 0, "FirstLowerBound": -2.83544, "VisitedNodes": 5}