{"OBBTTime": 0.304341, "rootBTTime": 0.306268, "TotalTime": 17.449, "LinearTime": 13.7161, "LowerBound": 656.083, "UpperBound": 656.734, "SolveResult": 0, "FirstLowerBound": 487.176, "VisitedNodes": 1839}