{"OBBTTime": 0.526495, "rootBTTime": 0.528613, "TotalTime": 105.979, "LinearTime": 88.7444, "LowerBound": 706.475, "UpperBound": 707.183, "SolveResult": 0, "FirstLowerBound": 530.887, "VisitedNodes": 10203}