{"OBBTTime": 9.12258, "rootBTTime": 9.14127, "TotalTime": 3600.23, "LinearTime": 3263.82, "LowerBound": 6123.07, "UpperBound": 6136.55, "SolveResult": 402, "FirstLowerBound": 5004.2, "VisitedNodes": 12493}