{"OBBTTime": 0.175935, "rootBTTime": 0.17688, "TotalTime": 37.8493, "LinearTime": 28.379, "LowerBound": 11.5017, "UpperBound": 11.5132, "SolveResult": 0, "FirstLowerBound": -6.98305, "VisitedNodes": 15101}