{"OBBTTime": 0.0459971, "rootBTTime": 0.0468793, "TotalTime": 0.415297, "LinearTime": 0.178418, "LowerBound": 35.3904, "UpperBound": 35.4199, "SolveResult": 0, "FirstLowerBound": 27.672, "VisitedNodes": 179}