{"OBBTTime": 0.742765, "rootBTTime": 0.746077, "TotalTime": 169.56, "LinearTime": 148.133, "LowerBound": 1176.69, "UpperBound": 1177.87, "SolveResult": 0, "FirstLowerBound": 654.853, "VisitedNodes": 7213}