{"OBBTTime": 0.313817, "rootBTTime": 0.314726, "TotalTime": 23.8519, "LinearTime": 18.7544, "LowerBound": 70.2288, "UpperBound": 70.2981, "SolveResult": 0, "FirstLowerBound": -105.834, "VisitedNodes": 2363}