{"OBBTTime": 1.90595, "rootBTTime": 1.90853, "TotalTime": 263.121, "LinearTime": 233.401, "LowerBound": 1213.86, "UpperBound": 1215.08, "SolveResult": 0, "FirstLowerBound": 577.545, "VisitedNodes": 3165}