{"OBBTTime": 8.27988, "rootBTTime": 8.31348, "TotalTime": 2588.34, "LinearTime": 1075.44, "LowerBound": 15472.3, "UpperBound": 15487.8, "SolveResult": 0, "FirstLowerBound": 12367.7, "VisitedNodes": 2335}