{"OBBTTime": 0.259336, "rootBTTime": 0.260155, "TotalTime": 0.969289, "LinearTime": 0.372623, "LowerBound": 201.859, "UpperBound": 202.056, "SolveResult": 0, "FirstLowerBound": 179.143, "VisitedNodes": 149}