{"OBBTTime": 0.0942927, "rootBTTime": 0.0949779, "TotalTime": 0.187478, "LinearTime": 0.0297201, "LowerBound": -30.2893, "UpperBound": -30.2893, "SolveResult": 0, "FirstLowerBound": -32.2531, "VisitedNodes": 7}