{"OBBTTime": 0.321322, "rootBTTime": 0.322467, "TotalTime": 0.930423, "LinearTime": 0.167928, "LowerBound": -286.877, "UpperBound": -286.72, "SolveResult": 0, "FirstLowerBound": -312.965, "VisitedNodes": 57}