{"OBBTTime": 0.232992, "rootBTTime": 0.234162, "TotalTime": 0.409666, "LinearTime": 0.021423, "LowerBound": 25.0681, "UpperBound": 25.0912, "SolveResult": 0, "FirstLowerBound": 25.0057, "VisitedNodes": 7}