{"OBBTTime": 0.300915, "rootBTTime": 0.301942, "TotalTime": 22.3805, "LinearTime": 12.1815, "LowerBound": 88.8782, "UpperBound": 88.9636, "SolveResult": 0, "FirstLowerBound": -67.39, "VisitedNodes": 1347}