{"OBBTTime": 0.168255, "rootBTTime": 0.169109, "TotalTime": 15.291, "LinearTime": 12.1269, "LowerBound": 179.113, "UpperBound": 179.291, "SolveResult": 0, "FirstLowerBound": 15.4225, "VisitedNodes": 1681}