{"OBBTTime": 0.450496, "rootBTTime": 0.451401, "TotalTime": 2.21705, "LinearTime": 1.31518, "LowerBound": 73.114, "UpperBound": 73.1801, "SolveResult": 0, "FirstLowerBound": 26.5907, "VisitedNodes": 177}