{"OBBTTime": 8.84085, "rootBTTime": 8.87343, "TotalTime": 3600.11, "LinearTime": 1906.19, "LowerBound": 12923.1, "UpperBound": 12944.4, "SolveResult": 402, "FirstLowerBound": 10495.8, "VisitedNodes": 4723}