{"OBBTTime": 0.222716, "rootBTTime": 0.223547, "TotalTime": 0.821426, "LinearTime": 0.34639, "LowerBound": 83.5186, "UpperBound": 83.6011, "SolveResult": 0, "FirstLowerBound": 75.4423, "VisitedNodes": 45}