{"OBBTTime": 0.155406, "rootBTTime": 0.156109, "TotalTime": 0.914425, "LinearTime": 0.375727, "LowerBound": 85.1847, "UpperBound": 85.2595, "SolveResult": 0, "FirstLowerBound": 67.0544, "VisitedNodes": 183}