{"OBBTTime": 1.93509, "rootBTTime": 1.93758, "TotalTime": 208.621, "LinearTime": 179.813, "LowerBound": 953.648, "UpperBound": 954.594, "SolveResult": 0, "FirstLowerBound": 374.398, "VisitedNodes": 2207}