{"OBBTTime": 5.67776, "rootBTTime": 5.68341, "TotalTime": 718.901, "LinearTime": 652.469, "LowerBound": 3272.45, "UpperBound": 3275.72, "SolveResult": 0, "FirstLowerBound": 2485.53, "VisitedNodes": 2701}