{"OBBTTime": 0.101476, "rootBTTime": 0.102383, "TotalTime": 2.30301, "LinearTime": 1.60429, "LowerBound": 90.9558, "UpperBound": 91.0453, "SolveResult": 0, "FirstLowerBound": 55.9054, "VisitedNodes": 261}