{"OBBTTime": 0.200277, "rootBTTime": 0.202246, "TotalTime": 1.4596, "LinearTime": 0.854113, "LowerBound": 141.148, "UpperBound": 141.287, "SolveResult": 0, "FirstLowerBound": 105.957, "VisitedNodes": 129}