{"OBBTTime": 0.199658, "rootBTTime": 0.203107, "TotalTime": 1.66531, "LinearTime": 1.05704, "LowerBound": 283.618, "UpperBound": 283.659, "SolveResult": 0, "FirstLowerBound": 188.512, "VisitedNodes": 77}