{"OBBTTime": 0.249426, "rootBTTime": 0.250216, "TotalTime": 0.644825, "LinearTime": 0.15371, "LowerBound": 190.372, "UpperBound": 190.554, "SolveResult": 0, "FirstLowerBound": 168.171, "VisitedNodes": 45}