{"OBBTTime": 0.177606, "rootBTTime": 0.178211, "TotalTime": 1.20809, "LinearTime": 0.772154, "LowerBound": 216.949, "UpperBound": 217.109, "SolveResult": 0, "FirstLowerBound": 148.701, "VisitedNodes": 61}