{"OBBTTime": 0.406533, "rootBTTime": 0.406968, "TotalTime": 1.01682, "LinearTime": 0.220865, "LowerBound": 64.3374, "UpperBound": 64.4017, "SolveResult": 0, "FirstLowerBound": 58.9802, "VisitedNodes": 67}