{"OBBTTime": 0.0564846, "rootBTTime": 0.0568228, "TotalTime": 0.410297, "LinearTime": 0.188086, "LowerBound": 23.7663, "UpperBound": 23.77, "SolveResult": 0, "FirstLowerBound": 9.59385, "VisitedNodes": 41}