{"OBBTTime": 0.120394, "rootBTTime": 0.123909, "TotalTime": 0.757507, "LinearTime": 0.295826, "LowerBound": 253.099, "UpperBound": 253.099, "SolveResult": 0, "FirstLowerBound": 191.264, "VisitedNodes": 31}