{"OBBTTime": 0.0351945, "rootBTTime": 0.0355705, "TotalTime": 0.359227, "LinearTime": 0.165416, "LowerBound": 51.1113, "UpperBound": 51.1608, "SolveResult": 0, "FirstLowerBound": 37.7817, "VisitedNodes": 73}