{"OBBTTime": 0.193563, "rootBTTime": 0.197086, "TotalTime": 0.473022, "LinearTime": 0.0729736, "LowerBound": 269.408, "UpperBound": 269.623, "SolveResult": 0, "FirstLowerBound": 235.682, "VisitedNodes": 7}