{"OBBTTime": 0.0420545, "rootBTTime": 0.042399, "TotalTime": 0.412159, "LinearTime": 0.194827, "LowerBound": 220.727, "UpperBound": 220.819, "SolveResult": 0, "FirstLowerBound": 164.048, "VisitedNodes": 61}