{"OBBTTime": 0.110135, "rootBTTime": 0.115794, "TotalTime": 0.382822, "LinearTime": 0.143018, "LowerBound": -181.628, "UpperBound": -181.47, "SolveResult": 0, "FirstLowerBound": -185.949, "VisitedNodes": 15}