{"OBBTTime": 0.204927, "rootBTTime": 0.20549, "TotalTime": 0.383862, "LinearTime": 0.00885097, "LowerBound": 144.536, "UpperBound": 144.557, "SolveResult": 0, "FirstLowerBound": 141.743, "VisitedNodes": 3}