{"OBBTTime": 0.0464789, "rootBTTime": 0.0468248, "TotalTime": 0.49608, "LinearTime": 0.257617, "LowerBound": 116.097, "UpperBound": 116.201, "SolveResult": 0, "FirstLowerBound": 89.6231, "VisitedNodes": 75}