{"OBBTTime": 0.0462135, "rootBTTime": 0.0490002, "TotalTime": 0.434557, "LinearTime": 0.133912, "LowerBound": 231.448, "UpperBound": 231.604, "SolveResult": 0, "FirstLowerBound": 187.462, "VisitedNodes": 39}