{"OBBTTime": 0.0992136, "rootBTTime": 0.0996142, "TotalTime": 2.19563, "LinearTime": 1.21075, "LowerBound": 89.0555, "UpperBound": 89.0765, "SolveResult": 0, "FirstLowerBound": -233.755, "VisitedNodes": 135}