{"OBBTTime": 0.270787, "rootBTTime": 0.289572, "TotalTime": 1.7094, "LinearTime": 0.957128, "LowerBound": 446.947, "UpperBound": 447.336, "SolveResult": 0, "FirstLowerBound": 310.696, "VisitedNodes": 27}