{"OBBTTime": 0.322812, "rootBTTime": 0.349408, "TotalTime": 0.69311, "LinearTime": 0.194577, "LowerBound": 709.406, "UpperBound": 754.303, "SolveResult": 100, "FirstLowerBound": 709.406, "VisitedNodes": 3}