{"OBBTTime": 0.0712351, "rootBTTime": 0.0822875, "TotalTime": 0.251281, "LinearTime": 0.00931354, "LowerBound": -52.1617, "UpperBound": -52.1463, "SolveResult": 0, "FirstLowerBound": -52.1617, "VisitedNodes": 3}