{"OBBTTime": 0.079899, "rootBTTime": 0.0880371, "TotalTime": 4.21307, "LinearTime": 0.892924, "LowerBound": 727.653, "UpperBound": 728.332, "SolveResult": 0, "FirstLowerBound": 720.033, "VisitedNodes": 285}