{"OBBTTime": 0.0891498, "rootBTTime": 0.0911418, "TotalTime": 0.82964, "LinearTime": 0.307351, "LowerBound": 57.7218, "UpperBound": 57.7218, "SolveResult": 0, "FirstLowerBound": 36.639, "VisitedNodes": 37}