{"OBBTTime": 0.157571, "rootBTTime": 0.158018, "TotalTime": 6.25385, "LinearTime": 4.27909, "LowerBound": 565.252, "UpperBound": 565.762, "SolveResult": 0, "FirstLowerBound": 271.948, "VisitedNodes": 213}