{"OBBTTime": 0.27173, "rootBTTime": 0.276617, "TotalTime": 1.9657, "LinearTime": 0.0682827, "LowerBound": -2485.54, "UpperBound": -2477.2, "SolveResult": 100, "FirstLowerBound": -3478.93, "VisitedNodes": 13}