{"OBBTTime": 0.0114323, "rootBTTime": 0.011982, "TotalTime": 0.0361411, "LinearTime": 0.0012571, "LowerBound": -268.018, "UpperBound": -268.015, "SolveResult": 0, "FirstLowerBound": -268.03, "VisitedNodes": 3}