{"OBBTTime": 0.0380381, "rootBTTime": 0.0389021, "TotalTime": 0.239633, "LinearTime": 0.0568073, "LowerBound": 15638.5, "UpperBound": 15639, "SolveResult": 0, "FirstLowerBound": 14438.5, "VisitedNodes": 113}