{"OBBTTime": 0.0128478, "rootBTTime": 0.0130879, "TotalTime": 0.0417625, "LinearTime": 0.00106538, "LowerBound": -30665.5, "UpperBound": -30665.5, "SolveResult": 0, "FirstLowerBound": -30670.4, "VisitedNodes": 3}