{"OBBTTime": 0.0425728, "rootBTTime": 0.0428227, "TotalTime": 201.446, "LinearTime": 105.408, "LowerBound": 7042.2, "UpperBound": 7049.25, "SolveResult": 0, "FirstLowerBound": 2870.93, "VisitedNodes": 355483}