{"OBBTTime": 0.00471814, "rootBTTime": 0.00477881, "TotalTime": 0.106404, "LinearTime": 0.00553042, "LowerBound": -8.34216e-05, "UpperBound": 2.49631e-06, "SolveResult": 0, "FirstLowerBound": -875, "VisitedNodes": 27}