{"OBBTTime": 0.226327, "rootBTTime": 0.226411, "TotalTime": 0.388981, "LinearTime": 0.00697225, "LowerBound": -7.47505, "UpperBound": -7.47505, "SolveResult": 0, "FirstLowerBound": -322096, "VisitedNodes": 21}