{"OBBTTime": 0.107518, "rootBTTime": 0.107603, "TotalTime": 0.323116, "LinearTime": 0.00753548, "LowerBound": 10.4655, "UpperBound": 10.4655, "SolveResult": 0, "FirstLowerBound": -17385, "VisitedNodes": 23}