{"OBBTTime": 0.280077, "rootBTTime": 0.280158, "TotalTime": 0.478864, "LinearTime": 0.0031235, "LowerBound": -443.711, "UpperBound": -443.652, "SolveResult": 0, "FirstLowerBound": -3001, "VisitedNodes": 13}