{"OBBTTime": 0.253402, "rootBTTime": 0.253477, "TotalTime": 0.482374, "LinearTime": 0.00354001, "LowerBound": -7.49965, "UpperBound": -7.49965, "SolveResult": 0, "FirstLowerBound": -837.5, "VisitedNodes": 17}