{"OBBTTime": 0.0101898, "rootBTTime": 0.0103383, "TotalTime": 0.0427861, "LinearTime": 0.00104377, "LowerBound": -5.50801, "UpperBound": -5.50801, "SolveResult": 0, "FirstLowerBound": -5.70114, "VisitedNodes": 3}