{"OBBTTime": 0.00448053, "rootBTTime": 0.00479118, "TotalTime": 0.0257534, "LinearTime": 0.000986159, "LowerBound": -16.7425, "UpperBound": -16.7389, "SolveResult": 0, "FirstLowerBound": -16.7453, "VisitedNodes": 3}