{"OBBTTime": 0.00748629, "rootBTTime": 0.00767943, "TotalTime": 0.276507, "LinearTime": 0.0899758, "LowerBound": -450.23, "UpperBound": -450, "SolveResult": 0, "FirstLowerBound": -2905.95, "VisitedNodes": 261}