{"OBBTTime": 0.0580182, "rootBTTime": 0.0582574, "TotalTime": 9.90223, "LinearTime": 5.20286, "LowerBound": 7504.72, "UpperBound": 7512.23, "SolveResult": 0, "FirstLowerBound": 3125.89, "VisitedNodes": 18193}