{"OBBTTime": 0.493115, "rootBTTime": 0.494462, "TotalTime": 3599.97, "LinearTime": 2650.73, "LowerBound": 2.33975, "UpperBound": 3.23402, "SolveResult": 402, "FirstLowerBound": 1.63219, "VisitedNodes": 816509}