{"OBBTTime": 0.0680261, "rootBTTime": 0.0685635, "TotalTime": 0.518815, "LinearTime": 0.0789687, "LowerBound": 1.86386, "UpperBound": 1.86417, "SolveResult": 0, "FirstLowerBound": 0.9979, "VisitedNodes": 141}