{"OBBTTime": 0.0143919, "rootBTTime": 0.0146385, "TotalTime": 0.0574446, "LinearTime": 0.00179771, "LowerBound": -400, "UpperBound": -400, "SolveResult": 0, "FirstLowerBound": -578.384, "VisitedNodes": 5}