{"OBBTTime": 0.120488, "rootBTTime": 0.121891, "TotalTime": 3600, "LinearTime": 2474.34, "LowerBound": -6018.87, "UpperBound": -3500, "SolveResult": 402, "FirstLowerBound": -9700, "VisitedNodes": 1283953}