{"OBBTTime": 0.286277, "rootBTTime": 0.288146, "TotalTime": 3600.01, "LinearTime": 3156.73, "LowerBound": -1.36437, "UpperBound": 0.485152, "SolveResult": 402, "FirstLowerBound": -3.33333, "VisitedNodes": 572553}