{"OBBTTime": 0.0621469, "rootBTTime": 0.0632246, "TotalTime": 3600, "LinearTime": 2486.11, "LowerBound": 0.553982, "UpperBound": 0.618573, "SolveResult": 402, "FirstLowerBound": -3.44694, "VisitedNodes": 2825785}