{"OBBTTime": 0.0209089, "rootBTTime": 0.0218401, "TotalTime": 10.2948, "LinearTime": 6.9671, "LowerBound": 0.0283116, "UpperBound": 0.0293108, "SolveResult": 0, "FirstLowerBound": -14081.7, "VisitedNodes": 4659}