{"OBBTTime": 0.0283033, "rootBTTime": 0.0295695, "TotalTime": 3.04297, "LinearTime": 1.84409, "LowerBound": 5.11612, "UpperBound": 5.11612, "SolveResult": 0, "FirstLowerBound": 0, "VisitedNodes": 1991}