{"OBBTTime": 0.0950492, "rootBTTime": 0.0960751, "TotalTime": 23.5558, "LinearTime": 12.6591, "LowerBound": 0.338603, "UpperBound": 0.339602, "SolveResult": 0, "FirstLowerBound": 0, "VisitedNodes": 11143}