{"OBBTTime": 0.0858595, "rootBTTime": 0.0901651, "TotalTime": 3600.01, "LinearTime": 2532.45, "LowerBound": 0.286042, "UpperBound": 2.91461, "SolveResult": 402, "FirstLowerBound": 0, "VisitedNodes": 1122295}