{"OBBTTime": 0.155885, "rootBTTime": 0.156587, "TotalTime": 0.672775, "LinearTime": 0.0850566, "LowerBound": 0.858146, "UpperBound": 0.858407, "SolveResult": 0, "FirstLowerBound": 0, "VisitedNodes": 121}