{"OBBTTime": 0.126593, "rootBTTime": 0.127231, "TotalTime": 0.380855, "LinearTime": 0.0123808, "LowerBound": 0.858407, "UpperBound": 0.858407, "SolveResult": 0, "FirstLowerBound": 0, "VisitedNodes": 21}