{"OBBTTime": 0.129105, "rootBTTime": 0.130572, "TotalTime": 0.395773, "LinearTime": 0.00551814, "LowerBound": 0.199602, "UpperBound": 0.199602, "SolveResult": 0, "FirstLowerBound": 0.199602, "VisitedNodes": 5}