{"OBBTTime": 0.0560389, "rootBTTime": 0.0579714, "TotalTime": 1371.63, "LinearTime": 899.444, "LowerBound": 1.50213, "UpperBound": 1.50213, "SolveResult": 0, "FirstLowerBound": 0, "VisitedNodes": 498237}