{"OBBTTime": 0.158229, "rootBTTime": 0.160101, "TotalTime": 156.697, "LinearTime": 87.8367, "LowerBound": 0.338602, "UpperBound": 0.339602, "SolveResult": 0, "FirstLowerBound": 0, "VisitedNodes": 69051}