{"OBBTTime": 0.0131366, "rootBTTime": 0.0137838, "TotalTime": 0.220035, "LinearTime": 0.0584884, "LowerBound": 0.643303, "UpperBound": 0.643806, "SolveResult": 0, "FirstLowerBound": 0, "VisitedNodes": 121}