{"OBBTTime": 0.0561409, "rootBTTime": 0.0592304, "TotalTime": 665.382, "LinearTime": 430.644, "LowerBound": 2.10961, "UpperBound": 2.11172, "SolveResult": 0, "FirstLowerBound": 0, "VisitedNodes": 238385}