{"OBBTTime": 0.0411105, "rootBTTime": 0.0426445, "TotalTime": 3.05719, "LinearTime": 1.63456, "LowerBound": 1.28761, "UpperBound": 1.28761, "SolveResult": 0, "FirstLowerBound": 0, "VisitedNodes": 1217}