{"OBBTTime": 0.244311, "rootBTTime": 0.248204, "TotalTime": 1095.24, "LinearTime": 720.356, "LowerBound": 14.4811, "UpperBound": 14.4811, "SolveResult": 0, "FirstLowerBound": 0, "VisitedNodes": 370771}