{"OBBTTime": 0.104501, "rootBTTime": 0.107544, "TotalTime": 2804.38, "LinearTime": 1826.77, "LowerBound": 2.53838, "UpperBound": 2.54092, "SolveResult": 0, "FirstLowerBound": 0, "VisitedNodes": 625331}