{"OBBTTime": 0.554518, "rootBTTime": 0.555798, "TotalTime": 28.4448, "LinearTime": 15.5751, "LowerBound": 0.21361, "UpperBound": 0.214602, "SolveResult": 0, "FirstLowerBound": 0, "VisitedNodes": 12501}