{"OBBTTime": 0.108417, "rootBTTime": 0.113675, "TotalTime": 3615.94, "LinearTime": 2475.43, "LowerBound": 13.3492, "UpperBound": 13.3504, "SolveResult": 402, "FirstLowerBound": 0, "VisitedNodes": 1025293}