{"OBBTTime": 0.237391, "rootBTTime": 0.239233, "TotalTime": 0.458409, "LinearTime": 0.00416884, "LowerBound": 0.199602, "UpperBound": 0.199602, "SolveResult": 0, "FirstLowerBound": 0.199602, "VisitedNodes": 3}