{"OBBTTime": 0.0711838, "rootBTTime": 0.0743026, "TotalTime": 351.125, "LinearTime": 230.589, "LowerBound": 1.97349, "UpperBound": 1.97349, "SolveResult": 0, "FirstLowerBound": 0, "VisitedNodes": 126545}