{"OBBTTime": 0.0346154, "rootBTTime": 0.0347129, "TotalTime": 0.258359, "LinearTime": 0.0132159, "LowerBound": -0.0410494, "UpperBound": 0.00190251, "SolveResult": 100, "FirstLowerBound": -7661.68, "VisitedNodes": 19}