{"OBBTTime": 0.00372525, "rootBTTime": 0.003793, "TotalTime": 0.0711143, "LinearTime": 0.00284013, "LowerBound": -4.43712, "UpperBound": -4.43653, "SolveResult": 0, "FirstLowerBound": -11.8862, "VisitedNodes": 11}