{"OBBTTime": 0.004368, "rootBTTime": 0.00443724, "TotalTime": 0.0650823, "LinearTime": 0.00274945, "LowerBound": -0.665012, "UpperBound": -0.665012, "SolveResult": 0, "FirstLowerBound": -27.9708, "VisitedNodes": 9}