{"OBBTTime": 0.00982083, "rootBTTime": 0.00997144, "TotalTime": 0.107296, "LinearTime": 0.0146704, "LowerBound": -2.18279e-08, "UpperBound": 0, "SolveResult": 0, "FirstLowerBound": -198839, "VisitedNodes": 41}