{"OBBTTime": 1.16742, "rootBTTime": 1.18232, "TotalTime": 3600.05, "LinearTime": 3191.89, "LowerBound": 0.13479, "UpperBound": 0.759315, "SolveResult": 402, "FirstLowerBound": 0, "VisitedNodes": 150707}