{"OBBTTime": 0.463947, "rootBTTime": 0.469293, "TotalTime": 1.21089, "LinearTime": 0.174947, "LowerBound": -550.312, "UpperBound": -549.803, "SolveResult": 0, "FirstLowerBound": -569.882, "VisitedNodes": 175}