{"OBBTTime": 0.225754, "rootBTTime": 0.227043, "TotalTime": 0.727977, "LinearTime": 0.0523891, "LowerBound": -4393.95, "UpperBound": -4391.83, "SolveResult": 0, "FirstLowerBound": -6028.78, "VisitedNodes": 51}