{"OBBTTime": 0.305622, "rootBTTime": 0.312986, "TotalTime": 1.19494, "LinearTime": 0.348659, "LowerBound": -877.646, "UpperBound": -877.646, "SolveResult": 0, "FirstLowerBound": -961.694, "VisitedNodes": 143}