{"OBBTTime": 0.191605, "rootBTTime": 0.197756, "TotalTime": 0.354796, "LinearTime": 0.00596982, "LowerBound": -877.851, "UpperBound": -877.646, "SolveResult": 0, "FirstLowerBound": -877.851, "VisitedNodes": 3}