{"OBBTTime": 0.137782, "rootBTTime": 0.143303, "TotalTime": 8.84713, "LinearTime": 0.146832, "LowerBound": -561.312, "UpperBound": -561.045, "SolveResult": 0, "FirstLowerBound": -574.783, "VisitedNodes": 91}