{"OBBTTime": 0.508821, "rootBTTime": 0.514542, "TotalTime": 12.6048, "LinearTime": 1.13946, "LowerBound": -878.294, "UpperBound": -877.646, "SolveResult": 0, "FirstLowerBound": -976.439, "VisitedNodes": 689}