{"OBBTTime": 0.435862, "rootBTTime": 0.438353, "TotalTime": 5.54381, "LinearTime": 0.191727, "LowerBound": -550.288, "UpperBound": -549.803, "SolveResult": 0, "FirstLowerBound": -852.157, "VisitedNodes": 161}