{"OBBTTime": 0.447641, "rootBTTime": 0.457829, "TotalTime": 5.42966, "LinearTime": 0.195469, "LowerBound": -561.567, "UpperBound": -561.045, "SolveResult": 0, "FirstLowerBound": -574.783, "VisitedNodes": 139}