{"OBBTTime": 0.425735, "rootBTTime": 0.432556, "TotalTime": 2.9703, "LinearTime": 0.612261, "LowerBound": -561.596, "UpperBound": -561.045, "SolveResult": 0, "FirstLowerBound": -574.783, "VisitedNodes": 303}