{"OBBTTime": 0.796017, "rootBTTime": 0.797328, "TotalTime": 1.20127, "LinearTime": 0.0270208, "LowerBound": -4395.13, "UpperBound": -4391.83, "SolveResult": 0, "FirstLowerBound": -5528.25, "VisitedNodes": 27}