{"OBBTTime": 0.149683, "rootBTTime": 0.155815, "TotalTime": 7.88225, "LinearTime": 0.355496, "LowerBound": -550.268, "UpperBound": -549.803, "SolveResult": 0, "FirstLowerBound": -574.783, "VisitedNodes": 245}