{"OBBTTime": 0.137874, "rootBTTime": 0.139434, "TotalTime": 0.886488, "LinearTime": 0.0293548, "LowerBound": -4395.13, "UpperBound": -4391.83, "SolveResult": 0, "FirstLowerBound": -5528.25, "VisitedNodes": 21}