{"OBBTTime": 0.064728, "rootBTTime": 0.0669173, "TotalTime": 2.63415, "LinearTime": 0.205754, "LowerBound": -550.353, "UpperBound": -549.803, "SolveResult": 0, "FirstLowerBound": -837.688, "VisitedNodes": 213}