{"OBBTTime": 0.112577, "rootBTTime": 0.115429, "TotalTime": 4.10777, "LinearTime": 0.41292, "LowerBound": -550.347, "UpperBound": -549.803, "SolveResult": 0, "FirstLowerBound": -837.687, "VisitedNodes": 275}