{"OBBTTime": 0.00968979, "rootBTTime": 0.00995688, "TotalTime": 0.0826909, "LinearTime": 0.00376767, "LowerBound": -600, "UpperBound": -600, "SolveResult": 0, "FirstLowerBound": -1000, "VisitedNodes": 9}