{"OBBTTime": 0.020616, "rootBTTime": 0.020722, "TotalTime": 1.43903, "LinearTime": 0.521366, "LowerBound": -8.94569e-05, "UpperBound": -8.94569e-05, "SolveResult": 0, "FirstLowerBound": -100, "VisitedNodes": 1771}