{"OBBTTime": 0.0044048, "rootBTTime": 0.00467673, "TotalTime": 0.0262452, "LinearTime": 0.000369926, "LowerBound": 1.17712, "UpperBound": 1.17712, "SolveResult": 0, "FirstLowerBound": 1.17712, "VisitedNodes": 1}