{"OBBTTime": 0.0379542, "rootBTTime": 0.0380534, "TotalTime": 2.13813, "LinearTime": 0.748377, "LowerBound": -0.000829655, "UpperBound": 2.32831e-10, "SolveResult": 0, "FirstLowerBound": -353621, "VisitedNodes": 3025}