{"OBBTTime": 0.0128324, "rootBTTime": 0.0129987, "TotalTime": 0.0752154, "LinearTime": 0.00126135, "LowerBound": -70262.1, "UpperBound": -70262.1, "SolveResult": 0, "FirstLowerBound": -72700.1, "VisitedNodes": 5}