{"OBBTTime": 0.265434, "rootBTTime": 0.266609, "TotalTime": 0.29585, "LinearTime": 0.000634017, "LowerBound": -42.9626, "UpperBound": -42.9626, "SolveResult": 0, "FirstLowerBound": -42.9626, "VisitedNodes": 1}