{"OBBTTime": 0.0115903, "rootBTTime": 0.0120221, "TotalTime": 0.0419151, "LinearTime": 0.000649833, "LowerBound": -45.3797, "UpperBound": -45.3797, "SolveResult": 0, "FirstLowerBound": -45.3797, "VisitedNodes": 1}