{"OBBTTime": 0.00555727, "rootBTTime": 0.00568544, "TotalTime": 0.0313638, "LinearTime": 0.000214043, "LowerBound": -86768.6, "UpperBound": -86768.6, "SolveResult": 0, "FirstLowerBound": -86768.6, "VisitedNodes": 1}