{"OBBTTime": 0.0102515, "rootBTTime": 0.0103417, "TotalTime": 0.212386, "LinearTime": 0.0234423, "LowerBound": -12.501, "UpperBound": -12.4999, "SolveResult": 0, "FirstLowerBound": -18, "VisitedNodes": 117}