{"OBBTTime": 0.00680002, "rootBTTime": 0.00694332, "TotalTime": 0.226821, "LinearTime": 0.0585487, "LowerBound": 7042.21, "UpperBound": 7049.25, "SolveResult": 0, "FirstLowerBound": 5383.17, "VisitedNodes": 271}