{"OBBTTime": 0.00989097, "rootBTTime": 0.0099891, "TotalTime": 0.0869056, "LinearTime": 0.00698582, "LowerBound": -118.786, "UpperBound": -118.705, "SolveResult": 0, "FirstLowerBound": -3053.59, "VisitedNodes": 27}