{"OBBTTime": 0.00989412, "rootBTTime": 0.0100388, "TotalTime": 0.0580819, "LinearTime": 0.00170259, "LowerBound": -2.82843, "UpperBound": -2.82843, "SolveResult": 0, "FirstLowerBound": -2.89599, "VisitedNodes": 7}