{"OBBTTime": 0.00435993, "rootBTTime": 0.00446612, "TotalTime": 0.0232966, "LinearTime": 0.000175229, "LowerBound": -6.66667, "UpperBound": -6.66667, "SolveResult": 0, "FirstLowerBound": -6.66667, "VisitedNodes": 1}