{"OBBTTime": 0.00972806, "rootBTTime": 0.00986173, "TotalTime": 0.0628058, "LinearTime": 0.00238562, "LowerBound": -85, "UpperBound": -85, "SolveResult": 0, "FirstLowerBound": -96.0669, "VisitedNodes": 9}