{"OBBTTime": 0.0205255, "rootBTTime": 0.0216964, "TotalTime": 0.389123, "LinearTime": 0.123836, "LowerBound": -1162.49, "UpperBound": -1161.34, "SolveResult": 0, "FirstLowerBound": -1510.13, "VisitedNodes": 245}