{"OBBTTime": 0.00876409, "rootBTTime": 0.00884091, "TotalTime": 0.0678402, "LinearTime": 0.00207898, "LowerBound": -0.500553, "UpperBound": -0.5, "SolveResult": 0, "FirstLowerBound": -0.540159, "VisitedNodes": 11}