{"OBBTTime": 0.389349, "rootBTTime": 0.389614, "TotalTime": 0.533947, "LinearTime": 0.000222228, "LowerBound": -185.779, "UpperBound": -185.779, "SolveResult": 0, "FirstLowerBound": -185.779, "VisitedNodes": 1}