{"OBBTTime": 0.00950132, "rootBTTime": 0.00964235, "TotalTime": 0.0605116, "LinearTime": 0.00167951, "LowerBound": 0.741782, "UpperBound": 0.741782, "SolveResult": 0, "FirstLowerBound": 0.531737, "VisitedNodes": 7}