{"OBBTTime": 0.00952621, "rootBTTime": 0.0100102, "TotalTime": 0.0363472, "LinearTime": 0.000238916, "LowerBound": 2.99995, "UpperBound": 3, "SolveResult": 0, "FirstLowerBound": 2.99995, "VisitedNodes": 1}