{"OBBTTime": 0.0122042, "rootBTTime": 0.0125186, "TotalTime": 0.0563409, "LinearTime": 0.00024797, "LowerBound": 0.0156195, "UpperBound": 0.0156195, "SolveResult": 0, "FirstLowerBound": 0.0156195, "VisitedNodes": 1}