{"OBBTTime": 0.0106972, "rootBTTime": 0.0110596, "TotalTime": 0.159369, "LinearTime": 0.000255491, "LowerBound": 201.159, "UpperBound": 201.159, "SolveResult": 0, "FirstLowerBound": 201.159, "VisitedNodes": 1}