{"OBBTTime": 0.00967863, "rootBTTime": 0.00984168, "TotalTime": 0.0787367, "LinearTime": 0.0035368, "LowerBound": -1.08366, "UpperBound": -1.08333, "SolveResult": 0, "FirstLowerBound": -1.26132, "VisitedNodes": 17}