{"OBBTTime": 0.0236859, "rootBTTime": 0.0240886, "TotalTime": 0.227104, "LinearTime": 0.0259719, "LowerBound": -1.58208, "UpperBound": -1.58114, "SolveResult": 0, "FirstLowerBound": -3, "VisitedNodes": 53}