{"OBBTTime": 0.0257859, "rootBTTime": 0.0265977, "TotalTime": 0.315983, "LinearTime": 0.0366917, "LowerBound": -1195.3, "UpperBound": -1195.23, "SolveResult": 0, "FirstLowerBound": -2937.72, "VisitedNodes": 33}