{"OBBTTime": 0.230273, "rootBTTime": 0.231075, "TotalTime": 0.520283, "LinearTime": 0.0303579, "LowerBound": -621.534, "UpperBound": -621.488, "SolveResult": 0, "FirstLowerBound": -1467.02, "VisitedNodes": 27}