{"OBBTTime": 0.0171507, "rootBTTime": 0.0176556, "TotalTime": 0.118764, "LinearTime": 0.0102475, "LowerBound": -795.281, "UpperBound": -794.856, "SolveResult": 0, "FirstLowerBound": -830.676, "VisitedNodes": 25}