{"OBBTTime": 3.45933, "rootBTTime": 3.49669, "TotalTime": 3593.51, "LinearTime": 1040.18, "LowerBound": 1352.49, "UpperBound": 2204.94, "SolveResult": 402, "FirstLowerBound": 1024.8, "VisitedNodes": 157961}