{"OBBTTime": 0.226633, "rootBTTime": 0.227453, "TotalTime": 0.416446, "LinearTime": 0.00843579, "LowerBound": 130.687, "UpperBound": 130.703, "SolveResult": 0, "FirstLowerBound": 84.8404, "VisitedNodes": 13}