{"OBBTTime": 0.117776, "rootBTTime": 0.121657, "TotalTime": 516.254, "LinearTime": 315.151, "LowerBound": 2443.98, "UpperBound": 2446.43, "SolveResult": 0, "FirstLowerBound": 975.484, "VisitedNodes": 133531}