{"OBBTTime": 0.478594, "rootBTTime": 0.48547, "TotalTime": 3600.01, "LinearTime": 2215.5, "LowerBound": 1929.28, "UpperBound": 2127.12, "SolveResult": 402, "FirstLowerBound": 1024.8, "VisitedNodes": 809293}