{"OBBTTime": 0.261268, "rootBTTime": 0.264431, "TotalTime": 0.678558, "LinearTime": 0.0818719, "LowerBound": 89.8361, "UpperBound": 89.8361, "SolveResult": 0, "FirstLowerBound": 71.9174, "VisitedNodes": 63}