{"OBBTTime": 6.36951, "rootBTTime": 6.42236, "TotalTime": 3600.03, "LinearTime": 2001.34, "LowerBound": 1298.21, "UpperBound": 1564.96, "SolveResult": 402, "FirstLowerBound": 1017.2, "VisitedNodes": 240797}