{"OBBTTime": 0.205346, "rootBTTime": 0.208945, "TotalTime": 77.7263, "LinearTime": 36.6667, "LowerBound": 229.48, "UpperBound": 229.701, "SolveResult": 0, "FirstLowerBound": 99.8976, "VisitedNodes": 18951}