{"OBBTTime": 1.61664, "rootBTTime": 1.63195, "TotalTime": 3600.01, "LinearTime": 2247.82, "LowerBound": 1097.06, "UpperBound": 1201.04, "SolveResult": 402, "FirstLowerBound": 648, "VisitedNodes": 484115}