{"OBBTTime": 0.0742187, "rootBTTime": 0.0777197, "TotalTime": 0.236639, "LinearTime": 0.0122236, "LowerBound": 130.628, "UpperBound": 130.706, "SolveResult": 0, "FirstLowerBound": 83.5774, "VisitedNodes": 15}