{"OBBTTime": 0.323069, "rootBTTime": 0.329137, "TotalTime": 3600, "LinearTime": 2482.94, "LowerBound": 456.383, "UpperBound": 513.001, "SolveResult": 402, "FirstLowerBound": 213.266, "VisitedNodes": 730183}