{"OBBTTime": 1.91547, "rootBTTime": 1.94693, "TotalTime": 3594.72, "LinearTime": 1863.32, "LowerBound": 376.012, "UpperBound": 513.001, "SolveResult": 402, "FirstLowerBound": 337.735, "VisitedNodes": 292809}