{"OBBTTime": 0.904178, "rootBTTime": 0.92163, "TotalTime": 3600, "LinearTime": 1557.72, "LowerBound": 100.104, "UpperBound": 179769000000000000000000000000000000000000000000000000000000000000000000000000000000000000000000000000000000000000000000000000000000000000000000000000000000000000000000000000000000000000000000000000000000000000000000000000000000000000000000000000000000000000000000000000000000000000000000000000000000000000000, "SolveResult": 402, "FirstLowerBound": 99.8976, "VisitedNodes": 391549}