{"OBBTTime": 0.695047, "rootBTTime": 0.724027, "TotalTime": 3600.01, "LinearTime": 1738.89, "LowerBound": 1489.87, "UpperBound": 179769000000000000000000000000000000000000000000000000000000000000000000000000000000000000000000000000000000000000000000000000000000000000000000000000000000000000000000000000000000000000000000000000000000000000000000000000000000000000000000000000000000000000000000000000000000000000000000000000000000000000000, "SolveResult": 402, "FirstLowerBound": 1212.71, "VisitedNodes": 446603}