{"OBBTTime": 0.250608, "rootBTTime": 0.252047, "TotalTime": 0.628389, "LinearTime": 0.0417334, "LowerBound": 89.7595, "UpperBound": 89.8361, "SolveResult": 0, "FirstLowerBound": 69.2386, "VisitedNodes": 47}