{"OBBTTime": 1.28309, "rootBTTime": 1.32549, "TotalTime": 3600.02, "LinearTime": 2383.75, "LowerBound": 318.831, "UpperBound": 323.682, "SolveResult": 402, "FirstLowerBound": 250.114, "VisitedNodes": 162179}