{"OBBTTime": 0.466254, "rootBTTime": 0.472362, "TotalTime": 3600, "LinearTime": 2588.72, "LowerBound": 237.562, "UpperBound": 238.733, "SolveResult": 402, "FirstLowerBound": 213.851, "VisitedNodes": 643925}