{"OBBTTime": 1.04463, "rootBTTime": 1.08289, "TotalTime": 3600.01, "LinearTime": 2561.37, "LowerBound": 328.099, "UpperBound": 329.57, "SolveResult": 402, "FirstLowerBound": 308.811, "VisitedNodes": 198253}