{"OBBTTime": 0.801786, "rootBTTime": 0.818367, "TotalTime": 3600.01, "LinearTime": 2770.35, "LowerBound": 398.627, "UpperBound": 410.635, "SolveResult": 402, "FirstLowerBound": 289.018, "VisitedNodes": 259619}