{"OBBTTime": 0.100532, "rootBTTime": 0.102611, "TotalTime": 3600, "LinearTime": 2559.92, "LowerBound": 86.6675, "UpperBound": 86.8333, "SolveResult": 402, "FirstLowerBound": 69.1544, "VisitedNodes": 1195341}