{"OBBTTime": 0.227789, "rootBTTime": 0.233726, "TotalTime": 2808.61, "LinearTime": 1755.63, "LowerBound": 104.781, "UpperBound": 104.886, "SolveResult": 0, "FirstLowerBound": 85.5094, "VisitedNodes": 447419}