{"OBBTTime": 0.448549, "rootBTTime": 0.45605, "TotalTime": 3600, "LinearTime": 2574.43, "LowerBound": 156.071, "UpperBound": 157.094, "SolveResult": 402, "FirstLowerBound": 139.511, "VisitedNodes": 572135}