{"OBBTTime": 6.18542, "rootBTTime": 6.21133, "TotalTime": 3599.97, "LinearTime": 1582.74, "LowerBound": 4.73889, "UpperBound": 179769000000000000000000000000000000000000000000000000000000000000000000000000000000000000000000000000000000000000000000000000000000000000000000000000000000000000000000000000000000000000000000000000000000000000000000000000000000000000000000000000000000000000000000000000000000000000000000000000000000000000000, "SolveResult": 402, "FirstLowerBound": 2.36788, "VisitedNodes": 225183}