{"OBBTTime": 5.25514, "rootBTTime": 5.27941, "TotalTime": 3599.99, "LinearTime": 1345.6, "LowerBound": 86.3566, "UpperBound": 179769000000000000000000000000000000000000000000000000000000000000000000000000000000000000000000000000000000000000000000000000000000000000000000000000000000000000000000000000000000000000000000000000000000000000000000000000000000000000000000000000000000000000000000000000000000000000000000000000000000000000000, "SolveResult": 402, "FirstLowerBound": 66.1983, "VisitedNodes": 163555}