{"OBBTTime": 0.820139, "rootBTTime": 0.820848, "TotalTime": 0.998955, "LinearTime": 0.0500622, "LowerBound": -1.76655, "UpperBound": -1.765, "SolveResult": 0, "FirstLowerBound": -1.86946, "VisitedNodes": 71}