{"OBBTTime": 0.420673, "rootBTTime": 0.421761, "TotalTime": 0.468076, "LinearTime": 0.000394903, "LowerBound": 88.4854, "UpperBound": 88.4854, "SolveResult": 0, "FirstLowerBound": 88.4854, "VisitedNodes": 1}