{"OBBTTime": 0.634117, "rootBTTime": 0.635579, "TotalTime": 0.712495, "LinearTime": 0.0089985, "LowerBound": 175.083, "UpperBound": 175.257, "SolveResult": 0, "FirstLowerBound": 174.681, "VisitedNodes": 7}