{"OBBTTime": 0.692124, "rootBTTime": 0.694625, "TotalTime": 1.09626, "LinearTime": 0.150895, "LowerBound": 135.937, "UpperBound": 136.07, "SolveResult": 0, "FirstLowerBound": 130.314, "VisitedNodes": 161}