{"OBBTTime": 0.538714, "rootBTTime": 0.541489, "TotalTime": 0.636955, "LinearTime": 0.0105906, "LowerBound": 148.501, "UpperBound": 148.636, "SolveResult": 0, "FirstLowerBound": 147.857, "VisitedNodes": 9}