{"OBBTTime": 2.07944, "rootBTTime": 2.08238, "TotalTime": 2.80702, "LinearTime": 0.373759, "LowerBound": 335.627, "UpperBound": 335.962, "SolveResult": 0, "FirstLowerBound": 326.351, "VisitedNodes": 215}