{"OBBTTime": 0.403407, "rootBTTime": 0.40483, "TotalTime": 0.464741, "LinearTime": 0.000682524, "LowerBound": 121.834, "UpperBound": 121.834, "SolveResult": 0, "FirstLowerBound": 121.834, "VisitedNodes": 1}