{"OBBTTime": 3.85917, "rootBTTime": 3.86139, "TotalTime": 4.06234, "LinearTime": 0.0572071, "LowerBound": 201.109, "UpperBound": 201.287, "SolveResult": 0, "FirstLowerBound": 194.455, "VisitedNodes": 23}