{"OBBTTime": 0.513263, "rootBTTime": 0.515097, "TotalTime": 0.572091, "LinearTime": 0.00415766, "LowerBound": 144.022, "UpperBound": 144.022, "SolveResult": 0, "FirstLowerBound": 144.022, "VisitedNodes": 1}