{"OBBTTime": 2.04214, "rootBTTime": 2.04443, "TotalTime": 2.22233, "LinearTime": 0.0562172, "LowerBound": 389.816, "UpperBound": 390.178, "SolveResult": 0, "FirstLowerBound": 386.148, "VisitedNodes": 31}