{"OBBTTime": 0.526172, "rootBTTime": 0.528011, "TotalTime": 0.57625, "LinearTime": 0.00211203, "LowerBound": 175.407, "UpperBound": 175.407, "SolveResult": 0, "FirstLowerBound": 175.406, "VisitedNodes": 3}