{"OBBTTime": 0.581005, "rootBTTime": 0.582831, "TotalTime": 0.63582, "LinearTime": 0.00720519, "LowerBound": 122.049, "UpperBound": 122.111, "SolveResult": 0, "FirstLowerBound": 122.019, "VisitedNodes": 3}