{"OBBTTime": 0.629741, "rootBTTime": 0.632803, "TotalTime": 0.687352, "LinearTime": 0.00597712, "LowerBound": 136.931, "UpperBound": 136.955, "SolveResult": 0, "FirstLowerBound": 136.881, "VisitedNodes": 3}