{"OBBTTime": 0.740828, "rootBTTime": 0.741957, "TotalTime": 0.788952, "LinearTime": 0.000490511, "LowerBound": 92.4734, "UpperBound": 92.4734, "SolveResult": 0, "FirstLowerBound": 92.4734, "VisitedNodes": 1}