{"OBBTTime": 1.06812, "rootBTTime": 1.06905, "TotalTime": 1.44556, "LinearTime": 0.183257, "LowerBound": 35.3906, "UpperBound": 35.4199, "SolveResult": 0, "FirstLowerBound": 27.3446, "VisitedNodes": 165}