{"OBBTTime": 0.9226, "rootBTTime": 0.923292, "TotalTime": 0.973265, "LinearTime": 0.00441035, "LowerBound": 40.8849, "UpperBound": 40.8849, "SolveResult": 0, "FirstLowerBound": 40.8849, "VisitedNodes": 1}