{"OBBTTime": 1.64722, "rootBTTime": 1.64819, "TotalTime": 41.4182, "LinearTime": 30.8809, "LowerBound": 11.5017, "UpperBound": 11.5132, "SolveResult": 0, "FirstLowerBound": -7.61126, "VisitedNodes": 16147}