{"OBBTTime": 1.54345, "rootBTTime": 1.54471, "TotalTime": 9.80597, "LinearTime": 6.11714, "LowerBound": 304.726, "UpperBound": 305.031, "SolveResult": 0, "FirstLowerBound": 229.809, "VisitedNodes": 3495}