{"OBBTTime": 0.978998, "rootBTTime": 0.980214, "TotalTime": 1.15075, "LinearTime": 0.0520085, "LowerBound": 128.358, "UpperBound": 128.479, "SolveResult": 0, "FirstLowerBound": 125.157, "VisitedNodes": 39}