{"OBBTTime": 4.17714, "rootBTTime": 4.17809, "TotalTime": 27.8781, "LinearTime": 19.0872, "LowerBound": 70.2282, "UpperBound": 70.2981, "SolveResult": 0, "FirstLowerBound": -107.125, "VisitedNodes": 2401}