{"OBBTTime": 5.62284, "rootBTTime": 5.62389, "TotalTime": 19.7338, "LinearTime": 12.1561, "LowerBound": 88.8841, "UpperBound": 88.9636, "SolveResult": 0, "FirstLowerBound": -66.4821, "VisitedNodes": 1353}