{"OBBTTime": 1.69097, "rootBTTime": 1.69172, "TotalTime": 2.24231, "LinearTime": 0.346386, "LowerBound": 85.2252, "UpperBound": 85.2595, "SolveResult": 0, "FirstLowerBound": 67.8564, "VisitedNodes": 159}