{"OBBTTime": 1.71177, "rootBTTime": 1.71263, "TotalTime": 2.30222, "LinearTime": 0.378804, "LowerBound": 201.878, "UpperBound": 202.056, "SolveResult": 0, "FirstLowerBound": 182.126, "VisitedNodes": 143}