{"OBBTTime": 2.68892, "rootBTTime": 2.69092, "TotalTime": 3.78071, "LinearTime": 0.783391, "LowerBound": 141.159, "UpperBound": 141.287, "SolveResult": 0, "FirstLowerBound": 111.168, "VisitedNodes": 117}