{"OBBTTime": 0.957968, "rootBTTime": 0.958529, "TotalTime": 1.03695, "LinearTime": 0.0224657, "LowerBound": 144.52, "UpperBound": 144.557, "SolveResult": 0, "FirstLowerBound": 141.943, "VisitedNodes": 3}