{"OBBTTime": 0.868411, "rootBTTime": 0.868797, "TotalTime": 1.21118, "LinearTime": 0.159545, "LowerBound": 51.1101, "UpperBound": 51.1608, "SolveResult": 0, "FirstLowerBound": 38.8708, "VisitedNodes": 69}