{"OBBTTime": 2.04227, "rootBTTime": 2.04721, "TotalTime": 2.29956, "LinearTime": 0.0875281, "LowerBound": -2741.85, "UpperBound": -2477.2, "SolveResult": 100, "FirstLowerBound": -3094.96, "VisitedNodes": 13}