{"OBBTTime": 1.77035, "rootBTTime": 1.77863, "TotalTime": 2.05894, "LinearTime": 0.121294, "LowerBound": 726.348, "UpperBound": 728.332, "SolveResult": 100, "FirstLowerBound": 720.517, "VisitedNodes": 13}