{"OBBTTime": 0.23575, "rootBTTime": 0.236315, "TotalTime": 0.282884, "LinearTime": 0.0044819, "LowerBound": -268.022, "UpperBound": -268.015, "SolveResult": 0, "FirstLowerBound": -268.047, "VisitedNodes": 3}