{"OBBTTime": 0.241196, "rootBTTime": 0.241517, "TotalTime": 0.285701, "LinearTime": 0.00489124, "LowerBound": -30665.5, "UpperBound": -30665.5, "SolveResult": 0, "FirstLowerBound": -30667.4, "VisitedNodes": 3}