{"OBBTTime": 0.280024, "rootBTTime": 0.280345, "TotalTime": 189.983, "LinearTime": 110.317, "LowerBound": 7042.2, "UpperBound": 7049.25, "SolveResult": 0, "FirstLowerBound": 2861.68, "VisitedNodes": 362873}