{"OBBTTime": 0.0851537, "rootBTTime": 0.085234, "TotalTime": 0.208756, "LinearTime": 0.0106458, "LowerBound": -7.47505, "UpperBound": -7.47505, "SolveResult": 0, "FirstLowerBound": -322096, "VisitedNodes": 21}