{"OBBTTime": 0.082046, "rootBTTime": 0.0821355, "TotalTime": 0.231993, "LinearTime": 0.0109482, "LowerBound": 10.4655, "UpperBound": 10.4655, "SolveResult": 0, "FirstLowerBound": -17385, "VisitedNodes": 23}