{"OBBTTime": 0.0644994, "rootBTTime": 0.0645762, "TotalTime": 0.170994, "LinearTime": 0.0070121, "LowerBound": -7.49965, "UpperBound": -7.49965, "SolveResult": 0, "FirstLowerBound": -837.5, "VisitedNodes": 17}