{"OBBTTime": 0.0751796, "rootBTTime": 0.075323, "TotalTime": 0.119263, "LinearTime": 0.00483149, "LowerBound": -5.50801, "UpperBound": -5.50801, "SolveResult": 0, "FirstLowerBound": -5.72043, "VisitedNodes": 3}