{"OBBTTime": 0.0770817, "rootBTTime": 0.0774125, "TotalTime": 0.118661, "LinearTime": 0.00427897, "LowerBound": -16.7403, "UpperBound": -16.7389, "SolveResult": 0, "FirstLowerBound": -16.7429, "VisitedNodes": 3}