{"OBBTTime": 0.0678535, "rootBTTime": 0.0679387, "TotalTime": 0.187236, "LinearTime": 0.00878475, "LowerBound": -8.34216e-05, "UpperBound": 2.49631e-06, "SolveResult": 0, "FirstLowerBound": -875, "VisitedNodes": 27}