{"OBBTTime": 0.060085, "rootBTTime": 0.0601573, "TotalTime": 0.148421, "LinearTime": 0.00707016, "LowerBound": -443.711, "UpperBound": -443.652, "SolveResult": 0, "FirstLowerBound": -3001, "VisitedNodes": 13}