{"OBBTTime": 0.237197, "rootBTTime": 0.237478, "TotalTime": 0.508657, "LinearTime": 0.093721, "LowerBound": -450.229, "UpperBound": -450, "SolveResult": 0, "FirstLowerBound": -2907.15, "VisitedNodes": 261}