{"OBBTTime": 19.8249, "rootBTTime": 19.8263, "TotalTime": 3599.99, "LinearTime": 2699.62, "LowerBound": 2.33969, "UpperBound": 3.23402, "SolveResult": 402, "FirstLowerBound": 1.63219, "VisitedNodes": 828545}