{"OBBTTime": 0.297849, "rootBTTime": 0.298175, "TotalTime": 9.44062, "LinearTime": 5.39049, "LowerBound": 7504.72, "UpperBound": 7512.23, "SolveResult": 0, "FirstLowerBound": 3118.73, "VisitedNodes": 18727}