{"OBBTTime": 1.30375, "rootBTTime": 1.30447, "TotalTime": 1.63597, "LinearTime": 0.0949549, "LowerBound": 1.86386, "UpperBound": 1.86417, "SolveResult": 0, "FirstLowerBound": 0.9979, "VisitedNodes": 141}