{"OBBTTime": 0.739776, "rootBTTime": 0.740718, "TotalTime": 9.35993, "LinearTime": 5.9424, "LowerBound": 0.02832, "UpperBound": 0.0293108, "SolveResult": 0, "FirstLowerBound": -11965.6, "VisitedNodes": 3993}