{"OBBTTime": 1.57724, "rootBTTime": 1.57834, "TotalTime": 3600, "LinearTime": 2619.83, "LowerBound": 0.560874, "UpperBound": 0.618573, "SolveResult": 402, "FirstLowerBound": -3.293, "VisitedNodes": 2920649}