{"OBBTTime": 6.12058, "rootBTTime": 6.12254, "TotalTime": 3600.01, "LinearTime": 3174.29, "LowerBound": -1.39151, "UpperBound": 0.485152, "SolveResult": 402, "FirstLowerBound": -3.33333, "VisitedNodes": 585093}