{"OBBTTime": 0.694623, "rootBTTime": 0.695311, "TotalTime": 1.07679, "LinearTime": 0.086562, "LowerBound": 0.857758, "UpperBound": 0.858407, "SolveResult": 0, "FirstLowerBound": 0, "VisitedNodes": 119}