{"OBBTTime": 7.12551, "rootBTTime": 7.12904, "TotalTime": 3600.01, "LinearTime": 2546.21, "LowerBound": 9.98006, "UpperBound": 15.2394, "SolveResult": 402, "FirstLowerBound": 0, "VisitedNodes": 850215}