{"OBBTTime": 3.88437, "rootBTTime": 3.88855, "TotalTime": 3600.01, "LinearTime": 2578.13, "LowerBound": 0.157363, "UpperBound": 2.91461, "SolveResult": 402, "FirstLowerBound": 0, "VisitedNodes": 1142515}