{"OBBTTime": 0.537637, "rootBTTime": 0.53849, "TotalTime": 0.689886, "LinearTime": 0.0158161, "LowerBound": 0.858407, "UpperBound": 0.858407, "SolveResult": 0, "FirstLowerBound": 0, "VisitedNodes": 21}