{"OBBTTime": 0.400594, "rootBTTime": 0.401245, "TotalTime": 0.616307, "LinearTime": 0.052255, "LowerBound": 0.642964, "UpperBound": 0.643806, "SolveResult": 0, "FirstLowerBound": 0, "VisitedNodes": 91}