{"OBBTTime": 4.35554, "rootBTTime": 4.3574, "TotalTime": 4.4624, "LinearTime": 0.0193708, "LowerBound": 0.199602, "UpperBound": 0.199602, "SolveResult": 0, "FirstLowerBound": 0.199602, "VisitedNodes": 3}