{"OBBTTime": 5.28276, "rootBTTime": 5.28809, "TotalTime": 3600.01, "LinearTime": 2511.36, "LowerBound": 13.0354, "UpperBound": 14.4942, "SolveResult": 402, "FirstLowerBound": 0, "VisitedNodes": 1037369}