{"OBBTTime": 3.25842, "rootBTTime": 3.25991, "TotalTime": 3.42882, "LinearTime": 0.0209946, "LowerBound": 0.199602, "UpperBound": 0.199602, "SolveResult": 0, "FirstLowerBound": 0.199602, "VisitedNodes": 5}