{"OBBTTime": 0.0835204, "rootBTTime": 0.083619, "TotalTime": 0.167993, "LinearTime": 0.00834441, "LowerBound": -0.665012, "UpperBound": -0.665012, "SolveResult": 0, "FirstLowerBound": -27.9708, "VisitedNodes": 9}