{"OBBTTime": 0.107787, "rootBTTime": 0.107876, "TotalTime": 0.270593, "LinearTime": 0.0181254, "LowerBound": -0.0410494, "UpperBound": 0.00190251, "SolveResult": 100, "FirstLowerBound": -7661.68, "VisitedNodes": 19}