{"OBBTTime": 0.0676275, "rootBTTime": 0.067705, "TotalTime": 0.153967, "LinearTime": 0.00654921, "LowerBound": -4.43712, "UpperBound": -4.43653, "SolveResult": 0, "FirstLowerBound": -11.8862, "VisitedNodes": 11}