{"OBBTTime": 0.0966431, "rootBTTime": 0.0967924, "TotalTime": 0.210525, "LinearTime": 0.0183297, "LowerBound": -2.23226e-08, "UpperBound": 0, "SolveResult": 0, "FirstLowerBound": -192792, "VisitedNodes": 43}