{"OBBTTime": 0.609687, "rootBTTime": 0.610245, "TotalTime": 1.19652, "LinearTime": 0.326944, "LowerBound": 5.23818, "UpperBound": 5.2434, "SolveResult": 0, "FirstLowerBound": 1.68545, "VisitedNodes": 431}