{"OBBTTime": 29.1097, "rootBTTime": 29.1247, "TotalTime": 3600.04, "LinearTime": 3146.83, "LowerBound": 0.137847, "UpperBound": 0.70494, "SolveResult": 402, "FirstLowerBound": 0, "VisitedNodes": 150587}