{"OBBTTime": 0.0617436, "rootBTTime": 0.0620248, "TotalTime": 0.102739, "LinearTime": 0.00367503, "LowerBound": 1.17712, "UpperBound": 1.17712, "SolveResult": 0, "FirstLowerBound": 1.1771, "VisitedNodes": 3}