{"OBBTTime": 0.120643, "rootBTTime": 0.120769, "TotalTime": 1.43066, "LinearTime": 0.542061, "LowerBound": -8.88714e-05, "UpperBound": -8.88714e-05, "SolveResult": 0, "FirstLowerBound": -100, "VisitedNodes": 1867}