{"OBBTTime": 0.112213, "rootBTTime": 0.112323, "TotalTime": 1.87096, "LinearTime": 0.709955, "LowerBound": -0.000969604, "UpperBound": 2.32831e-10, "SolveResult": 0, "FirstLowerBound": -295294, "VisitedNodes": 2985}