{"OBBTTime": 0.177629, "rootBTTime": 0.177798, "TotalTime": 0.253283, "LinearTime": 0.00472595, "LowerBound": -70262.1, "UpperBound": -70262.1, "SolveResult": 0, "FirstLowerBound": -72700.1, "VisitedNodes": 5}