{"OBBTTime": 0.29145, "rootBTTime": 0.291899, "TotalTime": 0.341776, "LinearTime": 0.00462573, "LowerBound": -45.3797, "UpperBound": -45.3797, "SolveResult": 0, "FirstLowerBound": -45.4079, "VisitedNodes": 3}