{"OBBTTime": 0.157673, "rootBTTime": 0.157821, "TotalTime": 0.204455, "LinearTime": 0.00336425, "LowerBound": -86768.6, "UpperBound": -86768.6, "SolveResult": 0, "FirstLowerBound": -86768.6, "VisitedNodes": 1}