{"OBBTTime": 0.281685, "rootBTTime": 0.282864, "TotalTime": 0.326746, "LinearTime": 0.00365335, "LowerBound": -42.9626, "UpperBound": -42.9626, "SolveResult": 0, "FirstLowerBound": -42.9626, "VisitedNodes": 1}