{"OBBTTime": 0.0833489, "rootBTTime": 0.0834783, "TotalTime": 0.282737, "LinearTime": 0.0260771, "LowerBound": -12.501, "UpperBound": -12.4999, "SolveResult": 0, "FirstLowerBound": -18, "VisitedNodes": 117}