{"OBBTTime": 0.0574484, "rootBTTime": 0.057588, "TotalTime": 0.114674, "LinearTime": 0.00488455, "LowerBound": 0.741782, "UpperBound": 0.741782, "SolveResult": 0, "FirstLowerBound": 0.531737, "VisitedNodes": 7}