{"OBBTTime": 0.0588259, "rootBTTime": 0.0593266, "TotalTime": 0.0995487, "LinearTime": 0.00329135, "LowerBound": 2.99996, "UpperBound": 3, "SolveResult": 0, "FirstLowerBound": 2.99996, "VisitedNodes": 1}