{"OBBTTime": 0.617527, "rootBTTime": 0.618714, "TotalTime": 0.947428, "LinearTime": 0.109831, "LowerBound": -1162.43, "UpperBound": -1161.34, "SolveResult": 0, "FirstLowerBound": -1477.82, "VisitedNodes": 223}