{"OBBTTime": 0.067282, "rootBTTime": 0.0674421, "TotalTime": 0.109847, "LinearTime": 0.00392198, "LowerBound": -2.82874, "UpperBound": -2.82843, "SolveResult": 0, "FirstLowerBound": -2.82902, "VisitedNodes": 3}