{"OBBTTime": 0.0884472, "rootBTTime": 0.0889642, "TotalTime": 0.140408, "LinearTime": 0.00425501, "LowerBound": -6.66667, "UpperBound": -6.66667, "SolveResult": 0, "FirstLowerBound": -6.66667, "VisitedNodes": 1}