{"OBBTTime": 0.105248, "rootBTTime": 0.105631, "TotalTime": 0.150627, "LinearTime": 0.00386705, "LowerBound": 201.159, "UpperBound": 201.159, "SolveResult": 0, "FirstLowerBound": 201.159, "VisitedNodes": 1}