{"OBBTTime": 0.0631247, "rootBTTime": 0.0634046, "TotalTime": 0.11083, "LinearTime": 0.00395352, "LowerBound": -185.779, "UpperBound": -185.779, "SolveResult": 0, "FirstLowerBound": -185.779, "VisitedNodes": 1}