{"OBBTTime": 0.0999461, "rootBTTime": 0.10009, "TotalTime": 0.323388, "LinearTime": 0.0613843, "LowerBound": 7042.21, "UpperBound": 7049.25, "SolveResult": 0, "FirstLowerBound": 5342.14, "VisitedNodes": 279}