{"OBBTTime": 0.0852999, "rootBTTime": 0.0853807, "TotalTime": 0.159126, "LinearTime": 0.00559831, "LowerBound": -0.500586, "UpperBound": -0.5, "SolveResult": 0, "FirstLowerBound": -0.543292, "VisitedNodes": 11}