{"OBBTTime": 0.0783468, "rootBTTime": 0.0784792, "TotalTime": 0.168719, "LinearTime": 0.0110367, "LowerBound": -118.768, "UpperBound": -118.705, "SolveResult": 0, "FirstLowerBound": -2586.73, "VisitedNodes": 27}