{"OBBTTime": 0.0528041, "rootBTTime": 0.0529685, "TotalTime": 0.13638, "LinearTime": 0.00699941, "LowerBound": -1.08371, "UpperBound": -1.08333, "SolveResult": 0, "FirstLowerBound": -1.27856, "VisitedNodes": 17}