{"OBBTTime": 0.18684, "rootBTTime": 0.187283, "TotalTime": 0.235346, "LinearTime": 0.00578372, "LowerBound": 0.0156195, "UpperBound": 0.0156195, "SolveResult": 0, "FirstLowerBound": 0.0156195, "VisitedNodes": 1}