{"OBBTTime": 0.323734, "rootBTTime": 0.324242, "TotalTime": 0.438799, "LinearTime": 0.0153115, "LowerBound": -795.485, "UpperBound": -794.856, "SolveResult": 0, "FirstLowerBound": -833.422, "VisitedNodes": 25}