{"OBBTTime": 5.18933, "rootBTTime": 5.19543, "TotalTime": 3600, "LinearTime": 2648.1, "LowerBound": 453.536, "UpperBound": 513.001, "SolveResult": 402, "FirstLowerBound": 213.266, "VisitedNodes": 767655}