{"OBBTTime": 5.22991, "rootBTTime": 5.23356, "TotalTime": 292.131, "LinearTime": 138.666, "LowerBound": 229.472, "UpperBound": 229.701, "SolveResult": 0, "FirstLowerBound": 99.8976, "VisitedNodes": 67409}