{"OBBTTime": 2.53172, "rootBTTime": 2.56026, "TotalTime": 3600, "LinearTime": 1727.03, "LowerBound": 1490.63, "UpperBound": 179769000000000000000000000000000000000000000000000000000000000000000000000000000000000000000000000000000000000000000000000000000000000000000000000000000000000000000000000000000000000000000000000000000000000000000000000000000000000000000000000000000000000000000000000000000000000000000000000000000000000000000, "SolveResult": 402, "FirstLowerBound": 1212.71, "VisitedNodes": 435873}