{"OBBTTime": 1.44885, "rootBTTime": 1.45028, "TotalTime": 1.65447, "LinearTime": 0.0419496, "LowerBound": 89.7957, "UpperBound": 89.8361, "SolveResult": 0, "FirstLowerBound": 69.2386, "VisitedNodes": 47}