{"OBBTTime": 0.288647, "rootBTTime": 0.291678, "TotalTime": 5.72833, "LinearTime": 2.96596, "LowerBound": 89.8361, "UpperBound": 89.8361, "SolveResult": 0, "FirstLowerBound": 69.2386, "VisitedNodes": 2509}