{"OBBTTime": 0.804586, "rootBTTime": 0.821855, "TotalTime": 3600.01, "LinearTime": 1566.71, "LowerBound": 100.111, "UpperBound": 179769000000000000000000000000000000000000000000000000000000000000000000000000000000000000000000000000000000000000000000000000000000000000000000000000000000000000000000000000000000000000000000000000000000000000000000000000000000000000000000000000000000000000000000000000000000000000000000000000000000000000000, "SolveResult": 402, "FirstLowerBound": 99.8976, "VisitedNodes": 394105}