{"OBBTTime": 3.08632, "rootBTTime": 3.08971, "TotalTime": 3.34195, "LinearTime": 0.0405902, "LowerBound": 130.702, "UpperBound": 130.706, "SolveResult": 0, "FirstLowerBound": 83.5373, "VisitedNodes": 31}