{"OBBTTime": 0.555979, "rootBTTime": 0.55984, "TotalTime": 946.401, "LinearTime": 584.829, "LowerBound": 2443.98, "UpperBound": 2446.43, "SolveResult": 0, "FirstLowerBound": 975.484, "VisitedNodes": 248315}