{"OBBTTime": 0.628392, "rootBTTime": 0.629205, "TotalTime": 0.74945, "LinearTime": 0.008182, "LowerBound": 130.646, "UpperBound": 130.703, "SolveResult": 0, "FirstLowerBound": 82.0003, "VisitedNodes": 13}