{"OBBTTime": 4.82315, "rootBTTime": 4.82528, "TotalTime": 3600.01, "LinearTime": 2580.51, "LowerBound": 86.6688, "UpperBound": 86.8333, "SolveResult": 402, "FirstLowerBound": 69.1544, "VisitedNodes": 1211519}