{"OBBTTime": 4.44421, "rootBTTime": 4.46638, "TotalTime": 3600.09, "LinearTime": 2334.47, "LowerBound": -10.9837, "UpperBound": -10.9482, "SolveResult": 402, "FirstLowerBound": -14.8046, "VisitedNodes": 33661}