{"OBBTTime": 4.08065, "rootBTTime": 4.29736, "TotalTime": 3600.05, "LinearTime": 2127.98, "LowerBound": -19.0236, "UpperBound": -14.9294, "SolveResult": 402, "FirstLowerBound": -25.6776, "VisitedNodes": 21335}