{"OBBTTime": 5.37938, "rootBTTime": 5.41944, "TotalTime": 3600.03, "LinearTime": 3038.86, "LowerBound": -10.3418, "UpperBound": -7.78917, "SolveResult": 402, "FirstLowerBound": -15.4878, "VisitedNodes": 17413}