{"OBBTTime": 1.16518, "rootBTTime": 1.30593, "TotalTime": 3600.03, "LinearTime": 1634.37, "LowerBound": -11.5877, "UpperBound": -8.30138, "SolveResult": 402, "FirstLowerBound": -18.1057, "VisitedNodes": 45509}