{"OBBTTime": 8.80245, "rootBTTime": 9.26775, "TotalTime": 3600.04, "LinearTime": 1963.52, "LowerBound": -15.1711, "UpperBound": -9.2173, "SolveResult": 402, "FirstLowerBound": -22.6158, "VisitedNodes": 11331}