{"OBBTTime": 8.97073, "rootBTTime": 8.99971, "TotalTime": 3600, "LinearTime": 3191.92, "LowerBound": -113.008, "UpperBound": -75.6687, "SolveResult": 402, "FirstLowerBound": -149.309, "VisitedNodes": 13075}