{"OBBTTime": 6.23614, "rootBTTime": 6.29604, "TotalTime": 3600.02, "LinearTime": 2908.8, "LowerBound": -29.3928, "UpperBound": -14.6419, "SolveResult": 402, "FirstLowerBound": -37.2054, "VisitedNodes": 11873}