{"OBBTTime": 1.37858, "rootBTTime": 1.40814, "TotalTime": 3600.03, "LinearTime": 2189.21, "LowerBound": 321.45, "UpperBound": 323.682, "SolveResult": 402, "FirstLowerBound": 251.171, "VisitedNodes": 157377}