{"OBBTTime": 1.91364, "rootBTTime": 1.99405, "TotalTime": 871.034, "LinearTime": 377.87, "LowerBound": 365.418, "UpperBound": 365.784, "SolveResult": 0, "FirstLowerBound": 353.871, "VisitedNodes": 24829}