{"OBBTTime": 2.90541, "rootBTTime": 2.92972, "TotalTime": 3600.01, "LinearTime": 904.027, "LowerBound": 92.7268, "UpperBound": 179769000000000000000000000000000000000000000000000000000000000000000000000000000000000000000000000000000000000000000000000000000000000000000000000000000000000000000000000000000000000000000000000000000000000000000000000000000000000000000000000000000000000000000000000000000000000000000000000000000000000000000, "SolveResult": 402, "FirstLowerBound": 66.1983, "VisitedNodes": 98525}