{"OBBTTime": 0.643705, "rootBTTime": 0.697774, "TotalTime": 3600.11, "LinearTime": 1753.25, "LowerBound": 6.22106, "UpperBound": 11.7767, "SolveResult": 402, "FirstLowerBound": 5, "VisitedNodes": 108741}