{"OBBTTime": 1.04151, "rootBTTime": 1.06598, "TotalTime": 3598.74, "LinearTime": 1415.46, "LowerBound": 582.511, "UpperBound": 586.68, "SolveResult": 402, "FirstLowerBound": 233.547, "VisitedNodes": 360737}