{"OBBTTime": 0.485562, "rootBTTime": 6.61662, "TotalTime": 3600.1, "LinearTime": 1276.08, "LowerBound": -2553780.0, "UpperBound": 179769000000000000000000000000000000000000000000000000000000000000000000000000000000000000000000000000000000000000000000000000000000000000000000000000000000000000000000000000000000000000000000000000000000000000000000000000000000000000000000000000000000000000000000000000000000000000000000000000000000000000000, "SolveResult": 402, "FirstLowerBound": -15598300.0, "VisitedNodes": 1269}