{"OBBTTime": 0.600364, "rootBTTime": 0.602875, "TotalTime": 0.989364, "LinearTime": 0.0259963, "LowerBound": 250.596, "UpperBound": 250.841, "SolveResult": 0, "FirstLowerBound": 249.848, "VisitedNodes": 11}