{"OBBTTime": 1.20949, "rootBTTime": 1.21126, "TotalTime": 1.56728, "LinearTime": 0.00283144, "LowerBound": 175.407, "UpperBound": 175.407, "SolveResult": 0, "FirstLowerBound": 175.407, "VisitedNodes": 3}