{"OBBTTime": 0.219376, "rootBTTime": 0.222321, "TotalTime": 1.43372, "LinearTime": 0.457704, "LowerBound": 335.626, "UpperBound": 335.962, "SolveResult": 0, "FirstLowerBound": 326.4, "VisitedNodes": 289}