{"OBBTTime": 0.791481, "rootBTTime": 0.794273, "TotalTime": 10.6375, "LinearTime": 5.48509, "LowerBound": 327.801, "UpperBound": 328.129, "SolveResult": 0, "FirstLowerBound": 293.226, "VisitedNodes": 2549}