{"OBBTTime": 0.151157, "rootBTTime": 0.153493, "TotalTime": 0.362718, "LinearTime": 0.00796791, "LowerBound": 148.531, "UpperBound": 148.636, "SolveResult": 0, "FirstLowerBound": 147.964, "VisitedNodes": 9}