{"OBBTTime": 0.342055, "rootBTTime": 0.343825, "TotalTime": 0.676958, "LinearTime": 0.00302202, "LowerBound": 136.858, "UpperBound": 136.955, "SolveResult": 0, "FirstLowerBound": 136.691, "VisitedNodes": 3}