{"OBBTTime": 1.34653, "rootBTTime": 1.35743, "TotalTime": 3600.01, "LinearTime": 2887.99, "LowerBound": 2067.16, "UpperBound": 2086.45, "SolveResult": 402, "FirstLowerBound": 1610.07, "VisitedNodes": 142757}