{"OBBTTime": 0.468758, "rootBTTime": 0.470686, "TotalTime": 3.22558, "LinearTime": 1.95843, "LowerBound": 233.875, "UpperBound": 233.986, "SolveResult": 0, "FirstLowerBound": 102.364, "VisitedNodes": 243}