{"OBBTTime": 0.325925, "rootBTTime": 0.327195, "TotalTime": 9.76679, "LinearTime": 5.89707, "LowerBound": 304.726, "UpperBound": 305.031, "SolveResult": 0, "FirstLowerBound": 228.352, "VisitedNodes": 3381}