{"OBBTTime": 9.73837, "rootBTTime": 9.75686, "TotalTime": 3600, "LinearTime": 3253.74, "LowerBound": 4464.68, "UpperBound": 4473.67, "SolveResult": 402, "FirstLowerBound": 3103.56, "VisitedNodes": 10895}