{"OBBTTime": 6.24973, "rootBTTime": 6.29508, "TotalTime": 3600.6, "LinearTime": 2517.03, "LowerBound": 11947.4, "UpperBound": 12103.7, "SolveResult": 402, "FirstLowerBound": 9191.35, "VisitedNodes": 10257}