{"OBBTTime": 0.568484, "rootBTTime": 0.570621, "TotalTime": 98.4019, "LinearTime": 76.2947, "LowerBound": 706.477, "UpperBound": 707.183, "SolveResult": 0, "FirstLowerBound": 530.887, "VisitedNodes": 8527}