{"OBBTTime": 0.761199, "rootBTTime": 0.764166, "TotalTime": 150.239, "LinearTime": 117.992, "LowerBound": 1262.53, "UpperBound": 1263.8, "SolveResult": 0, "FirstLowerBound": 954.841, "VisitedNodes": 5479}