{"OBBTTime": 0.0833401, "rootBTTime": 0.0842919, "TotalTime": 5.4797, "LinearTime": 3.13194, "LowerBound": 11.5017, "UpperBound": 11.5132, "SolveResult": 0, "FirstLowerBound": -6.98305, "VisitedNodes": 1939}