{"OBBTTime": 0.471929, "rootBTTime": 0.472869, "TotalTime": 1.03071, "LinearTime": 0.212428, "LowerBound": 35.3855, "UpperBound": 35.4199, "SolveResult": 0, "FirstLowerBound": 27.672, "VisitedNodes": 203}