{"OBBTTime": 0.257806, "rootBTTime": 0.258621, "TotalTime": 0.438914, "LinearTime": 0.00546464, "LowerBound": 103.587, "UpperBound": 103.676, "SolveResult": 0, "FirstLowerBound": 103.482, "VisitedNodes": 3}