{"OBBTTime": 0.443374, "rootBTTime": 0.44513, "TotalTime": 1.69798, "LinearTime": 0.381723, "LowerBound": 321.733, "UpperBound": 321.997, "SolveResult": 0, "FirstLowerBound": 299.047, "VisitedNodes": 53}