{"OBBTTime": 9.37724, "rootBTTime": 9.39652, "TotalTime": 3600.01, "LinearTime": 3091.38, "LowerBound": 6129.27, "UpperBound": 6136.55, "SolveResult": 402, "FirstLowerBound": 5004.2, "VisitedNodes": 11645}