{"OBBTTime": 0.921102, "rootBTTime": 0.923957, "TotalTime": 17.6862, "LinearTime": 13.9434, "LowerBound": 1024.85, "UpperBound": 1025.84, "SolveResult": 0, "FirstLowerBound": 913.471, "VisitedNodes": 627}