{"OBBTTime": 0.206074, "rootBTTime": 0.207123, "TotalTime": 1.84532, "LinearTime": 0.84809, "LowerBound": 234.524, "UpperBound": 234.752, "SolveResult": 0, "FirstLowerBound": 215.627, "VisitedNodes": 557}