{"OBBTTime": 3.33144, "rootBTTime": 3.33391, "TotalTime": 318.176, "LinearTime": 270.544, "LowerBound": 1704.27, "UpperBound": 1705.96, "SolveResult": 0, "FirstLowerBound": 1008.09, "VisitedNodes": 2965}