{"OBBTTime": 0.719715, "rootBTTime": 0.720614, "TotalTime": 2.49618, "LinearTime": 1.21685, "LowerBound": 73.1203, "UpperBound": 73.1801, "SolveResult": 0, "FirstLowerBound": 26.5907, "VisitedNodes": 155}