{"OBBTTime": 0.239841, "rootBTTime": 0.24054, "TotalTime": 0.873822, "LinearTime": 0.0296052, "LowerBound": -30.2893, "UpperBound": -30.2893, "SolveResult": 0, "FirstLowerBound": -32.2531, "VisitedNodes": 7}