{"OBBTTime": 5.42796, "rootBTTime": 5.43347, "TotalTime": 3600.04, "LinearTime": 3144.88, "LowerBound": 2754.47, "UpperBound": 2766.66, "SolveResult": 402, "FirstLowerBound": 1575.98, "VisitedNodes": 11201}