{"OBBTTime": 6.16677, "rootBTTime": 6.17237, "TotalTime": 663.959, "LinearTime": 579.602, "LowerBound": 3272.45, "UpperBound": 3275.72, "SolveResult": 0, "FirstLowerBound": 2485.53, "VisitedNodes": 2419}