{"OBBTTime": 0.943863, "rootBTTime": 0.945853, "TotalTime": 2.12536, "LinearTime": 0.770567, "LowerBound": 141.154, "UpperBound": 141.287, "SolveResult": 0, "FirstLowerBound": 105.957, "VisitedNodes": 113}