{"OBBTTime": 0.34775, "rootBTTime": 0.348656, "TotalTime": 2.32837, "LinearTime": 1.10593, "LowerBound": 90.9727, "UpperBound": 91.0453, "SolveResult": 0, "FirstLowerBound": 55.9054, "VisitedNodes": 167}