{"OBBTTime": 0.271438, "rootBTTime": 0.272959, "TotalTime": 1.70324, "LinearTime": 0.803741, "LowerBound": -60.9142, "UpperBound": -60.8582, "SolveResult": 0, "FirstLowerBound": -156.25, "VisitedNodes": 207}