{"OBBTTime": 0.643794, "rootBTTime": 0.6473, "TotalTime": 0.913729, "LinearTime": 0.0743353, "LowerBound": 269.408, "UpperBound": 269.623, "SolveResult": 0, "FirstLowerBound": 235.682, "VisitedNodes": 7}