{"OBBTTime": 0.389352, "rootBTTime": 0.389712, "TotalTime": 0.977979, "LinearTime": 0.268609, "LowerBound": 116.094, "UpperBound": 116.201, "SolveResult": 0, "FirstLowerBound": 89.6231, "VisitedNodes": 75}