{"OBBTTime": 0.317817, "rootBTTime": 0.321351, "TotalTime": 1.4015, "LinearTime": 0.344045, "LowerBound": 252.884, "UpperBound": 253.099, "SolveResult": 0, "FirstLowerBound": 191.264, "VisitedNodes": 35}