{"OBBTTime": 0.189853, "rootBTTime": 0.190261, "TotalTime": 0.671115, "LinearTime": 0.182346, "LowerBound": 23.7486, "UpperBound": 23.77, "SolveResult": 0, "FirstLowerBound": 9.59385, "VisitedNodes": 39}