{"OBBTTime": 0.249378, "rootBTTime": 0.251611, "TotalTime": 1.61083, "LinearTime": 0.0577405, "LowerBound": 85.3687, "UpperBound": 85.3687, "SolveResult": 0, "FirstLowerBound": 79.7814, "VisitedNodes": 9}