{"OBBTTime": 0.267907, "rootBTTime": 0.268457, "TotalTime": 0.467308, "LinearTime": 0.00885625, "LowerBound": 144.536, "UpperBound": 144.557, "SolveResult": 0, "FirstLowerBound": 141.743, "VisitedNodes": 3}