{"OBBTTime": 0.306307, "rootBTTime": 0.311982, "TotalTime": 3600, "LinearTime": 1266.98, "LowerBound": -183.984, "UpperBound": -181.47, "SolveResult": 402, "FirstLowerBound": -185.949, "VisitedNodes": 349617}