{"OBBTTime": 0.0622197, "rootBTTime": 0.0734197, "TotalTime": 1.02137, "LinearTime": 0.00929318, "LowerBound": -52.1617, "UpperBound": -52.1463, "SolveResult": 0, "FirstLowerBound": -52.1617, "VisitedNodes": 3}