{"OBBTTime": 0.112871, "rootBTTime": 0.113272, "TotalTime": 3600, "LinearTime": 1470.02, "LowerBound": 88.5896, "UpperBound": 89.0765, "SolveResult": 402, "FirstLowerBound": -233.755, "VisitedNodes": 350153}