{"OBBTTime": 0.26151, "rootBTTime": 0.269642, "TotalTime": 3600, "LinearTime": 1163.91, "LowerBound": 725.176, "UpperBound": 728.332, "SolveResult": 402, "FirstLowerBound": 719.253, "VisitedNodes": 360977}