{"OBBTTime": 0.397728, "rootBTTime": 0.397796, "TotalTime": 0.629305, "LinearTime": 0.00582635, "LowerBound": -0.000257339, "UpperBound": 0.000634859, "SolveResult": 0, "FirstLowerBound": -875, "VisitedNodes": 27}