{"OBBTTime": 0.539822, "rootBTTime": 0.539888, "TotalTime": 0.835454, "LinearTime": 0.0102437, "LowerBound": -7.50045, "UpperBound": -7.49962, "SolveResult": 0, "FirstLowerBound": -837.5, "VisitedNodes": 17}