{"OBBTTime": 0.161157, "rootBTTime": 0.161238, "TotalTime": 0.395019, "LinearTime": 0.00574183, "LowerBound": -7.4035, "UpperBound": -7.4035, "SolveResult": 0, "FirstLowerBound": -322096, "VisitedNodes": 17}