{"OBBTTime": 0.207439, "rootBTTime": 0.20751, "TotalTime": 0.419295, "LinearTime": 0.00489936, "LowerBound": -444.168, "UpperBound": -443.619, "SolveResult": 100, "FirstLowerBound": -3001, "VisitedNodes": 11}