{"OBBTTime": 0.209873, "rootBTTime": 0.210019, "TotalTime": 0.37839, "LinearTime": 0.00115352, "LowerBound": -5.50801, "UpperBound": -5.50801, "SolveResult": 0, "FirstLowerBound": -5.70114, "VisitedNodes": 3}