{"OBBTTime": 0.107361, "rootBTTime": 0.107445, "TotalTime": 0.412628, "LinearTime": 0.00806712, "LowerBound": 8.82255, "UpperBound": 8.82255, "SolveResult": 0, "FirstLowerBound": -17385, "VisitedNodes": 23}