{"OBBTTime": 0.0439606, "rootBTTime": 0.0442985, "TotalTime": 0.165213, "LinearTime": 0.000971092, "LowerBound": -16.7425, "UpperBound": -16.7389, "SolveResult": 0, "FirstLowerBound": -16.7453, "VisitedNodes": 3}