{"OBBTTime": 0.306121, "rootBTTime": 0.30744, "TotalTime": 3600.01, "LinearTime": 2609.12, "LowerBound": 2.37135, "UpperBound": 3.23402, "SolveResult": 402, "FirstLowerBound": 1.63219, "VisitedNodes": 808537}