{"OBBTTime": 0.172741, "rootBTTime": 0.173284, "TotalTime": 0.846578, "LinearTime": 0.166966, "LowerBound": 1.86381, "UpperBound": 1.86417, "SolveResult": 0, "FirstLowerBound": 0.9979, "VisitedNodes": 307}