{"OBBTTime": 0.0300923, "rootBTTime": 0.0307448, "TotalTime": 0.348107, "LinearTime": 0.0531859, "LowerBound": 0.64304, "UpperBound": 0.643806, "SolveResult": 0, "FirstLowerBound": 0, "VisitedNodes": 107}