{"OBBTTime": 0.329001, "rootBTTime": 0.332077, "TotalTime": 410.274, "LinearTime": 258.269, "LowerBound": 2.10961, "UpperBound": 2.11172, "SolveResult": 0, "FirstLowerBound": 0, "VisitedNodes": 138791}