{"OBBTTime": 0.49823, "rootBTTime": 0.502425, "TotalTime": 3599.99, "LinearTime": 2498.98, "LowerBound": 0.684503, "UpperBound": 2.91461, "SolveResult": 402, "FirstLowerBound": 0, "VisitedNodes": 1066549}