{"OBBTTime": 0.231256, "rootBTTime": 0.234366, "TotalTime": 2667.24, "LinearTime": 1731.65, "LowerBound": 2.54075, "UpperBound": 2.54075, "SolveResult": 0, "FirstLowerBound": 0, "VisitedNodes": 618903}