{"OBBTTime": 0.405492, "rootBTTime": 0.407349, "TotalTime": 0.613442, "LinearTime": 0.00422666, "LowerBound": 0.199602, "UpperBound": 0.199602, "SolveResult": 0, "FirstLowerBound": 0.199602, "VisitedNodes": 3}