{"OBBTTime": 0.210371, "rootBTTime": 0.212209, "TotalTime": 113.952, "LinearTime": 54.8403, "LowerBound": 0.338603, "UpperBound": 0.339602, "SolveResult": 0, "FirstLowerBound": 0, "VisitedNodes": 43783}