{"OBBTTime": 0.181058, "rootBTTime": 0.181141, "TotalTime": 1.53183, "LinearTime": 0.00235541, "LowerBound": -0.685701, "UpperBound": -0.685701, "SolveResult": 0, "FirstLowerBound": -27.9708, "VisitedNodes": 7}