{"OBBTTime": 0.303954, "rootBTTime": 0.309301, "TotalTime": 1.22465, "LinearTime": 0.16075, "LowerBound": -550.305, "UpperBound": -549.803, "SolveResult": 0, "FirstLowerBound": -569.882, "VisitedNodes": 163}