{"OBBTTime": 0.367103, "rootBTTime": 0.374376, "TotalTime": 1.10087, "LinearTime": 0.226891, "LowerBound": -877.646, "UpperBound": -877.646, "SolveResult": 0, "FirstLowerBound": -961.694, "VisitedNodes": 95}