{"OBBTTime": 0.306937, "rootBTTime": 0.313877, "TotalTime": 2.97721, "LinearTime": 0.576665, "LowerBound": -561.576, "UpperBound": -561.045, "SolveResult": 0, "FirstLowerBound": -574.783, "VisitedNodes": 309}