{"OBBTTime": 0.253248, "rootBTTime": 0.254555, "TotalTime": 0.756615, "LinearTime": 0.0672624, "LowerBound": -4393.91, "UpperBound": -4391.83, "SolveResult": 0, "FirstLowerBound": -6028.78, "VisitedNodes": 63}