{"OBBTTime": 0.0904894, "rootBTTime": 0.095813, "TotalTime": 4.6535, "LinearTime": 0.145824, "LowerBound": -550.291, "UpperBound": -549.802, "SolveResult": 0, "FirstLowerBound": -573.46, "VisitedNodes": 133}