{"OBBTTime": 0.424823, "rootBTTime": 0.430324, "TotalTime": 13.0345, "LinearTime": 0.325448, "LowerBound": -561.045, "UpperBound": -561.045, "SolveResult": 0, "FirstLowerBound": -574.783, "VisitedNodes": 215}