{"OBBTTime": 0.226838, "rootBTTime": 0.233052, "TotalTime": 0.629029, "LinearTime": 0.00556695, "LowerBound": -877.704, "UpperBound": -877.646, "SolveResult": 0, "FirstLowerBound": -877.71, "VisitedNodes": 3}