{"OBBTTime": 0.325799, "rootBTTime": 0.327348, "TotalTime": 1.20116, "LinearTime": 0.0415881, "LowerBound": -4394.94, "UpperBound": -4391.83, "SolveResult": 0, "FirstLowerBound": -5528.25, "VisitedNodes": 31}