{"OBBTTime": 0.0862968, "rootBTTime": 0.0865675, "TotalTime": 0.218066, "LinearTime": 0.000371533, "LowerBound": 1.17712, "UpperBound": 1.17712, "SolveResult": 0, "FirstLowerBound": 1.17712, "VisitedNodes": 1}