{"OBBTTime": 0.664094, "rootBTTime": 0.664201, "TotalTime": 3.7108, "LinearTime": 0.696427, "LowerBound": -0.000811307, "UpperBound": 2.32831e-10, "SolveResult": 0, "FirstLowerBound": -353621, "VisitedNodes": 2837}