{"OBBTTime": 0.0448089, "rootBTTime": 0.0449036, "TotalTime": 0.370782, "LinearTime": 0.0228651, "LowerBound": -12.501, "UpperBound": -12.4999, "SolveResult": 0, "FirstLowerBound": -18, "VisitedNodes": 117}