{"OBBTTime": 0.0217986, "rootBTTime": 0.0222983, "TotalTime": 0.189552, "LinearTime": 0.00019192, "LowerBound": 2.99995, "UpperBound": 3, "SolveResult": 0, "FirstLowerBound": 2.99995, "VisitedNodes": 1}