{"OBBTTime": 0.208023, "rootBTTime": 0.208184, "TotalTime": 0.576283, "LinearTime": 0.04904, "LowerBound": 7042.39, "UpperBound": 7049.25, "SolveResult": 0, "FirstLowerBound": 5383.17, "VisitedNodes": 215}