{"OBBTTime": 0.0297861, "rootBTTime": 0.0299171, "TotalTime": 0.203392, "LinearTime": 0.00187827, "LowerBound": 0.741781, "UpperBound": 0.741782, "SolveResult": 0, "FirstLowerBound": 0.531737, "VisitedNodes": 7}