{"OBBTTime": 0.0216097, "rootBTTime": 0.0217712, "TotalTime": 0.161323, "LinearTime": 0.00313405, "LowerBound": -1.08401, "UpperBound": -1.08333, "SolveResult": 0, "FirstLowerBound": -1.26132, "VisitedNodes": 15}