{"OBBTTime": 0.0364398, "rootBTTime": 0.0365553, "TotalTime": 0.103653, "LinearTime": 0.000468664, "LowerBound": -6.66667, "UpperBound": -6.66667, "SolveResult": 0, "FirstLowerBound": -6.66667, "VisitedNodes": 1}