{"OBBTTime": 0.0277823, "rootBTTime": 0.0278831, "TotalTime": 0.241904, "LinearTime": 0.0066108, "LowerBound": -118.815, "UpperBound": -118.705, "SolveResult": 0, "FirstLowerBound": -3053.59, "VisitedNodes": 25}