{"OBBTTime": 0.0349504, "rootBTTime": 0.0361214, "TotalTime": 0.538579, "LinearTime": 0.0954836, "LowerBound": -1162.4, "UpperBound": -1161.34, "SolveResult": 0, "FirstLowerBound": -1510.13, "VisitedNodes": 189}