{"OBBTTime": 0.030545, "rootBTTime": 0.0306899, "TotalTime": 0.377227, "LinearTime": 0.00172728, "LowerBound": -2.82843, "UpperBound": -2.82843, "SolveResult": 0, "FirstLowerBound": -2.89599, "VisitedNodes": 7}