{"OBBTTime": 0.179888, "rootBTTime": 0.180157, "TotalTime": 0.342411, "LinearTime": 0.00020605, "LowerBound": -185.779, "UpperBound": -185.779, "SolveResult": 0, "FirstLowerBound": -185.779, "VisitedNodes": 1}