{"OBBTTime": 0.0623013, "rootBTTime": 0.0623815, "TotalTime": 0.241946, "LinearTime": 0.00235338, "LowerBound": -0.500491, "UpperBound": -0.5, "SolveResult": 0, "FirstLowerBound": -0.540159, "VisitedNodes": 11}