{"OBBTTime": 0.0361047, "rootBTTime": 0.036919, "TotalTime": 0.28309, "LinearTime": 0.0280192, "LowerBound": -621.534, "UpperBound": -621.488, "SolveResult": 0, "FirstLowerBound": -1467.02, "VisitedNodes": 25}