{"OBBTTime": 0.058576, "rootBTTime": 0.0590797, "TotalTime": 0.324659, "LinearTime": 0.00673463, "LowerBound": -795.336, "UpperBound": -794.856, "SolveResult": 0, "FirstLowerBound": -830.676, "VisitedNodes": 15}