{"OBBTTime": 1.26271, "rootBTTime": 1.27799, "TotalTime": 3600.01, "LinearTime": 1995.28, "LowerBound": 1128.38, "UpperBound": 1201.04, "SolveResult": 402, "FirstLowerBound": 648, "VisitedNodes": 412875}