{"OBBTTime": 0.0682748, "rootBTTime": 0.0691375, "TotalTime": 0.316667, "LinearTime": 0.00725533, "LowerBound": 130.698, "UpperBound": 130.703, "SolveResult": 0, "FirstLowerBound": 84.8404, "VisitedNodes": 11}