{"OBBTTime": 0.838797, "rootBTTime": 0.867574, "TotalTime": 3600.01, "LinearTime": 1865.11, "LowerBound": 1379.54, "UpperBound": 179769000000000000000000000000000000000000000000000000000000000000000000000000000000000000000000000000000000000000000000000000000000000000000000000000000000000000000000000000000000000000000000000000000000000000000000000000000000000000000000000000000000000000000000000000000000000000000000000000000000000000000, "SolveResult": 402, "FirstLowerBound": 1212.71, "VisitedNodes": 502657}