{"OBBTTime": 1.75487, "rootBTTime": 1.78629, "TotalTime": 3599.98, "LinearTime": 1903.89, "LowerBound": 380.478, "UpperBound": 513.001, "SolveResult": 402, "FirstLowerBound": 337.735, "VisitedNodes": 308507}