{"OBBTTime": 0.731526, "rootBTTime": 0.748801, "TotalTime": 3600, "LinearTime": 2003.01, "LowerBound": 108.918, "UpperBound": 179769000000000000000000000000000000000000000000000000000000000000000000000000000000000000000000000000000000000000000000000000000000000000000000000000000000000000000000000000000000000000000000000000000000000000000000000000000000000000000000000000000000000000000000000000000000000000000000000000000000000000000, "SolveResult": 402, "FirstLowerBound": 99.8976, "VisitedNodes": 492343}