{"OBBTTime": 0.14349, "rootBTTime": 0.147352, "TotalTime": 297.035, "LinearTime": 164.253, "LowerBound": 2443.99, "UpperBound": 2446.43, "SolveResult": 0, "FirstLowerBound": 975.484, "VisitedNodes": 72203}