{"OBBTTime": 0.218963, "rootBTTime": 0.222582, "TotalTime": 45.6468, "LinearTime": 18.2614, "LowerBound": 229.476, "UpperBound": 229.701, "SolveResult": 0, "FirstLowerBound": 99.8976, "VisitedNodes": 9847}