{"OBBTTime": 3.72503, "rootBTTime": 3.76253, "TotalTime": 3599.73, "LinearTime": 2078.41, "LowerBound": 1397.09, "UpperBound": 2127.12, "SolveResult": 402, "FirstLowerBound": 1024.8, "VisitedNodes": 309085}