{"OBBTTime": 0.0882195, "rootBTTime": 0.0896812, "TotalTime": 0.368833, "LinearTime": 0.0262185, "LowerBound": 89.8264, "UpperBound": 89.8361, "SolveResult": 0, "FirstLowerBound": 69.2386, "VisitedNodes": 29}