{"OBBTTime": 0.363788, "rootBTTime": 0.369833, "TotalTime": 3600, "LinearTime": 2479.54, "LowerBound": 468.847, "UpperBound": 513.001, "SolveResult": 402, "FirstLowerBound": 213.266, "VisitedNodes": 708889}