{"OBBTTime": 0.889537, "rootBTTime": 0.906212, "TotalTime": 3600.02, "LinearTime": 2751.22, "LowerBound": 400.848, "UpperBound": 410.635, "SolveResult": 402, "FirstLowerBound": 289.018, "VisitedNodes": 252225}