{"OBBTTime": 0.280868, "rootBTTime": 0.286609, "TotalTime": 3600.28, "LinearTime": 2462.74, "LowerBound": 237.605, "UpperBound": 238.733, "SolveResult": 402, "FirstLowerBound": 213.851, "VisitedNodes": 618219}