{"OBBTTime": 0.347591, "rootBTTime": 0.355118, "TotalTime": 3600.01, "LinearTime": 2448.11, "LowerBound": 155.989, "UpperBound": 157.094, "SolveResult": 402, "FirstLowerBound": 139.511, "VisitedNodes": 547973}