{"OBBTTime": 6.65653, "rootBTTime": 6.67748, "TotalTime": 3600.08, "LinearTime": 2338.68, "LowerBound": -23.2863, "UpperBound": -6.38601, "SolveResult": 402, "FirstLowerBound": -146.724, "VisitedNodes": 39171}