{"OBBTTime": 6.41855, "rootBTTime": 6.83744, "TotalTime": 3599.91, "LinearTime": 1645.96, "LowerBound": -61.0392, "UpperBound": -32.1476, "SolveResult": 402, "FirstLowerBound": -79.709, "VisitedNodes": 14855}