{"OBBTTime": 3.79137, "rootBTTime": 3.88326, "TotalTime": 3600.1, "LinearTime": 2016.02, "LowerBound": -59.1108, "UpperBound": -37.8535, "SolveResult": 402, "FirstLowerBound": -78.7596, "VisitedNodes": 32985}