{"OBBTTime": 3.01731, "rootBTTime": 3.24045, "TotalTime": 3600.03, "LinearTime": 2292.06, "LowerBound": -94.1846, "UpperBound": -57.2467, "SolveResult": 402, "FirstLowerBound": -140.358, "VisitedNodes": 18861}