{"OBBTTime": 3.56275, "rootBTTime": 3.59958, "TotalTime": 3600, "LinearTime": 2831.49, "LowerBound": -11.2751, "UpperBound": -7.71416, "SolveResult": 402, "FirstLowerBound": -16.5155, "VisitedNodes": 23325}