{"OBBTTime": 3.74838, "rootBTTime": 3.96591, "TotalTime": 3600.03, "LinearTime": 2124.1, "LowerBound": -19.0197, "UpperBound": -14.9675, "SolveResult": 402, "FirstLowerBound": -25.6776, "VisitedNodes": 21423}