{"OBBTTime": 4.92516, "rootBTTime": 4.96336, "TotalTime": 3600.08, "LinearTime": 3038.78, "LowerBound": -10.2984, "UpperBound": -7.78917, "SolveResult": 402, "FirstLowerBound": -15.4878, "VisitedNodes": 17263}