{"OBBTTime": 2.51353, "rootBTTime": 2.53764, "TotalTime": 3600.01, "LinearTime": 2940.88, "LowerBound": -54.4184, "UpperBound": -43.1604, "SolveResult": 402, "FirstLowerBound": -85.6492, "VisitedNodes": 38639}