{"OBBTTime": 0.842699, "rootBTTime": 0.98794, "TotalTime": 3600.03, "LinearTime": 1633.35, "LowerBound": -11.5898, "UpperBound": -8.30138, "SolveResult": 402, "FirstLowerBound": -18.1057, "VisitedNodes": 45415}