{"OBBTTime": 8.00312, "rootBTTime": 8.48329, "TotalTime": 3600.01, "LinearTime": 1967.57, "LowerBound": -15.2154, "UpperBound": -9.2173, "SolveResult": 402, "FirstLowerBound": -22.6158, "VisitedNodes": 11333}