{"OBBTTime": 7.87611, "rootBTTime": 7.90687, "TotalTime": 3600.11, "LinearTime": 3198.86, "LowerBound": -112.994, "UpperBound": -75.6687, "SolveResult": 402, "FirstLowerBound": -149.309, "VisitedNodes": 13065}