{"OBBTTime": 5.16699, "rootBTTime": 5.23124, "TotalTime": 3600.21, "LinearTime": 2922.87, "LowerBound": -29.3698, "UpperBound": -14.6419, "SolveResult": 402, "FirstLowerBound": -37.2054, "VisitedNodes": 11979}