{"OBBTTime": 3.73176, "rootBTTime": 4.13495, "TotalTime": 3599.88, "LinearTime": 1501.99, "LowerBound": -117.568, "UpperBound": -78.6716, "SolveResult": 402, "FirstLowerBound": -155.747, "VisitedNodes": 18587}