{"OBBTTime": 1.92099, "rootBTTime": 2.06501, "TotalTime": 3600.03, "LinearTime": 1658.62, "LowerBound": -55.5245, "UpperBound": -51.4782, "SolveResult": 402, "FirstLowerBound": -75.555, "VisitedNodes": 42241}