{"OBBTTime": 0.684779, "rootBTTime": 0.80945, "TotalTime": 1200.36, "LinearTime": 427.022, "LowerBound": -35.9519, "UpperBound": -35.9161, "SolveResult": 0, "FirstLowerBound": -57.575, "VisitedNodes": 22515}