{"OBBTTime": 2.94614, "rootBTTime": 3.22607, "TotalTime": 3600.04, "LinearTime": 1564.84, "LowerBound": -44.8358, "UpperBound": -38.3101, "SolveResult": 402, "FirstLowerBound": -62.18, "VisitedNodes": 24285}