{"OBBTTime": 0.652203, "rootBTTime": 0.71219, "TotalTime": 3600.06, "LinearTime": 1798.08, "LowerBound": 6.08001, "UpperBound": 11.9945, "SolveResult": 402, "FirstLowerBound": 5, "VisitedNodes": 98729}