{"OBBTTime": 1.05768, "rootBTTime": 1.08687, "TotalTime": 3600.01, "LinearTime": 2380.51, "LowerBound": 321.65, "UpperBound": 323.682, "SolveResult": 402, "FirstLowerBound": 251.171, "VisitedNodes": 176599}