{"OBBTTime": 6.85428, "rootBTTime": 6.94528, "TotalTime": 3600.04, "LinearTime": 2103.92, "LowerBound": 79.0637, "UpperBound": 179769000000000000000000000000000000000000000000000000000000000000000000000000000000000000000000000000000000000000000000000000000000000000000000000000000000000000000000000000000000000000000000000000000000000000000000000000000000000000000000000000000000000000000000000000000000000000000000000000000000000000000, "SolveResult": 402, "FirstLowerBound": 77.6442, "VisitedNodes": 91203}