{"OBBTTime": 0.594936, "rootBTTime": 0.650344, "TotalTime": 3598.39, "LinearTime": 1839.9, "LowerBound": 6.46311, "UpperBound": 179769000000000000000000000000000000000000000000000000000000000000000000000000000000000000000000000000000000000000000000000000000000000000000000000000000000000000000000000000000000000000000000000000000000000000000000000000000000000000000000000000000000000000000000000000000000000000000000000000000000000000000, "SolveResult": 402, "FirstLowerBound": 5, "VisitedNodes": 104229}