{"OBBTTime": 0.933321, "rootBTTime": 0.947861, "TotalTime": 3599.97, "LinearTime": 2272.8, "LowerBound": 997.33, "UpperBound": 1201.04, "SolveResult": 402, "FirstLowerBound": 648, "VisitedNodes": 446653}