{"OBBTTime": 2.02119, "rootBTTime": 2.05881, "TotalTime": 3600.04, "LinearTime": 2090.06, "LowerBound": 1371.58, "UpperBound": 2127.12, "SolveResult": 402, "FirstLowerBound": 1024.8, "VisitedNodes": 316041}