{"OBBTTime": 8.51013, "rootBTTime": 8.88528, "TotalTime": 3600.1, "LinearTime": 2741.77, "LowerBound": 779.338, "UpperBound": 797.977, "SolveResult": 402, "FirstLowerBound": 753.253, "VisitedNodes": 28785}