{"OBBTTime": 1.35085, "rootBTTime": 1.42937, "TotalTime": 2158.9, "LinearTime": 1233.75, "LowerBound": 365.418, "UpperBound": 365.784, "SolveResult": 0, "FirstLowerBound": 353.872, "VisitedNodes": 81349}