{"OBBTTime": 0.200408, "rootBTTime": 0.225663, "TotalTime": 3600.02, "LinearTime": 1607.61, "LowerBound": 4.74739, "UpperBound": 179769000000000000000000000000000000000000000000000000000000000000000000000000000000000000000000000000000000000000000000000000000000000000000000000000000000000000000000000000000000000000000000000000000000000000000000000000000000000000000000000000000000000000000000000000000000000000000000000000000000000000000, "SolveResult": 402, "FirstLowerBound": 2.36788, "VisitedNodes": 225579}