{"OBBTTime": 1.14464, "rootBTTime": 1.17634, "TotalTime": 3597.44, "LinearTime": 1971.61, "LowerBound": 370.976, "UpperBound": 513.001, "SolveResult": 402, "FirstLowerBound": 337.654, "VisitedNodes": 303121}