{"OBBTTime": 1.71461, "rootBTTime": 1.75646, "TotalTime": 3600.25, "LinearTime": 1865.46, "LowerBound": 1097.84, "UpperBound": 1358.66, "SolveResult": 402, "FirstLowerBound": 964.444, "VisitedNodes": 229823}