{"OBBTTime": 1.19374, "rootBTTime": 1.26548, "TotalTime": 3600.01, "LinearTime": 2152.95, "LowerBound": 312.433, "UpperBound": 312.922, "SolveResult": 402, "FirstLowerBound": 304.146, "VisitedNodes": 139697}