{"OBBTTime": 0.983018, "rootBTTime": 1.04336, "TotalTime": 741.144, "LinearTime": 363.534, "LowerBound": 511.015, "UpperBound": 511.527, "SolveResult": 0, "FirstLowerBound": 500.462, "VisitedNodes": 35953}