{"OBBTTime": 5.88778, "rootBTTime": 5.97733, "TotalTime": 3587.16, "LinearTime": 2029.11, "LowerBound": 714.786, "UpperBound": 1201.04, "SolveResult": 402, "FirstLowerBound": 648, "VisitedNodes": 163479}