{"OBBTTime": 0.57928, "rootBTTime": 0.633297, "TotalTime": 3600.03, "LinearTime": 1809.31, "LowerBound": 6.2526, "UpperBound": 179769000000000000000000000000000000000000000000000000000000000000000000000000000000000000000000000000000000000000000000000000000000000000000000000000000000000000000000000000000000000000000000000000000000000000000000000000000000000000000000000000000000000000000000000000000000000000000000000000000000000000000, "SolveResult": 402, "FirstLowerBound": 5, "VisitedNodes": 109347}