{"OBBTTime": 6.62042, "rootBTTime": 6.87349, "TotalTime": 3600, "LinearTime": 3069.47, "LowerBound": 597.3, "UpperBound": 662.807, "SolveResult": 402, "FirstLowerBound": 545.272, "VisitedNodes": 31569}