{"OBBTTime": 0.570772, "rootBTTime": 0.595054, "TotalTime": 3597.07, "LinearTime": 1979.36, "LowerBound": 574.511, "UpperBound": 586.68, "SolveResult": 402, "FirstLowerBound": 225, "VisitedNodes": 501187}