{"OBBTTime": 1.32844, "rootBTTime": 1.36873, "TotalTime": 3600.01, "LinearTime": 2450.55, "LowerBound": 395.25, "UpperBound": 403.196, "SolveResult": 402, "FirstLowerBound": 375.079, "VisitedNodes": 199353}