{"OBBTTime": 8.25217, "rootBTTime": 8.43735, "TotalTime": 3600.02, "LinearTime": 3024.77, "LowerBound": 528.068, "UpperBound": 556.675, "SolveResult": 402, "FirstLowerBound": 455.137, "VisitedNodes": 37565}