{"OBBTTime": 6.21762, "rootBTTime": 6.25296, "TotalTime": 3599.92, "LinearTime": 1863.68, "LowerBound": -692.547, "UpperBound": -689.161, "SolveResult": 402, "FirstLowerBound": -799.302, "VisitedNodes": 105545}