{"OBBTTime": 0.0210286, "rootBTTime": 0.0215762, "TotalTime": 0.195713, "LinearTime": 0.0592646, "LowerBound": -1.76675, "UpperBound": -1.765, "SolveResult": 0, "FirstLowerBound": -1.93046, "VisitedNodes": 93}