{"OBBTTime": 1.99991, "rootBTTime": 8.51664, "TotalTime": 3600.02, "LinearTime": 1686.92, "LowerBound": -2567230.0, "UpperBound": 179769000000000000000000000000000000000000000000000000000000000000000000000000000000000000000000000000000000000000000000000000000000000000000000000000000000000000000000000000000000000000000000000000000000000000000000000000000000000000000000000000000000000000000000000000000000000000000000000000000000000000000, "SolveResult": 402, "FirstLowerBound": -15598300.0, "VisitedNodes": 1757}