{"OBBTTime": 0.978228, "rootBTTime": 0.988691, "TotalTime": 2.31648, "LinearTime": 0.863671, "LowerBound": 1013.57, "UpperBound": 1014.39, "SolveResult": 0, "FirstLowerBound": 992.187, "VisitedNodes": 67}