{"OBBTTime": 0.0629904, "rootBTTime": 0.0654295, "TotalTime": 0.423623, "LinearTime": 0.137782, "LowerBound": 135.934, "UpperBound": 136.07, "SolveResult": 0, "FirstLowerBound": 130.314, "VisitedNodes": 151}