{"OBBTTime": 0.16909, "rootBTTime": 0.171891, "TotalTime": 193.53, "LinearTime": 136.213, "LowerBound": 503.974, "UpperBound": 504.479, "SolveResult": 0, "FirstLowerBound": 409.755, "VisitedNodes": 53075}