{"OBBTTime": 0.175349, "rootBTTime": 0.178797, "TotalTime": 41.3635, "LinearTime": 29.4048, "LowerBound": 387.12, "UpperBound": 387.507, "SolveResult": 0, "FirstLowerBound": 337.042, "VisitedNodes": 9511}