{"OBBTTime": 0.0865176, "rootBTTime": 0.0884073, "TotalTime": 0.149509, "LinearTime": 0.00823155, "LowerBound": 184.923, "UpperBound": 185.07, "SolveResult": 0, "FirstLowerBound": 183.668, "VisitedNodes": 7}