{"OBBTTime": 0.0486811, "rootBTTime": 0.0501253, "TotalTime": 0.117381, "LinearTime": 0.0062459, "LowerBound": 175.106, "UpperBound": 175.257, "SolveResult": 0, "FirstLowerBound": 174.595, "VisitedNodes": 9}