{"OBBTTime": 0.0322349, "rootBTTime": 0.0333145, "TotalTime": 0.0616035, "LinearTime": 0.000453143, "LowerBound": 92.4734, "UpperBound": 92.4734, "SolveResult": 0, "FirstLowerBound": 92.4734, "VisitedNodes": 1}