{"OBBTTime": 1.16593, "rootBTTime": 1.17681, "TotalTime": 3600.01, "LinearTime": 2965.75, "LowerBound": 2067.71, "UpperBound": 2086.45, "SolveResult": 402, "FirstLowerBound": 1609.79, "VisitedNodes": 147965}