{"OBBTTime": 0.131868, "rootBTTime": 0.134095, "TotalTime": 0.308205, "LinearTime": 0.0554425, "LowerBound": 201.09, "UpperBound": 201.287, "SolveResult": 0, "FirstLowerBound": 193.821, "VisitedNodes": 31}