{"OBBTTime": 1.11432, "rootBTTime": 1.12502, "TotalTime": 1097.51, "LinearTime": 882.598, "LowerBound": 1385.18, "UpperBound": 1386.56, "SolveResult": 0, "FirstLowerBound": 1045.18, "VisitedNodes": 49159}