{"OBBTTime": 0.111604, "rootBTTime": 0.114487, "TotalTime": 1.04306, "LinearTime": 0.51643, "LowerBound": 335.628, "UpperBound": 335.962, "SolveResult": 0, "FirstLowerBound": 326.221, "VisitedNodes": 311}