{"OBBTTime": 0.0412674, "rootBTTime": 0.0429585, "TotalTime": 0.0700953, "LinearTime": 0.000708437, "LowerBound": 144.022, "UpperBound": 144.022, "SolveResult": 0, "FirstLowerBound": 144.022, "VisitedNodes": 1}