{"OBBTTime": 0.0526714, "rootBTTime": 0.0544306, "TotalTime": 0.0976755, "LinearTime": 0.00212414, "LowerBound": 122.049, "UpperBound": 122.111, "SolveResult": 0, "FirstLowerBound": 122.019, "VisitedNodes": 3}