{"OBBTTime": 3.17994, "rootBTTime": 3.20232, "TotalTime": 3600.11, "LinearTime": 3070.54, "LowerBound": 3260.39, "UpperBound": 3435.05, "SolveResult": 402, "FirstLowerBound": 2272.25, "VisitedNodes": 51709}