{"OBBTTime": 0.0934432, "rootBTTime": 0.0957503, "TotalTime": 0.239789, "LinearTime": 0.0412841, "LowerBound": 389.79, "UpperBound": 390.178, "SolveResult": 0, "FirstLowerBound": 386.148, "VisitedNodes": 31}