{"OBBTTime": 2.40713, "rootBTTime": 2.42836, "TotalTime": 3600.02, "LinearTime": 2987.66, "LowerBound": 3197.11, "UpperBound": 3309.87, "SolveResult": 402, "FirstLowerBound": 2416.01, "VisitedNodes": 62409}