{"OBBTTime": 0.0553732, "rootBTTime": 0.0571849, "TotalTime": 0.0886437, "LinearTime": 0.00231908, "LowerBound": 136.826, "UpperBound": 136.955, "SolveResult": 0, "FirstLowerBound": 136.598, "VisitedNodes": 3}