{"OBBTTime": 0.0281367, "rootBTTime": 0.0291747, "TotalTime": 0.0566705, "LinearTime": 0.000377918, "LowerBound": 88.4854, "UpperBound": 88.4854, "SolveResult": 0, "FirstLowerBound": 88.4854, "VisitedNodes": 1}