{"OBBTTime": 0.18232, "rootBTTime": 0.184864, "TotalTime": 0.300497, "LinearTime": 0.0292187, "LowerBound": 250.717, "UpperBound": 250.841, "SolveResult": 0, "FirstLowerBound": 249.826, "VisitedNodes": 13}