{"OBBTTime": 0.0389866, "rootBTTime": 0.0403942, "TotalTime": 0.0677937, "LinearTime": 0.000543432, "LowerBound": 121.834, "UpperBound": 121.834, "SolveResult": 0, "FirstLowerBound": 121.834, "VisitedNodes": 1}