{"OBBTTime": 0.0549528, "rootBTTime": 0.0572697, "TotalTime": 0.127411, "LinearTime": 0.00740391, "LowerBound": 148.501, "UpperBound": 148.636, "SolveResult": 0, "FirstLowerBound": 147.857, "VisitedNodes": 9}