{"OBBTTime": 0.11018, "rootBTTime": 0.112447, "TotalTime": 0.432073, "LinearTime": 0.132132, "LowerBound": 96.561, "UpperBound": 96.6548, "SolveResult": 0, "FirstLowerBound": 94.0069, "VisitedNodes": 107}