{"OBBTTime": 3.00356, "rootBTTime": 3.02579, "TotalTime": 3600.04, "LinearTime": 3060.51, "LowerBound": 2777.15, "UpperBound": 2965.35, "SolveResult": 402, "FirstLowerBound": 1822.88, "VisitedNodes": 54611}