{"OBBTTime": 3.12133, "rootBTTime": 3.14322, "TotalTime": 3600.01, "LinearTime": 3054.03, "LowerBound": 3721.93, "UpperBound": 3854.19, "SolveResult": 402, "FirstLowerBound": 2667.84, "VisitedNodes": 54549}