{"OBBTTime": 1.11684, "rootBTTime": 1.12702, "TotalTime": 155.177, "LinearTime": 125.212, "LowerBound": 1572.47, "UpperBound": 1574.04, "SolveResult": 0, "FirstLowerBound": 1367.87, "VisitedNodes": 6997}