{"OBBTTime": 0.0734739, "rootBTTime": 0.0750649, "TotalTime": 0.142598, "LinearTime": 0.00843084, "LowerBound": 139.214, "UpperBound": 139.299, "SolveResult": 0, "FirstLowerBound": 138.721, "VisitedNodes": 9}