{"OBBTTime": 0.0462559, "rootBTTime": 0.0480246, "TotalTime": 0.0787753, "LinearTime": 0.00195307, "LowerBound": 175.407, "UpperBound": 175.407, "SolveResult": 0, "FirstLowerBound": 175.406, "VisitedNodes": 3}