{"OBBTTime": 0.791168, "rootBTTime": 0.794095, "TotalTime": 17.0215, "LinearTime": 14.4772, "LowerBound": 1024.83, "UpperBound": 1025.84, "SolveResult": 0, "FirstLowerBound": 913.135, "VisitedNodes": 655}