{"OBBTTime": 0.0382164, "rootBTTime": 0.0391139, "TotalTime": 0.557324, "LinearTime": 0.234521, "LowerBound": 35.3849, "UpperBound": 35.4199, "SolveResult": 0, "FirstLowerBound": 27.0393, "VisitedNodes": 237}