{"OBBTTime": 0.0302075, "rootBTTime": 0.031005, "TotalTime": 0.0625643, "LinearTime": 0.00254312, "LowerBound": 138.002, "UpperBound": 138.006, "SolveResult": 0, "FirstLowerBound": 137.966, "VisitedNodes": 3}