{"OBBTTime": 8.25917, "rootBTTime": 8.27779, "TotalTime": 3600.11, "LinearTime": 3338.85, "LowerBound": 5379.03, "UpperBound": 5407, "SolveResult": 402, "FirstLowerBound": 4652.03, "VisitedNodes": 11121}