{"OBBTTime": 0.738983, "rootBTTime": 0.742091, "TotalTime": 74.6601, "LinearTime": 66.4428, "LowerBound": 1048.14, "UpperBound": 1049.19, "SolveResult": 0, "FirstLowerBound": 765.689, "VisitedNodes": 2713}