{"OBBTTime": 0.707928, "rootBTTime": 0.711246, "TotalTime": 159.593, "LinearTime": 139.747, "LowerBound": 1176.69, "UpperBound": 1177.87, "SolveResult": 0, "FirstLowerBound": 651.463, "VisitedNodes": 6815}