{"OBBTTime": 0.0577372, "rootBTTime": 0.0589559, "TotalTime": 8.53534, "LinearTime": 6.2778, "LowerBound": 304.726, "UpperBound": 305.031, "SolveResult": 0, "FirstLowerBound": 228.062, "VisitedNodes": 3637}