{"OBBTTime": 0.686949, "rootBTTime": 0.690044, "TotalTime": 142.775, "LinearTime": 122.516, "LowerBound": 1173.88, "UpperBound": 1175.06, "SolveResult": 0, "FirstLowerBound": 831.858, "VisitedNodes": 5355}