{"OBBTTime": 0.0334026, "rootBTTime": 0.0343141, "TotalTime": 0.0738321, "LinearTime": 0.00426156, "LowerBound": -2.50177, "UpperBound": -2.50177, "SolveResult": 0, "FirstLowerBound": -2.8812, "VisitedNodes": 5}