{"OBBTTime": 0.260433, "rootBTTime": 0.262313, "TotalTime": 2.67898, "LinearTime": 1.86562, "LowerBound": 338.838, "UpperBound": 339.175, "SolveResult": 0, "FirstLowerBound": 248.018, "VisitedNodes": 263}