{"OBBTTime": 0.0583287, "rootBTTime": 0.0592961, "TotalTime": 26.6441, "LinearTime": 20.6306, "LowerBound": 11.5017, "UpperBound": 11.5132, "SolveResult": 0, "FirstLowerBound": -7.61127, "VisitedNodes": 11175}