{"OBBTTime": 0.279299, "rootBTTime": 0.281262, "TotalTime": 2.67841, "LinearTime": 1.92645, "LowerBound": 233.836, "UpperBound": 233.986, "SolveResult": 0, "FirstLowerBound": 102.181, "VisitedNodes": 249}