{"OBBTTime": 0.0523215, "rootBTTime": 0.0533276, "TotalTime": 1.50267, "LinearTime": 0.987871, "LowerBound": 234.519, "UpperBound": 234.752, "SolveResult": 0, "FirstLowerBound": 215.279, "VisitedNodes": 671}