{"OBBTTime": 9.02139, "rootBTTime": 9.03957, "TotalTime": 3600.26, "LinearTime": 3297.79, "LowerBound": 4462.5, "UpperBound": 4473.67, "SolveResult": 402, "FirstLowerBound": 3102.55, "VisitedNodes": 11085}