{"OBBTTime": 0.247575, "rootBTTime": 0.249326, "TotalTime": 0.738476, "LinearTime": 0.319888, "LowerBound": 321.712, "UpperBound": 321.997, "SolveResult": 0, "FirstLowerBound": 298.739, "VisitedNodes": 51}