{"OBBTTime": 0.261197, "rootBTTime": 0.263115, "TotalTime": 15.3224, "LinearTime": 12.2274, "LowerBound": 656.078, "UpperBound": 656.734, "SolveResult": 0, "FirstLowerBound": 486.238, "VisitedNodes": 1645}