{"OBBTTime": 8.69926, "rootBTTime": 8.71857, "TotalTime": 3452.37, "LinearTime": 3127.59, "LowerBound": 6130.43, "UpperBound": 6136.55, "SolveResult": 0, "FirstLowerBound": 4995.33, "VisitedNodes": 11985}