{"OBBTTime": 0.0561754, "rootBTTime": 0.0572525, "TotalTime": 0.553085, "LinearTime": 0.297271, "LowerBound": 105.595, "UpperBound": 105.7, "SolveResult": 0, "FirstLowerBound": 71.4802, "VisitedNodes": 181}