{"OBBTTime": 0.0246428, "rootBTTime": 0.0253119, "TotalTime": 0.0519348, "LinearTime": 0.000568196, "LowerBound": 40.8849, "UpperBound": 40.8849, "SolveResult": 0, "FirstLowerBound": 40.8849, "VisitedNodes": 1}