{"OBBTTime": 8.43271, "rootBTTime": 8.45144, "TotalTime": 3600.12, "LinearTime": 3283.12, "LowerBound": 5582.21, "UpperBound": 5619.98, "SolveResult": 402, "FirstLowerBound": 4479.29, "VisitedNodes": 11701}