{"OBBTTime": 0.325596, "rootBTTime": 0.327707, "TotalTime": 92.9817, "LinearTime": 78.4983, "LowerBound": 706.482, "UpperBound": 707.183, "SolveResult": 0, "FirstLowerBound": 529.25, "VisitedNodes": 9043}