{"OBBTTime": 5.07087, "rootBTTime": 5.11833, "TotalTime": 2461.33, "LinearTime": 1705.29, "LowerBound": 11545.6, "UpperBound": 11557.2, "SolveResult": 0, "FirstLowerBound": 9060.48, "VisitedNodes": 6505}