{"OBBTTime": 0.03745, "rootBTTime": 0.0385722, "TotalTime": 0.203841, "LinearTime": 0.0431684, "LowerBound": 128.362, "UpperBound": 128.479, "SolveResult": 0, "FirstLowerBound": 125.157, "VisitedNodes": 45}