{"OBBTTime": 0.0480029, "rootBTTime": 0.0488075, "TotalTime": 0.100839, "LinearTime": 0.00907472, "LowerBound": 103.676, "UpperBound": 103.676, "SolveResult": 0, "FirstLowerBound": 103.44, "VisitedNodes": 7}