{"OBBTTime": 5.12116, "rootBTTime": 5.17145, "TotalTime": 3188.11, "LinearTime": 2224.93, "LowerBound": 11276.3, "UpperBound": 11287.6, "SolveResult": 0, "FirstLowerBound": 9052.54, "VisitedNodes": 8829}