{"OBBTTime": 0.0534447, "rootBTTime": 0.0545605, "TotalTime": 0.169888, "LinearTime": 0.021777, "LowerBound": 25.0663, "UpperBound": 25.0912, "SolveResult": 0, "FirstLowerBound": 24.9769, "VisitedNodes": 9}