{"OBBTTime": 0.0559616, "rootBTTime": 0.0567912, "TotalTime": 0.619316, "LinearTime": 0.360939, "LowerBound": 201.901, "UpperBound": 202.056, "SolveResult": 0, "FirstLowerBound": 178.798, "VisitedNodes": 147}