{"OBBTTime": 0.0857514, "rootBTTime": 0.0864372, "TotalTime": 0.168563, "LinearTime": 0.0244488, "LowerBound": -30.2893, "UpperBound": -30.2893, "SolveResult": 0, "FirstLowerBound": -32.8297, "VisitedNodes": 7}