{"OBBTTime": 5.57339, "rootBTTime": 5.57901, "TotalTime": 654.212, "LinearTime": 592.846, "LowerBound": 3272.47, "UpperBound": 3275.72, "SolveResult": 0, "FirstLowerBound": 2476.09, "VisitedNodes": 2513}