{"OBBTTime": 0.180121, "rootBTTime": 0.180959, "TotalTime": 0.51941, "LinearTime": 0.234349, "LowerBound": 83.5221, "UpperBound": 83.6011, "SolveResult": 0, "FirstLowerBound": 74.9798, "VisitedNodes": 31}