{"OBBTTime": 8.19305, "rootBTTime": 8.22795, "TotalTime": 2600.57, "LinearTime": 1125.28, "LowerBound": 15472.3, "UpperBound": 15487.8, "SolveResult": 0, "FirstLowerBound": 12355.1, "VisitedNodes": 2403}