{"OBBTTime": 1.80263, "rootBTTime": 1.80518, "TotalTime": 248.762, "LinearTime": 220.416, "LowerBound": 1213.87, "UpperBound": 1215.08, "SolveResult": 0, "FirstLowerBound": 573.243, "VisitedNodes": 3043}