{"OBBTTime": 0.131574, "rootBTTime": 0.132419, "TotalTime": 13.3465, "LinearTime": 10.7561, "LowerBound": 179.114, "UpperBound": 179.291, "SolveResult": 0, "FirstLowerBound": 15.3552, "VisitedNodes": 1527}