{"OBBTTime": 0.157514, "rootBTTime": 0.158441, "TotalTime": 22.0768, "LinearTime": 17.6648, "LowerBound": 70.2289, "UpperBound": 70.2981, "SolveResult": 0, "FirstLowerBound": -108.324, "VisitedNodes": 2313}