{"OBBTTime": 9.54582, "rootBTTime": 9.58016, "TotalTime": 3602.22, "LinearTime": 1853.57, "LowerBound": 12923.4, "UpperBound": 12944.4, "SolveResult": 402, "FirstLowerBound": 10460.6, "VisitedNodes": 4611}