{"OBBTTime": 0.223392, "rootBTTime": 0.224409, "TotalTime": 14.9355, "LinearTime": 12.6015, "LowerBound": 88.8749, "UpperBound": 88.9636, "SolveResult": 0, "FirstLowerBound": -71.1674, "VisitedNodes": 1437}