{"OBBTTime": 1.78026, "rootBTTime": 1.78269, "TotalTime": 312.735, "LinearTime": 271.021, "LowerBound": 1704.29, "UpperBound": 1705.96, "SolveResult": 0, "FirstLowerBound": 1007.52, "VisitedNodes": 3007}