{"OBBTTime": 5.25481, "rootBTTime": 5.26026, "TotalTime": 3600.3, "LinearTime": 3187.31, "LowerBound": 2754.08, "UpperBound": 2766.66, "SolveResult": 402, "FirstLowerBound": 1572.12, "VisitedNodes": 11381}