{"OBBTTime": 0.0490457, "rootBTTime": 0.0497743, "TotalTime": 0.611245, "LinearTime": 0.363648, "LowerBound": 85.2158, "UpperBound": 85.2595, "SolveResult": 0, "FirstLowerBound": 66.4387, "VisitedNodes": 175}