{"OBBTTime": 1.68345, "rootBTTime": 1.68582, "TotalTime": 183.537, "LinearTime": 159.381, "LowerBound": 953.653, "UpperBound": 954.594, "SolveResult": 0, "FirstLowerBound": 371.437, "VisitedNodes": 1949}