{"OBBTTime": 0.149291, "rootBTTime": 0.15002, "TotalTime": 14.4563, "LinearTime": 11.7752, "LowerBound": 349.242, "UpperBound": 349.59, "SolveResult": 0, "FirstLowerBound": 135.366, "VisitedNodes": 1059}