{"OBBTTime": 0.0436171, "rootBTTime": 0.044405, "TotalTime": 0.354881, "LinearTime": 0.18081, "LowerBound": 190.374, "UpperBound": 190.554, "SolveResult": 0, "FirstLowerBound": 166.805, "VisitedNodes": 57}