{"OBBTTime": 0.137219, "rootBTTime": 0.140408, "TotalTime": 0.217766, "LinearTime": 0.0317353, "LowerBound": -534.122, "UpperBound": -533.805, "SolveResult": 0, "FirstLowerBound": -534.523, "VisitedNodes": 3}