{"OBBTTime": 0.0534831, "rootBTTime": 0.0539958, "TotalTime": 1.12168, "LinearTime": 0.776839, "LowerBound": 206.043, "UpperBound": 206.23, "SolveResult": 0, "FirstLowerBound": 158.595, "VisitedNodes": 221}