{"OBBTTime": 0.0485724, "rootBTTime": 0.0490211, "TotalTime": 0.462047, "LinearTime": 0.240198, "LowerBound": 64.3494, "UpperBound": 64.4017, "SolveResult": 0, "FirstLowerBound": 58.8586, "VisitedNodes": 75}