{"OBBTTime": 0.0584161, "rootBTTime": 0.0598966, "TotalTime": 1.32901, "LinearTime": 0.914505, "LowerBound": -60.9146, "UpperBound": -60.8582, "SolveResult": 0, "FirstLowerBound": -157.477, "VisitedNodes": 247}