{"OBBTTime": 0.0847279, "rootBTTime": 0.0856299, "TotalTime": 1.75742, "LinearTime": 1.27284, "LowerBound": 90.9586, "UpperBound": 91.0453, "SolveResult": 0, "FirstLowerBound": 55.8054, "VisitedNodes": 209}