{"OBBTTime": 0.178254, "rootBTTime": 0.178839, "TotalTime": 1.2421, "LinearTime": 0.795899, "LowerBound": 216.952, "UpperBound": 217.109, "SolveResult": 0, "FirstLowerBound": 148.398, "VisitedNodes": 63}