{"OBBTTime": 0.0910434, "rootBTTime": 0.0930101, "TotalTime": 1.36245, "LinearTime": 0.929768, "LowerBound": 141.148, "UpperBound": 141.287, "SolveResult": 0, "FirstLowerBound": 104.995, "VisitedNodes": 135}