{"OBBTTime": 0.107234, "rootBTTime": 0.11076, "TotalTime": 0.549483, "LinearTime": 0.256742, "LowerBound": 252.866, "UpperBound": 253.099, "SolveResult": 0, "FirstLowerBound": 188.641, "VisitedNodes": 27}