{"OBBTTime": 0.0305646, "rootBTTime": 0.0309383, "TotalTime": 0.303331, "LinearTime": 0.134983, "LowerBound": 51.1108, "UpperBound": 51.1608, "SolveResult": 0, "FirstLowerBound": 37.4839, "VisitedNodes": 61}