{"OBBTTime": 0.0261698, "rootBTTime": 0.0267935, "TotalTime": 0.0701635, "LinearTime": 0.00656003, "LowerBound": 144.512, "UpperBound": 144.557, "SolveResult": 0, "FirstLowerBound": 140.858, "VisitedNodes": 3}