{"OBBTTime": 0.0502591, "rootBTTime": 0.0505935, "TotalTime": 0.404685, "LinearTime": 0.180372, "LowerBound": 23.7644, "UpperBound": 23.77, "SolveResult": 0, "FirstLowerBound": 9.43948, "VisitedNodes": 39}