{"OBBTTime": 0.0392198, "rootBTTime": 0.0395647, "TotalTime": 0.551205, "LinearTime": 0.308317, "LowerBound": 116.095, "UpperBound": 116.201, "SolveResult": 0, "FirstLowerBound": 89.4383, "VisitedNodes": 91}