{"OBBTTime": 0.0353626, "rootBTTime": 0.0357056, "TotalTime": 0.36662, "LinearTime": 0.179599, "LowerBound": 220.745, "UpperBound": 220.819, "SolveResult": 0, "FirstLowerBound": 163.216, "VisitedNodes": 57}