{"OBBTTime": 0.0835091, "rootBTTime": 0.0870224, "TotalTime": 0.442863, "LinearTime": 0.214629, "LowerBound": 269.527, "UpperBound": 269.623, "SolveResult": 0, "FirstLowerBound": 233.565, "VisitedNodes": 25}