{"OBBTTime": 0.077018, "rootBTTime": 0.0793517, "TotalTime": 0.214534, "LinearTime": 0.0559143, "LowerBound": 85.3687, "UpperBound": 85.3687, "SolveResult": 0, "FirstLowerBound": 79.3349, "VisitedNodes": 9}