{"OBBTTime": 0.0733369, "rootBTTime": 0.0814736, "TotalTime": 0.297571, "LinearTime": 0.0879785, "LowerBound": 727.782, "UpperBound": 728.332, "SolveResult": 0, "FirstLowerBound": 717.152, "VisitedNodes": 11}