{"OBBTTime": 0.0644296, "rootBTTime": 0.0692896, "TotalTime": 0.322029, "LinearTime": 0.0778177, "LowerBound": -2486.65, "UpperBound": -2477.2, "SolveResult": 100, "FirstLowerBound": -3543.43, "VisitedNodes": 15}