{"OBBTTime": 0.109398, "rootBTTime": 0.112939, "TotalTime": 3.74135, "LinearTime": 2.52548, "LowerBound": 349.576, "UpperBound": 349.925, "SolveResult": 0, "FirstLowerBound": 209.052, "VisitedNodes": 203}