{"OBBTTime": 0.144087, "rootBTTime": 0.144519, "TotalTime": 7.27065, "LinearTime": 5.32126, "LowerBound": 565.256, "UpperBound": 565.762, "SolveResult": 0, "FirstLowerBound": 264.031, "VisitedNodes": 209}