{"OBBTTime": 0.0411879, "rootBTTime": 0.0439939, "TotalTime": 0.381163, "LinearTime": 0.146277, "LowerBound": 231.434, "UpperBound": 231.604, "SolveResult": 0, "FirstLowerBound": 185.395, "VisitedNodes": 35}