{"OBBTTime": 0.0435127, "rootBTTime": 0.0545488, "TotalTime": 0.129204, "LinearTime": 0.00950559, "LowerBound": -52.1617, "UpperBound": -52.1463, "SolveResult": 0, "FirstLowerBound": -52.1617, "VisitedNodes": 3}