{"OBBTTime": 0.326003, "rootBTTime": 0.352518, "TotalTime": 1.81005, "LinearTime": 0.461853, "LowerBound": 743.727, "UpperBound": 754.303, "SolveResult": 100, "FirstLowerBound": 723.476, "VisitedNodes": 7}