{"OBBTTime": 0.0768172, "rootBTTime": 0.078855, "TotalTime": 0.642039, "LinearTime": 0.251803, "LowerBound": 57.7218, "UpperBound": 57.7218, "SolveResult": 0, "FirstLowerBound": 36.158, "VisitedNodes": 33}