{"OBBTTime": 0.011281, "rootBTTime": 0.0118338, "TotalTime": 0.0523468, "LinearTime": 0.000930769, "LowerBound": -268.022, "UpperBound": -268.015, "SolveResult": 0, "FirstLowerBound": -268.047, "VisitedNodes": 3}