{"OBBTTime": 0.00586405, "rootBTTime": 0.00597744, "TotalTime": 0.0774296, "LinearTime": 0.00458594, "LowerBound": -17, "UpperBound": -17, "SolveResult": 0, "FirstLowerBound": -18.3182, "VisitedNodes": 21}