{"OBBTTime": 0.00967819, "rootBTTime": 0.00997709, "TotalTime": 0.0905053, "LinearTime": 0.00310195, "LowerBound": -39, "UpperBound": -39, "SolveResult": 0, "FirstLowerBound": -41.0426, "VisitedNodes": 9}