{"OBBTTime": 0.0268423, "rootBTTime": 0.0276684, "TotalTime": 0.218178, "LinearTime": 0.061288, "LowerBound": 15628.9, "UpperBound": 15639, "SolveResult": 0, "FirstLowerBound": 14438.5, "VisitedNodes": 123}