{"OBBTTime": 0.00648757, "rootBTTime": 0.00671682, "TotalTime": 0.0282629, "LinearTime": 0.00131583, "LowerBound": -30665.5, "UpperBound": -30665.5, "SolveResult": 0, "FirstLowerBound": -30670.3, "VisitedNodes": 3}