{"OBBTTime": 0.00768492, "rootBTTime": 0.00792852, "TotalTime": 135.072, "LinearTime": 78.1912, "LowerBound": 7042.2, "UpperBound": 7049.25, "SolveResult": 0, "FirstLowerBound": 2861.68, "VisitedNodes": 271873}