{"OBBTTime": 0.00429393, "rootBTTime": 0.00442629, "TotalTime": 0.0261275, "LinearTime": 0.00067103, "LowerBound": -5.50801, "UpperBound": -5.50801, "SolveResult": 0, "FirstLowerBound": -5.72048, "VisitedNodes": 3}