{"OBBTTime": 0.00419867, "rootBTTime": 0.00451081, "TotalTime": 0.0389253, "LinearTime": 0.000930522, "LowerBound": -16.7466, "UpperBound": -16.7389, "SolveResult": 0, "FirstLowerBound": -16.758, "VisitedNodes": 3}