{"OBBTTime": 0.00383983, "rootBTTime": 0.00391206, "TotalTime": 0.123159, "LinearTime": 0.00620482, "LowerBound": 6.80244, "UpperBound": 7.00009, "SolveResult": 100, "FirstLowerBound": -17385, "VisitedNodes": 19}