{"OBBTTime": 0.00390344, "rootBTTime": 0.00397117, "TotalTime": 0.0804191, "LinearTime": 0.00321552, "LowerBound": -443.711, "UpperBound": -443.607, "SolveResult": 0, "FirstLowerBound": -3001, "VisitedNodes": 13}