{"OBBTTime": 0.00367473, "rootBTTime": 0.00373798, "TotalTime": 0.082778, "LinearTime": 0.00360516, "LowerBound": -7.50345, "UpperBound": -7.49982, "SolveResult": 0, "FirstLowerBound": -837.5, "VisitedNodes": 17}