{"OBBTTime": 0.0155505, "rootBTTime": 0.0156193, "TotalTime": 0.106617, "LinearTime": 0.00491442, "LowerBound": -0.000540612, "UpperBound": 0.000331721, "SolveResult": 0, "FirstLowerBound": -875, "VisitedNodes": 25}