{"OBBTTime": 0.00391341, "rootBTTime": 0.0039909, "TotalTime": 0.075417, "LinearTime": 0.00418708, "LowerBound": -7.43765, "UpperBound": -7.43765, "SolveResult": 0, "FirstLowerBound": -322096, "VisitedNodes": 13}