{"OBBTTime": 0.00795928, "rootBTTime": 0.00818857, "TotalTime": 0.0609562, "LinearTime": 0.00295242, "LowerBound": -400, "UpperBound": -400, "SolveResult": 0, "FirstLowerBound": -582.236, "VisitedNodes": 9}