{"OBBTTime": 0.00845357, "rootBTTime": 0.00868785, "TotalTime": 0.0404332, "LinearTime": 0.00111644, "LowerBound": -750, "UpperBound": -750, "SolveResult": 0, "FirstLowerBound": -857.711, "VisitedNodes": 3}