{"OBBTTime": 0.192093, "rootBTTime": 0.193441, "TotalTime": 3600.02, "LinearTime": 2733.75, "LowerBound": 2.37463, "UpperBound": 3.23402, "SolveResult": 402, "FirstLowerBound": 1.63219, "VisitedNodes": 836239}