{"OBBTTime": 0.00775387, "rootBTTime": 0.00795999, "TotalTime": 0.111671, "LinearTime": 0.00867319, "LowerBound": -600, "UpperBound": -600, "SolveResult": 0, "FirstLowerBound": -1200, "VisitedNodes": 31}