{"OBBTTime": 0.0702664, "rootBTTime": 0.0717048, "TotalTime": 3600.01, "LinearTime": 2519.52, "LowerBound": -5594.42, "UpperBound": -3500, "SolveResult": 402, "FirstLowerBound": -9700, "VisitedNodes": 1307611}