{"OBBTTime": 0.00719688, "rootBTTime": 0.00738467, "TotalTime": 0.252447, "LinearTime": 0.0770776, "LowerBound": -450.137, "UpperBound": -450, "SolveResult": 0, "FirstLowerBound": -2907.15, "VisitedNodes": 229}