{"OBBTTime": 0.0242063, "rootBTTime": 0.0246974, "TotalTime": 0.522703, "LinearTime": 0.182219, "LowerBound": 1.86351, "UpperBound": 1.86417, "SolveResult": 0, "FirstLowerBound": 0.9979, "VisitedNodes": 331}