{"OBBTTime": 0.00761527, "rootBTTime": 0.00785757, "TotalTime": 5.83388, "LinearTime": 3.4057, "LowerBound": 7504.72, "UpperBound": 7512.23, "SolveResult": 0, "FirstLowerBound": 3118.73, "VisitedNodes": 12137}