{"OBBTTime": 0.0521989, "rootBTTime": 0.0532873, "TotalTime": 3600, "LinearTime": 2602.86, "LowerBound": 0.563698, "UpperBound": 0.618573, "SolveResult": 402, "FirstLowerBound": -3.55374, "VisitedNodes": 2957815}