{"OBBTTime": 0.241281, "rootBTTime": 0.243145, "TotalTime": 3600.01, "LinearTime": 3159.91, "LowerBound": -1.40803, "UpperBound": 0.485152, "SolveResult": 402, "FirstLowerBound": -3.33333, "VisitedNodes": 577195}