{"OBBTTime": 0.0153849, "rootBTTime": 0.0164068, "TotalTime": 9.04436, "LinearTime": 6.26199, "LowerBound": 0.0283158, "UpperBound": 0.0293108, "SolveResult": 0, "FirstLowerBound": -14108.3, "VisitedNodes": 4327}