{"OBBTTime": 0.0699319, "rootBTTime": 0.0739262, "TotalTime": 788.487, "LinearTime": 498.788, "LowerBound": 14.481, "UpperBound": 14.4813, "SolveResult": 0, "FirstLowerBound": 0, "VisitedNodes": 262143}