{"OBBTTime": 0.0514469, "rootBTTime": 0.0533613, "TotalTime": 662.965, "LinearTime": 448.072, "LowerBound": 1.50214, "UpperBound": 1.50214, "SolveResult": 0, "FirstLowerBound": 0, "VisitedNodes": 236947}