{"OBBTTime": 0.0726075, "rootBTTime": 0.0767934, "TotalTime": 3600.01, "LinearTime": 2596, "LowerBound": 0.64415, "UpperBound": 2.91461, "SolveResult": 402, "FirstLowerBound": 0, "VisitedNodes": 1085945}