{"OBBTTime": 0.0153513, "rootBTTime": 0.0159909, "TotalTime": 0.138717, "LinearTime": 0.00965084, "LowerBound": 0.858407, "UpperBound": 0.858407, "SolveResult": 0, "FirstLowerBound": 0, "VisitedNodes": 17}