{"OBBTTime": 0.0134859, "rootBTTime": 0.014136, "TotalTime": 0.219916, "LinearTime": 0.0439096, "LowerBound": 0.643057, "UpperBound": 0.643806, "SolveResult": 0, "FirstLowerBound": 0, "VisitedNodes": 89}