{"OBBTTime": 0.0798203, "rootBTTime": 0.0808382, "TotalTime": 54.32, "LinearTime": 29.7362, "LowerBound": 0.338602, "UpperBound": 0.339602, "SolveResult": 0, "FirstLowerBound": 0, "VisitedNodes": 26283}