{"OBBTTime": 0.0868215, "rootBTTime": 0.0880991, "TotalTime": 26.8574, "LinearTime": 15.0613, "LowerBound": 0.213607, "UpperBound": 0.214602, "SolveResult": 0, "FirstLowerBound": 0, "VisitedNodes": 12083}