{"OBBTTime": 0.0267805, "rootBTTime": 0.0277835, "TotalTime": 0.881349, "LinearTime": 0.361791, "LowerBound": 1.53643, "UpperBound": 1.53711, "SolveResult": 0, "FirstLowerBound": 0, "VisitedNodes": 373}