{"OBBTTime": 0.0381753, "rootBTTime": 0.0396097, "TotalTime": 2.96273, "LinearTime": 1.63441, "LowerBound": 1.28759, "UpperBound": 1.28761, "SolveResult": 0, "FirstLowerBound": 0, "VisitedNodes": 1213}