{"OBBTTime": 0.0706129, "rootBTTime": 0.071611, "TotalTime": 24.1563, "LinearTime": 13.5203, "LowerBound": 0.338602, "UpperBound": 0.339602, "SolveResult": 0, "FirstLowerBound": 0, "VisitedNodes": 12115}