{"OBBTTime": 0.0728644, "rootBTTime": 0.0767696, "TotalTime": 107.999, "LinearTime": 73.1668, "LowerBound": 2.66018, "UpperBound": 2.66281, "SolveResult": 0, "FirstLowerBound": 0, "VisitedNodes": 31917}