{"OBBTTime": 0.0181591, "rootBTTime": 0.0188304, "TotalTime": 0.402636, "LinearTime": 0.089439, "LowerBound": 0.857923, "UpperBound": 0.858407, "SolveResult": 0, "FirstLowerBound": 0, "VisitedNodes": 131}