{"OBBTTime": 0.0254624, "rootBTTime": 0.0267724, "TotalTime": 7.86517, "LinearTime": 5.10297, "LowerBound": 5.11194, "UpperBound": 5.11618, "SolveResult": 0, "FirstLowerBound": 0, "VisitedNodes": 5531}