{"OBBTTime": 0.0378438, "rootBTTime": 0.0400827, "TotalTime": 72.6629, "LinearTime": 48.1641, "LowerBound": 1.28633, "UpperBound": 1.28761, "SolveResult": 0, "FirstLowerBound": 0, "VisitedNodes": 34903}