{"OBBTTime": 0.0127503, "rootBTTime": 0.0131895, "TotalTime": 0.202196, "LinearTime": 0.0472743, "LowerBound": 1.37487, "UpperBound": 1.37586, "SolveResult": 0, "FirstLowerBound": 0, "VisitedNodes": 93}