{"OBBTTime": 0.0524165, "rootBTTime": 0.0543728, "TotalTime": 16.6339, "LinearTime": 10.7605, "LowerBound": 1.96437, "UpperBound": 1.96631, "SolveResult": 0, "FirstLowerBound": 0, "VisitedNodes": 6007}