{"OBBTTime": 0.0999346, "rootBTTime": 0.101775, "TotalTime": 0.187968, "LinearTime": 0.00399938, "LowerBound": 0.199602, "UpperBound": 0.199602, "SolveResult": 0, "FirstLowerBound": 0.199602, "VisitedNodes": 3}