{"OBBTTime": 0.0258832, "rootBTTime": 0.0271679, "TotalTime": 2.07823, "LinearTime": 1.20541, "LowerBound": 5.11616, "UpperBound": 5.11618, "SolveResult": 0, "FirstLowerBound": 0, "VisitedNodes": 1335}