{"OBBTTime": 0.0508843, "rootBTTime": 0.0539858, "TotalTime": 412.856, "LinearTime": 272.252, "LowerBound": 2.10961, "UpperBound": 2.11172, "SolveResult": 0, "FirstLowerBound": 0, "VisitedNodes": 147821}