{"OBBTTime": 0.0950702, "rootBTTime": 0.0981807, "TotalTime": 1991.11, "LinearTime": 1355.96, "LowerBound": 2.53838, "UpperBound": 2.54092, "SolveResult": 0, "FirstLowerBound": 0, "VisitedNodes": 471881}