{"OBBTTime": 0.0376478, "rootBTTime": 0.0397411, "TotalTime": 1.43036, "LinearTime": 0.641452, "LowerBound": 1.28757, "UpperBound": 1.28761, "SolveResult": 0, "FirstLowerBound": 0, "VisitedNodes": 497}