{"OBBTTime": 0.0790799, "rootBTTime": 0.0804975, "TotalTime": 0.239248, "LinearTime": 0.00536634, "LowerBound": 0.199602, "UpperBound": 0.199602, "SolveResult": 0, "FirstLowerBound": 0.199602, "VisitedNodes": 5}