{"OBBTTime": 0.097526, "rootBTTime": 0.099389, "TotalTime": 142.909, "LinearTime": 81.3469, "LowerBound": 0.338603, "UpperBound": 0.339602, "SolveResult": 0, "FirstLowerBound": 0, "VisitedNodes": 64415}