{"OBBTTime": 0.0523263, "rootBTTime": 0.0554603, "TotalTime": 240.672, "LinearTime": 163.284, "LowerBound": 1.97345, "UpperBound": 1.97345, "SolveResult": 0, "FirstLowerBound": 0, "VisitedNodes": 90255}