{"OBBTTime": 0.0930098, "rootBTTime": 0.0983087, "TotalTime": 3629.79, "LinearTime": 2352.15, "LowerBound": 13.3501, "UpperBound": 13.3504, "SolveResult": 402, "FirstLowerBound": 0, "VisitedNodes": 990801}