{"OBBTTime": 0.128558, "rootBTTime": 0.132138, "TotalTime": 3600.02, "LinearTime": 2579.57, "LowerBound": 11.3208, "UpperBound": 15.0343, "SolveResult": 402, "FirstLowerBound": 0, "VisitedNodes": 825715}