{"OBBTTime": 0.00393274, "rootBTTime": 0.00400036, "TotalTime": 0.0965058, "LinearTime": 0.00323104, "LowerBound": -4.43819, "UpperBound": -4.43669, "SolveResult": 0, "FirstLowerBound": -11.8862, "VisitedNodes": 13}