{"OBBTTime": 0.0051172, "rootBTTime": 0.00520455, "TotalTime": 0.103279, "LinearTime": 0.00777747, "LowerBound": 0.025187, "UpperBound": 0.025187, "SolveResult": 0, "FirstLowerBound": -7661.68, "VisitedNodes": 11}