{"OBBTTime": 0.00377682, "rootBTTime": 0.00384652, "TotalTime": 0.0692904, "LinearTime": 0.00276758, "LowerBound": -0.737403, "UpperBound": -0.683514, "SolveResult": 100, "FirstLowerBound": -27.9708, "VisitedNodes": 9}