{"OBBTTime": 0.00707267, "rootBTTime": 0.0072168, "TotalTime": 0.114193, "LinearTime": 0.0127647, "LowerBound": -2.61469e-07, "UpperBound": 0, "SolveResult": 0, "FirstLowerBound": -211707, "VisitedNodes": 37}