{"OBBTTime": 0.0122684, "rootBTTime": 0.0128307, "TotalTime": 0.714697, "LinearTime": 0.403098, "LowerBound": 5.23859, "UpperBound": 5.2434, "SolveResult": 0, "FirstLowerBound": 0, "VisitedNodes": 555}