{"OBBTTime": 1.12503, "rootBTTime": 1.14018, "TotalTime": 3600.02, "LinearTime": 3238.46, "LowerBound": 0.162334, "UpperBound": 0.650835, "SolveResult": 402, "FirstLowerBound": 0, "VisitedNodes": 142353}