{"OBBTTime": 0.0559332, "rootBTTime": 0.0571951, "TotalTime": 0.41914, "LinearTime": 0.0637007, "LowerBound": -4393.68, "UpperBound": -4391.83, "SolveResult": 0, "FirstLowerBound": -6028.82, "VisitedNodes": 61}