{"OBBTTime": 0.105139, "rootBTTime": 0.106691, "TotalTime": 1.41652, "LinearTime": 0.0384572, "LowerBound": -4391.83, "UpperBound": -4391.83, "SolveResult": 0, "FirstLowerBound": -5528.25, "VisitedNodes": 29}