{"OBBTTime": 0.199548, "rootBTTime": 0.206392, "TotalTime": 2.49705, "LinearTime": 0.638516, "LowerBound": -561.561, "UpperBound": -561.045, "SolveResult": 0, "FirstLowerBound": -574.783, "VisitedNodes": 331}