{"OBBTTime": 0.0768773, "rootBTTime": 0.0796406, "TotalTime": 6.10808, "LinearTime": 0.414228, "LowerBound": -550.325, "UpperBound": -549.803, "SolveResult": 0, "FirstLowerBound": -837.811, "VisitedNodes": 277}