{"OBBTTime": 0.107902, "rootBTTime": 0.113352, "TotalTime": 16.2068, "LinearTime": 0.359254, "LowerBound": -561.064, "UpperBound": -561.045, "SolveResult": 0, "FirstLowerBound": -574.783, "VisitedNodes": 255}