{"OBBTTime": 0.00922051, "rootBTTime": 0.00959488, "TotalTime": 0.0373354, "LinearTime": 0.000791476, "LowerBound": -750, "UpperBound": -750, "SolveResult": 0, "FirstLowerBound": -750, "VisitedNodes": 1}