{"OBBTTime": 0.0583046, "rootBTTime": 0.0596149, "TotalTime": 0.387692, "LinearTime": 0.0259822, "LowerBound": -4394.84, "UpperBound": -4391.83, "SolveResult": 0, "FirstLowerBound": -5528.25, "VisitedNodes": 27}