{"OBBTTime": 0.00927254, "rootBTTime": 0.00953415, "TotalTime": 0.0860137, "LinearTime": 0.00328391, "LowerBound": -600, "UpperBound": -600, "SolveResult": 0, "FirstLowerBound": -1000, "VisitedNodes": 9}