{"OBBTTime": 0.0476922, "rootBTTime": 0.0498792, "TotalTime": 2.59608, "LinearTime": 0.147716, "LowerBound": -550.285, "UpperBound": -549.803, "SolveResult": 0, "FirstLowerBound": -837.811, "VisitedNodes": 149}