{"OBBTTime": 0.0559139, "rootBTTime": 0.0612623, "TotalTime": 0.820037, "LinearTime": 0.158635, "LowerBound": -550.352, "UpperBound": -549.803, "SolveResult": 0, "FirstLowerBound": -570.135, "VisitedNodes": 163}