{"OBBTTime": 0.0555592, "rootBTTime": 0.0580869, "TotalTime": 2.7644, "LinearTime": 0.194018, "LowerBound": -550.273, "UpperBound": -549.803, "SolveResult": 0, "FirstLowerBound": -852.378, "VisitedNodes": 179}