{"OBBTTime": 0.00918175, "rootBTTime": 0.00953487, "TotalTime": 0.0331842, "LinearTime": 0.000787521, "LowerBound": -750, "UpperBound": -750, "SolveResult": 0, "FirstLowerBound": -750, "VisitedNodes": 1}