{"OBBTTime": 0.0766528, "rootBTTime": 0.082894, "TotalTime": 12.2372, "LinearTime": 0.479146, "LowerBound": -550.344, "UpperBound": -549.803, "SolveResult": 0, "FirstLowerBound": -574.783, "VisitedNodes": 309}