{"OBBTTime": 0.128177, "rootBTTime": 0.133856, "TotalTime": 9.65337, "LinearTime": 1.17883, "LowerBound": -878.288, "UpperBound": -877.646, "SolveResult": 0, "FirstLowerBound": -976.439, "VisitedNodes": 769}