{"OBBTTime": 0.00891097, "rootBTTime": 0.00926103, "TotalTime": 0.0453102, "LinearTime": 0.000644759, "LowerBound": -400, "UpperBound": -400, "SolveResult": 0, "FirstLowerBound": -400, "VisitedNodes": 1}