{"OBBTTime": 0.106915, "rootBTTime": 0.117171, "TotalTime": 0.848001, "LinearTime": 0.176857, "LowerBound": -561.596, "UpperBound": -561.045, "SolveResult": 0, "FirstLowerBound": -574.783, "VisitedNodes": 137}