{"OBBTTime": 0.222491, "rootBTTime": 0.229927, "TotalTime": 0.863028, "LinearTime": 0.24099, "LowerBound": -877.646, "UpperBound": -877.646, "SolveResult": 0, "FirstLowerBound": -961.694, "VisitedNodes": 103}