{"OBBTTime": 0.157673, "rootBTTime": 0.163823, "TotalTime": 0.257334, "LinearTime": 0.00589421, "LowerBound": -877.901, "UpperBound": -877.646, "SolveResult": 0, "FirstLowerBound": -877.901, "VisitedNodes": 3}