{"OBBTTime": 0.0522647, "rootBTTime": 0.0576046, "TotalTime": 3.50814, "LinearTime": 0.0968565, "LowerBound": -550.318, "UpperBound": -549.803, "SolveResult": 0, "FirstLowerBound": -573.541, "VisitedNodes": 83}