{"OBBTTime": 0.0046478, "rootBTTime": 0.00474295, "TotalTime": 1.31632, "LinearTime": 0.591648, "LowerBound": -7.29417e-05, "UpperBound": -7.29417e-05, "SolveResult": 0, "FirstLowerBound": -100, "VisitedNodes": 2073}