{"OBBTTime": 0.00431576, "rootBTTime": 0.00457825, "TotalTime": 0.0250294, "LinearTime": 0.000512147, "LowerBound": 1.17712, "UpperBound": 1.17712, "SolveResult": 0, "FirstLowerBound": 1.1771, "VisitedNodes": 3}