{"OBBTTime": 0.00453034, "rootBTTime": 0.00461977, "TotalTime": 1.94136, "LinearTime": 0.680778, "LowerBound": -0.000954368, "UpperBound": 2.32831e-10, "SolveResult": 0, "FirstLowerBound": -353621, "VisitedNodes": 2839}