{"OBBTTime": 0.00651956, "rootBTTime": 0.00667929, "TotalTime": 0.0705806, "LinearTime": 0.00182665, "LowerBound": -70304.7, "UpperBound": -70262, "SolveResult": 0, "FirstLowerBound": -72700.1, "VisitedNodes": 7}