{"OBBTTime": 0.00918634, "rootBTTime": 0.00962942, "TotalTime": 0.0335713, "LinearTime": 0.00103378, "LowerBound": -45.3797, "UpperBound": -45.3797, "SolveResult": 0, "FirstLowerBound": -45.4079, "VisitedNodes": 3}