{"OBBTTime": 0.007065, "rootBTTime": 0.00718994, "TotalTime": 0.0339453, "LinearTime": 0.000211249, "LowerBound": -86768.6, "UpperBound": -86768.6, "SolveResult": 0, "FirstLowerBound": -86768.6, "VisitedNodes": 1}