{"OBBTTime": 0.00949912, "rootBTTime": 0.0107023, "TotalTime": 0.0345342, "LinearTime": 0.000321725, "LowerBound": -42.9626, "UpperBound": -42.9626, "SolveResult": 0, "FirstLowerBound": -42.9626, "VisitedNodes": 1}