{"OBBTTime": 0.0059525, "rootBTTime": 0.00602991, "TotalTime": 0.194357, "LinearTime": 0.0230274, "LowerBound": -12.501, "UpperBound": -12.4999, "SolveResult": 0, "FirstLowerBound": -18, "VisitedNodes": 117}