{"OBBTTime": 0.00414791, "rootBTTime": 0.00423884, "TotalTime": 0.0743313, "LinearTime": 0.00783389, "LowerBound": -118.797, "UpperBound": -118.705, "SolveResult": 0, "FirstLowerBound": -3053.59, "VisitedNodes": 31}