{"OBBTTime": 0.00838648, "rootBTTime": 0.00857052, "TotalTime": 0.0324192, "LinearTime": 0.000265135, "LowerBound": -400, "UpperBound": -400, "SolveResult": 0, "FirstLowerBound": -400, "VisitedNodes": 1}