{"OBBTTime": 0.0049484, "rootBTTime": 0.00529493, "TotalTime": 0.0278055, "LinearTime": 0.000244287, "LowerBound": 201.159, "UpperBound": 201.159, "SolveResult": 0, "FirstLowerBound": 201.159, "VisitedNodes": 1}