{"OBBTTime": 0.00446532, "rootBTTime": 0.00454042, "TotalTime": 0.0547844, "LinearTime": 0.00212682, "LowerBound": -0.500537, "UpperBound": -0.5, "SolveResult": 0, "FirstLowerBound": -0.543292, "VisitedNodes": 11}