{"OBBTTime": 0.00406052, "rootBTTime": 0.00453527, "TotalTime": 0.559169, "LinearTime": 0.000365534, "LowerBound": 2.99996, "UpperBound": 3, "SolveResult": 0, "FirstLowerBound": 2.99996, "VisitedNodes": 1}