{"OBBTTime": 0.00433471, "rootBTTime": 0.00458587, "TotalTime": 0.0280712, "LinearTime": 0.00020117, "LowerBound": -185.779, "UpperBound": -185.779, "SolveResult": 0, "FirstLowerBound": -185.779, "VisitedNodes": 1}