{"OBBTTime": 0.0133405, "rootBTTime": 0.0144955, "TotalTime": 0.418672, "LinearTime": 0.128338, "LowerBound": -1162.48, "UpperBound": -1161.34, "SolveResult": 0, "FirstLowerBound": -1515.11, "VisitedNodes": 255}