{"OBBTTime": 0.0148409, "rootBTTime": 0.0152369, "TotalTime": 0.225649, "LinearTime": 0.0321525, "LowerBound": -1.58218, "UpperBound": -1.58114, "SolveResult": 0, "FirstLowerBound": -3, "VisitedNodes": 65}