{"OBBTTime": 0.00586006, "rootBTTime": 0.00600658, "TotalTime": 0.0685228, "LinearTime": 0.00318238, "LowerBound": -1.08384, "UpperBound": -1.08333, "SolveResult": 0, "FirstLowerBound": -1.27856, "VisitedNodes": 17}