{"OBBTTime": 0.00449206, "rootBTTime": 0.00460194, "TotalTime": 0.0241049, "LinearTime": 0.000192543, "LowerBound": -6.66667, "UpperBound": -6.66667, "SolveResult": 0, "FirstLowerBound": -6.66667, "VisitedNodes": 1}