{"OBBTTime": 0.00664103, "rootBTTime": 0.00693686, "TotalTime": 0.0459424, "LinearTime": 0.000234307, "LowerBound": 0.0156195, "UpperBound": 0.0156195, "SolveResult": 0, "FirstLowerBound": 0.0156195, "VisitedNodes": 1}