{"OBBTTime": 0.00538849, "rootBTTime": 0.00552972, "TotalTime": 0.175259, "LinearTime": 0.0460362, "LowerBound": 7042.5, "UpperBound": 7049.25, "SolveResult": 0, "FirstLowerBound": 5342.14, "VisitedNodes": 215}