{"OBBTTime": 0.00435349, "rootBTTime": 0.00449633, "TotalTime": 0.0422402, "LinearTime": 0.00154173, "LowerBound": -2.82843, "UpperBound": -2.82843, "SolveResult": 0, "FirstLowerBound": -2.89599, "VisitedNodes": 7}