{"OBBTTime": 0.00413171, "rootBTTime": 0.00425685, "TotalTime": 0.0640586, "LinearTime": 0.0019638, "LowerBound": 0.741781, "UpperBound": 0.741782, "SolveResult": 0, "FirstLowerBound": 0.531737, "VisitedNodes": 9}