{"OBBTTime": 0.0190082, "rootBTTime": 0.0198082, "TotalTime": 0.146652, "LinearTime": 0.0347459, "LowerBound": -1195.3, "UpperBound": -1195.23, "SolveResult": 0, "FirstLowerBound": -2937.72, "VisitedNodes": 31}