{"OBBTTime": 0.0187001, "rootBTTime": 0.0195001, "TotalTime": 0.137022, "LinearTime": 0.0280427, "LowerBound": -621.534, "UpperBound": -621.488, "SolveResult": 0, "FirstLowerBound": -1467.02, "VisitedNodes": 25}