{"OBBTTime": 0.0106159, "rootBTTime": 0.011098, "TotalTime": 0.135268, "LinearTime": 0.00787233, "LowerBound": -795.275, "UpperBound": -794.856, "SolveResult": 0, "FirstLowerBound": -833.422, "VisitedNodes": 19}