{"OBBTTime": 0.0176944, "rootBTTime": 0.0184917, "TotalTime": 0.137958, "LinearTime": 0.00932401, "LowerBound": 130.63, "UpperBound": 130.703, "SolveResult": 0, "FirstLowerBound": 82.0003, "VisitedNodes": 15}