{"OBBTTime": 0.460259, "rootBTTime": 0.48926, "TotalTime": 3600.01, "LinearTime": 1869.89, "LowerBound": 1405.86, "UpperBound": 179769000000000000000000000000000000000000000000000000000000000000000000000000000000000000000000000000000000000000000000000000000000000000000000000000000000000000000000000000000000000000000000000000000000000000000000000000000000000000000000000000000000000000000000000000000000000000000000000000000000000000000, "SolveResult": 402, "FirstLowerBound": 1212.71, "VisitedNodes": 502069}