{"OBBTTime": 0.48721, "rootBTTime": 0.504267, "TotalTime": 3600, "LinearTime": 2086.62, "LowerBound": 110.949, "UpperBound": 179769000000000000000000000000000000000000000000000000000000000000000000000000000000000000000000000000000000000000000000000000000000000000000000000000000000000000000000000000000000000000000000000000000000000000000000000000000000000000000000000000000000000000000000000000000000000000000000000000000000000000000, "SolveResult": 402, "FirstLowerBound": 99.8976, "VisitedNodes": 534003}