{"OBBTTime": 0.0872125, "rootBTTime": 0.0908056, "TotalTime": 102.241, "LinearTime": 49.4283, "LowerBound": 229.701, "UpperBound": 229.701, "SolveResult": 0, "FirstLowerBound": 99.8976, "VisitedNodes": 23585}