{"OBBTTime": 0.0259495, "rootBTTime": 0.0273874, "TotalTime": 0.24306, "LinearTime": 0.0507224, "LowerBound": 89.7759, "UpperBound": 89.8361, "SolveResult": 0, "FirstLowerBound": 69.2386, "VisitedNodes": 57}