{"OBBTTime": 0.0529428, "rootBTTime": 0.0561446, "TotalTime": 0.236373, "LinearTime": 0.0233288, "LowerBound": 130.703, "UpperBound": 130.703, "SolveResult": 0, "FirstLowerBound": 83.5372, "VisitedNodes": 27}