{"OBBTTime": 3.67671, "rootBTTime": 3.73107, "TotalTime": 3600.02, "LinearTime": 1998.3, "LowerBound": 1297.31, "UpperBound": 1564.96, "SolveResult": 402, "FirstLowerBound": 1017.2, "VisitedNodes": 242839}