{"OBBTTime": 0.339895, "rootBTTime": 0.346404, "TotalTime": 3600.01, "LinearTime": 2074.28, "LowerBound": 1913.32, "UpperBound": 2127.12, "SolveResult": 402, "FirstLowerBound": 1024.8, "VisitedNodes": 757179}