{"OBBTTime": 0.0970165, "rootBTTime": 0.100231, "TotalTime": 0.989574, "LinearTime": 0.410289, "LowerBound": 89.8361, "UpperBound": 89.8361, "SolveResult": 0, "FirstLowerBound": 71.9174, "VisitedNodes": 343}