{"OBBTTime": 0.822941, "rootBTTime": 0.838001, "TotalTime": 3600.01, "LinearTime": 2264.72, "LowerBound": 1122.87, "UpperBound": 1201.04, "SolveResult": 402, "FirstLowerBound": 648, "VisitedNodes": 472921}