{"OBBTTime": 0.0876752, "rootBTTime": 0.091471, "TotalTime": 616.081, "LinearTime": 382.064, "LowerBound": 2443.98, "UpperBound": 2446.43, "SolveResult": 0, "FirstLowerBound": 975.484, "VisitedNodes": 165107}