{"OBBTTime": 0.199029, "rootBTTime": 0.205032, "TotalTime": 3600, "LinearTime": 2667.16, "LowerBound": 461.92, "UpperBound": 513.001, "SolveResult": 402, "FirstLowerBound": 213.266, "VisitedNodes": 752239}