{"OBBTTime": 1.97115, "rootBTTime": 2.00823, "TotalTime": 3599.6, "LinearTime": 2078, "LowerBound": 1370.91, "UpperBound": 2127.12, "SolveResult": 402, "FirstLowerBound": 1024.8, "VisitedNodes": 314869}