{"OBBTTime": 0.156734, "rootBTTime": 0.162446, "TotalTime": 3600.01, "LinearTime": 2625.59, "LowerBound": 237.593, "UpperBound": 238.733, "SolveResult": 402, "FirstLowerBound": 213.851, "VisitedNodes": 657057}