{"OBBTTime": 0.807458, "rootBTTime": 0.846014, "TotalTime": 3600.01, "LinearTime": 2578.84, "LowerBound": 328.14, "UpperBound": 329.57, "SolveResult": 402, "FirstLowerBound": 308.811, "VisitedNodes": 196417}