{"OBBTTime": 0.983402, "rootBTTime": 1.02594, "TotalTime": 3600.01, "LinearTime": 2384.87, "LowerBound": 319.82, "UpperBound": 323.682, "SolveResult": 402, "FirstLowerBound": 250.114, "VisitedNodes": 160959}