{"OBBTTime": 0.228122, "rootBTTime": 0.23562, "TotalTime": 3600, "LinearTime": 2596.96, "LowerBound": 156.01, "UpperBound": 157.094, "SolveResult": 402, "FirstLowerBound": 139.511, "VisitedNodes": 579083}