{"OBBTTime": 0.558634, "rootBTTime": 0.575248, "TotalTime": 3600, "LinearTime": 2803.38, "LowerBound": 401.31, "UpperBound": 410.635, "SolveResult": 402, "FirstLowerBound": 289.018, "VisitedNodes": 271883}