{"OBBTTime": 0.174959, "rootBTTime": 0.18075, "TotalTime": 3600.01, "LinearTime": 2297.6, "LowerBound": 104.777, "UpperBound": 104.886, "SolveResult": 402, "FirstLowerBound": 85.5094, "VisitedNodes": 560399}