{"OBBTTime": 6.30387, "rootBTTime": 6.65991, "TotalTime": 3600.02, "LinearTime": 2922.45, "LowerBound": 593.902, "UpperBound": 662.807, "SolveResult": 402, "FirstLowerBound": 543.753, "VisitedNodes": 28603}