{"OBBTTime": 0.0642948, "rootBTTime": 0.0663813, "TotalTime": 3600, "LinearTime": 2609.87, "LowerBound": 86.6759, "UpperBound": 86.8333, "SolveResult": 402, "FirstLowerBound": 69.1544, "VisitedNodes": 1221565}