{"OBBTTime": 6.65989, "rootBTTime": 6.68307, "TotalTime": 3600.38, "LinearTime": 1139.18, "LowerBound": -40.7059, "UpperBound": -6.38601, "SolveResult": 402, "FirstLowerBound": -146.724, "VisitedNodes": 23375}