{"OBBTTime": 6.41002, "rootBTTime": 6.82043, "TotalTime": 3600.04, "LinearTime": 1641.54, "LowerBound": -61.0248, "UpperBound": -32.1476, "SolveResult": 402, "FirstLowerBound": -79.709, "VisitedNodes": 14845}