{"OBBTTime": 3.12119, "rootBTTime": 3.33983, "TotalTime": 3600.03, "LinearTime": 2286.89, "LowerBound": -94.2251, "UpperBound": -57.2467, "SolveResult": 402, "FirstLowerBound": -140.358, "VisitedNodes": 18795}