{"OBBTTime": 4.12361, "rootBTTime": 4.14607, "TotalTime": 3600.04, "LinearTime": 2831.15, "LowerBound": -10.9636, "UpperBound": -10.9482, "SolveResult": 402, "FirstLowerBound": -14.8046, "VisitedNodes": 42739}