{"OBBTTime": 3.56982, "rootBTTime": 3.60657, "TotalTime": 3600.01, "LinearTime": 2840.55, "LowerBound": -11.2806, "UpperBound": -7.71416, "SolveResult": 402, "FirstLowerBound": -16.5155, "VisitedNodes": 23467}