{"OBBTTime": 3.75247, "rootBTTime": 3.97391, "TotalTime": 3599.97, "LinearTime": 2126.55, "LowerBound": -19.069, "UpperBound": -14.9294, "SolveResult": 402, "FirstLowerBound": -25.6776, "VisitedNodes": 21383}