{"OBBTTime": 4.93284, "rootBTTime": 4.97042, "TotalTime": 3600.01, "LinearTime": 3044.84, "LowerBound": -10.4139, "UpperBound": -7.78917, "SolveResult": 402, "FirstLowerBound": -15.4878, "VisitedNodes": 17339}