{"OBBTTime": 2.51283, "rootBTTime": 2.53684, "TotalTime": 3600, "LinearTime": 2941.78, "LowerBound": -54.846, "UpperBound": -43.1604, "SolveResult": 402, "FirstLowerBound": -85.6492, "VisitedNodes": 38493}