{"OBBTTime": 0.839157, "rootBTTime": 0.982779, "TotalTime": 3600.03, "LinearTime": 1634.74, "LowerBound": -11.5892, "UpperBound": -8.30138, "SolveResult": 402, "FirstLowerBound": -18.1057, "VisitedNodes": 45537}