{"OBBTTime": 8.05431, "rootBTTime": 8.52693, "TotalTime": 3600.05, "LinearTime": 1962.64, "LowerBound": -15.1851, "UpperBound": -9.2173, "SolveResult": 402, "FirstLowerBound": -22.6158, "VisitedNodes": 11407}