{"OBBTTime": 9.08773, "rootBTTime": 9.15609, "TotalTime": 3600.03, "LinearTime": 2832.78, "LowerBound": -22.903, "UpperBound": -15.9549, "SolveResult": 402, "FirstLowerBound": -30.1118, "VisitedNodes": 12843}