{"OBBTTime": 7.99894, "rootBTTime": 8.03036, "TotalTime": 3600.22, "LinearTime": 3189.07, "LowerBound": -113.059, "UpperBound": -75.6687, "SolveResult": 402, "FirstLowerBound": -149.309, "VisitedNodes": 12885}