{"OBBTTime": 3.40122, "rootBTTime": 3.80233, "TotalTime": 3600.04, "LinearTime": 1501.25, "LowerBound": -117.551, "UpperBound": -78.6716, "SolveResult": 402, "FirstLowerBound": -155.747, "VisitedNodes": 18667}