{"OBBTTime": 1.92992, "rootBTTime": 2.07294, "TotalTime": 3600.04, "LinearTime": 1661.36, "LowerBound": -55.5168, "UpperBound": -51.4782, "SolveResult": 402, "FirstLowerBound": -75.555, "VisitedNodes": 42427}