{"OBBTTime": 0.683547, "rootBTTime": 0.808396, "TotalTime": 1212.56, "LinearTime": 428.415, "LowerBound": -35.952, "UpperBound": -35.9161, "SolveResult": 0, "FirstLowerBound": -57.575, "VisitedNodes": 22527}