{"OBBTTime": 2.85969, "rootBTTime": 3.14172, "TotalTime": 3600.04, "LinearTime": 1561.22, "LowerBound": -44.8398, "UpperBound": -38.3101, "SolveResult": 402, "FirstLowerBound": -62.18, "VisitedNodes": 24209}