{"OBBTTime": 0.653039, "rootBTTime": 0.712597, "TotalTime": 3600.1, "LinearTime": 1734.68, "LowerBound": 6.67169, "UpperBound": 11.9203, "SolveResult": 402, "FirstLowerBound": 5, "VisitedNodes": 97321}