{"OBBTTime": 1.05513, "rootBTTime": 1.08458, "TotalTime": 3600.01, "LinearTime": 2434.06, "LowerBound": 321.185, "UpperBound": 323.682, "SolveResult": 402, "FirstLowerBound": 251.171, "VisitedNodes": 177127}