{"OBBTTime": 6.84966, "rootBTTime": 6.93895, "TotalTime": 3600, "LinearTime": 2148.83, "LowerBound": 79.8148, "UpperBound": 179769000000000000000000000000000000000000000000000000000000000000000000000000000000000000000000000000000000000000000000000000000000000000000000000000000000000000000000000000000000000000000000000000000000000000000000000000000000000000000000000000000000000000000000000000000000000000000000000000000000000000000, "SolveResult": 402, "FirstLowerBound": 77.6442, "VisitedNodes": 85747}