{"OBBTTime": 0.600029, "rootBTTime": 0.655877, "TotalTime": 3600.04, "LinearTime": 1804.04, "LowerBound": 6.72349, "UpperBound": 179769000000000000000000000000000000000000000000000000000000000000000000000000000000000000000000000000000000000000000000000000000000000000000000000000000000000000000000000000000000000000000000000000000000000000000000000000000000000000000000000000000000000000000000000000000000000000000000000000000000000000000, "SolveResult": 402, "FirstLowerBound": 5, "VisitedNodes": 105435}