{"OBBTTime": 0.929883, "rootBTTime": 0.944348, "TotalTime": 3600.02, "LinearTime": 2324.98, "LowerBound": 1003.34, "UpperBound": 1201.04, "SolveResult": 402, "FirstLowerBound": 648, "VisitedNodes": 450117}