{"OBBTTime": 2.02583, "rootBTTime": 2.06286, "TotalTime": 3593.4, "LinearTime": 2025.29, "LowerBound": 1364.09, "UpperBound": 2127.12, "SolveResult": 402, "FirstLowerBound": 1024.8, "VisitedNodes": 306433}