{"OBBTTime": 8.46091, "rootBTTime": 8.83285, "TotalTime": 3600.02, "LinearTime": 2687.94, "LowerBound": 779.059, "UpperBound": 797.977, "SolveResult": 402, "FirstLowerBound": 753.253, "VisitedNodes": 28473}