{"OBBTTime": 1.34021, "rootBTTime": 1.41983, "TotalTime": 1414.32, "LinearTime": 782.86, "LowerBound": 365.418, "UpperBound": 365.784, "SolveResult": 0, "FirstLowerBound": 353.872, "VisitedNodes": 51465}