{"OBBTTime": 0.199957, "rootBTTime": 0.225263, "TotalTime": 3600.02, "LinearTime": 1595.01, "LowerBound": 4.77824, "UpperBound": 179769000000000000000000000000000000000000000000000000000000000000000000000000000000000000000000000000000000000000000000000000000000000000000000000000000000000000000000000000000000000000000000000000000000000000000000000000000000000000000000000000000000000000000000000000000000000000000000000000000000000000000, "SolveResult": 402, "FirstLowerBound": 2.36788, "VisitedNodes": 223049}