{"OBBTTime": 1.13317, "rootBTTime": 1.16515, "TotalTime": 3600.04, "LinearTime": 1937.33, "LowerBound": 370.207, "UpperBound": 513.001, "SolveResult": 402, "FirstLowerBound": 337.654, "VisitedNodes": 293567}