{"OBBTTime": 1.76608, "rootBTTime": 1.79113, "TotalTime": 3600, "LinearTime": 951.427, "LowerBound": 93.2307, "UpperBound": 179769000000000000000000000000000000000000000000000000000000000000000000000000000000000000000000000000000000000000000000000000000000000000000000000000000000000000000000000000000000000000000000000000000000000000000000000000000000000000000000000000000000000000000000000000000000000000000000000000000000000000000, "SolveResult": 402, "FirstLowerBound": 66.1983, "VisitedNodes": 104033}