{"OBBTTime": 1.74239, "rootBTTime": 1.78419, "TotalTime": 3600.03, "LinearTime": 1792.19, "LowerBound": 1092.39, "UpperBound": 1358.66, "SolveResult": 402, "FirstLowerBound": 964.444, "VisitedNodes": 223569}