{"OBBTTime": 1.20813, "rootBTTime": 1.27604, "TotalTime": 3600.02, "LinearTime": 2153.36, "LowerBound": 312.381, "UpperBound": 312.922, "SolveResult": 402, "FirstLowerBound": 304.146, "VisitedNodes": 138811}