{"OBBTTime": 0.983816, "rootBTTime": 1.04444, "TotalTime": 901.698, "LinearTime": 438.938, "LowerBound": 511.015, "UpperBound": 511.527, "SolveResult": 0, "FirstLowerBound": 500.462, "VisitedNodes": 42843}