{"OBBTTime": 5.90765, "rootBTTime": 5.99685, "TotalTime": 3586.18, "LinearTime": 2005.97, "LowerBound": 710.982, "UpperBound": 1201.04, "SolveResult": 402, "FirstLowerBound": 648, "VisitedNodes": 162881}