{"OBBTTime": 0.58136, "rootBTTime": 0.635699, "TotalTime": 3600.09, "LinearTime": 1734.92, "LowerBound": 6.48344, "UpperBound": 11.849, "SolveResult": 402, "FirstLowerBound": 5, "VisitedNodes": 105795}