{"OBBTTime": 6.61354, "rootBTTime": 6.86597, "TotalTime": 3600.02, "LinearTime": 3069.24, "LowerBound": 596.517, "UpperBound": 662.807, "SolveResult": 402, "FirstLowerBound": 545.272, "VisitedNodes": 31391}