{"OBBTTime": 0.566475, "rootBTTime": 0.590638, "TotalTime": 3600.02, "LinearTime": 1923.32, "LowerBound": 569.886, "UpperBound": 586.68, "SolveResult": 402, "FirstLowerBound": 225, "VisitedNodes": 490179}