{"OBBTTime": 1.32618, "rootBTTime": 1.36667, "TotalTime": 3600.03, "LinearTime": 2449.69, "LowerBound": 394.962, "UpperBound": 403.196, "SolveResult": 402, "FirstLowerBound": 375.079, "VisitedNodes": 194063}