{"OBBTTime": 8.24127, "rootBTTime": 8.42677, "TotalTime": 3600.01, "LinearTime": 3029.27, "LowerBound": 526.888, "UpperBound": 556.675, "SolveResult": 402, "FirstLowerBound": 455.137, "VisitedNodes": 37229}