{"OBBTTime": 6.05359, "rootBTTime": 6.08833, "TotalTime": 3600.02, "LinearTime": 1832.64, "LowerBound": -692.113, "UpperBound": -689.161, "SolveResult": 402, "FirstLowerBound": -799.302, "VisitedNodes": 106195}