{"OBBTTime": 0.0222672, "rootBTTime": 0.0228191, "TotalTime": 0.153872, "LinearTime": 0.0379544, "LowerBound": -1.76657, "UpperBound": -1.765, "SolveResult": 0, "FirstLowerBound": -1.93046, "VisitedNodes": 59}