{"OBBTTime": 2.01619, "rootBTTime": 8.62139, "TotalTime": 3600.43, "LinearTime": 987.749, "LowerBound": -2356060.0, "UpperBound": 179769000000000000000000000000000000000000000000000000000000000000000000000000000000000000000000000000000000000000000000000000000000000000000000000000000000000000000000000000000000000000000000000000000000000000000000000000000000000000000000000000000000000000000000000000000000000000000000000000000000000000000, "SolveResult": 402, "FirstLowerBound": -15598300.0, "VisitedNodes": 1419}