{"OBBTTime": 0.0389594, "rootBTTime": 0.0403611, "TotalTime": 0.0740285, "LinearTime": 0.000530769, "LowerBound": 121.834, "UpperBound": 121.834, "SolveResult": 0, "FirstLowerBound": 121.834, "VisitedNodes": 1}