{"OBBTTime": 0.171831, "rootBTTime": 0.17468, "TotalTime": 182.179, "LinearTime": 127.786, "LowerBound": 503.974, "UpperBound": 504.479, "SolveResult": 0, "FirstLowerBound": 409.755, "VisitedNodes": 49671}