{"OBBTTime": 0.175016, "rootBTTime": 0.178485, "TotalTime": 39.3372, "LinearTime": 27.929, "LowerBound": 387.12, "UpperBound": 387.507, "SolveResult": 0, "FirstLowerBound": 337.042, "VisitedNodes": 9043}