{"OBBTTime": 0.0644578, "rootBTTime": 0.0669224, "TotalTime": 0.428638, "LinearTime": 0.140646, "LowerBound": 135.941, "UpperBound": 136.07, "SolveResult": 0, "FirstLowerBound": 130.314, "VisitedNodes": 155}