{"OBBTTime": 0.0348548, "rootBTTime": 0.0359509, "TotalTime": 0.0661061, "LinearTime": 0.000451657, "LowerBound": 92.4734, "UpperBound": 92.4734, "SolveResult": 0, "FirstLowerBound": 92.4734, "VisitedNodes": 1}