{"OBBTTime": 0.0475863, "rootBTTime": 0.0493633, "TotalTime": 0.0801818, "LinearTime": 0.00196652, "LowerBound": 175.407, "UpperBound": 175.407, "SolveResult": 0, "FirstLowerBound": 175.406, "VisitedNodes": 3}