{"OBBTTime": 0.157652, "rootBTTime": 0.160504, "TotalTime": 9.39783, "LinearTime": 6.39387, "LowerBound": 327.801, "UpperBound": 328.129, "SolveResult": 0, "FirstLowerBound": 293.059, "VisitedNodes": 2677}