{"OBBTTime": 1.11323, "rootBTTime": 1.12426, "TotalTime": 1179.75, "LinearTime": 953.782, "LowerBound": 1385.18, "UpperBound": 1386.56, "SolveResult": 0, "FirstLowerBound": 1045.18, "VisitedNodes": 53017}