{"OBBTTime": 0.0420342, "rootBTTime": 0.0437717, "TotalTime": 0.073418, "LinearTime": 0.000627575, "LowerBound": 144.022, "UpperBound": 144.022, "SolveResult": 0, "FirstLowerBound": 144.022, "VisitedNodes": 1}