{"OBBTTime": 0.0735241, "rootBTTime": 0.0750964, "TotalTime": 0.142925, "LinearTime": 0.00841287, "LowerBound": 139.21, "UpperBound": 139.299, "SolveResult": 0, "FirstLowerBound": 138.721, "VisitedNodes": 9}