{"OBBTTime": 0.167183, "rootBTTime": 0.169723, "TotalTime": 0.283934, "LinearTime": 0.029207, "LowerBound": 250.745, "UpperBound": 250.841, "SolveResult": 0, "FirstLowerBound": 249.826, "VisitedNodes": 13}