{"OBBTTime": 1.16451, "rootBTTime": 1.17545, "TotalTime": 3600.02, "LinearTime": 2966.25, "LowerBound": 2067.02, "UpperBound": 2086.45, "SolveResult": 402, "FirstLowerBound": 1609.79, "VisitedNodes": 147243}