{"OBBTTime": 1.14065, "rootBTTime": 1.15211, "TotalTime": 3600.04, "LinearTime": 2881.32, "LowerBound": 1800.32, "UpperBound": 1833.29, "SolveResult": 402, "FirstLowerBound": 1287.38, "VisitedNodes": 160169}