{"OBBTTime": 0.0279843, "rootBTTime": 0.0290381, "TotalTime": 0.0564826, "LinearTime": 0.000372691, "LowerBound": 88.4854, "UpperBound": 88.4854, "SolveResult": 0, "FirstLowerBound": 88.4854, "VisitedNodes": 1}