{"OBBTTime": 0.0933912, "rootBTTime": 0.0956656, "TotalTime": 0.255282, "LinearTime": 0.0464771, "LowerBound": 389.854, "UpperBound": 390.178, "SolveResult": 0, "FirstLowerBound": 386.148, "VisitedNodes": 35}