{"OBBTTime": 3.17083, "rootBTTime": 3.19279, "TotalTime": 3600.06, "LinearTime": 3067.91, "LowerBound": 3258.25, "UpperBound": 3435.05, "SolveResult": 402, "FirstLowerBound": 2272.25, "VisitedNodes": 51519}