{"OBBTTime": 0.110577, "rootBTTime": 0.11341, "TotalTime": 1.00868, "LinearTime": 0.492684, "LowerBound": 335.633, "UpperBound": 335.962, "SolveResult": 0, "FirstLowerBound": 326.221, "VisitedNodes": 297}