{"OBBTTime": 0.0562144, "rootBTTime": 0.0586182, "TotalTime": 0.124148, "LinearTime": 0.0072424, "LowerBound": 148.531, "UpperBound": 148.636, "SolveResult": 0, "FirstLowerBound": 147.857, "VisitedNodes": 9}