{"OBBTTime": 0.108294, "rootBTTime": 0.110522, "TotalTime": 0.394884, "LinearTime": 0.113378, "LowerBound": 96.5651, "UpperBound": 96.6548, "SolveResult": 0, "FirstLowerBound": 94.0069, "VisitedNodes": 91}