{"OBBTTime": 3.09295, "rootBTTime": 3.11438, "TotalTime": 775.68, "LinearTime": 645.276, "LowerBound": 3109.54, "UpperBound": 3112.64, "SolveResult": 0, "FirstLowerBound": 2397.75, "VisitedNodes": 12557}