{"OBBTTime": 3.00928, "rootBTTime": 3.03099, "TotalTime": 3600.01, "LinearTime": 3060.09, "LowerBound": 2776.59, "UpperBound": 2965.35, "SolveResult": 402, "FirstLowerBound": 1822.88, "VisitedNodes": 54603}