{"OBBTTime": 0.0863493, "rootBTTime": 0.0882724, "TotalTime": 0.148875, "LinearTime": 0.00818618, "LowerBound": 184.923, "UpperBound": 185.07, "SolveResult": 0, "FirstLowerBound": 183.668, "VisitedNodes": 7}