{"OBBTTime": 0.0479226, "rootBTTime": 0.0493838, "TotalTime": 0.12729, "LinearTime": 0.0074987, "LowerBound": 175.188, "UpperBound": 175.257, "SolveResult": 0, "FirstLowerBound": 174.595, "VisitedNodes": 11}