{"OBBTTime": 2.40262, "rootBTTime": 2.42445, "TotalTime": 3600.03, "LinearTime": 2992.28, "LowerBound": 3197.07, "UpperBound": 3309.87, "SolveResult": 402, "FirstLowerBound": 2416.01, "VisitedNodes": 62565}