{"OBBTTime": 0.0521155, "rootBTTime": 0.053854, "TotalTime": 0.084401, "LinearTime": 0.00210776, "LowerBound": 122.049, "UpperBound": 122.111, "SolveResult": 0, "FirstLowerBound": 122.019, "VisitedNodes": 3}