{"OBBTTime": 0.135261, "rootBTTime": 0.137424, "TotalTime": 0.279018, "LinearTime": 0.0347827, "LowerBound": 201.14, "UpperBound": 201.287, "SolveResult": 0, "FirstLowerBound": 193.821, "VisitedNodes": 19}