{"OBBTTime": 0.057282, "rootBTTime": 0.0591003, "TotalTime": 0.088516, "LinearTime": 0.00229378, "LowerBound": 136.826, "UpperBound": 136.955, "SolveResult": 0, "FirstLowerBound": 136.598, "VisitedNodes": 3}