{"OBBTTime": 0.261973, "rootBTTime": 0.263881, "TotalTime": 15.571, "LinearTime": 12.3957, "LowerBound": 656.079, "UpperBound": 656.734, "SolveResult": 0, "FirstLowerBound": 486.238, "VisitedNodes": 1659}