{"OBBTTime": 5.63621, "rootBTTime": 5.68293, "TotalTime": 3600.06, "LinearTime": 2548.64, "LowerBound": 11946.2, "UpperBound": 12103.7, "SolveResult": 402, "FirstLowerBound": 9172.63, "VisitedNodes": 10375}