{"OBBTTime": 0.0520408, "rootBTTime": 0.0531005, "TotalTime": 0.367909, "LinearTime": 0.169386, "LowerBound": 105.606, "UpperBound": 105.7, "SolveResult": 0, "FirstLowerBound": 71.4802, "VisitedNodes": 103}