{"OBBTTime": 0.0338539, "rootBTTime": 0.034756, "TotalTime": 0.0736656, "LinearTime": 0.00423778, "LowerBound": -2.50177, "UpperBound": -2.50177, "SolveResult": 0, "FirstLowerBound": -2.8812, "VisitedNodes": 5}