{"OBBTTime": 0.0611428, "rootBTTime": 0.0623669, "TotalTime": 7.92424, "LinearTime": 5.83224, "LowerBound": 304.726, "UpperBound": 305.031, "SolveResult": 0, "FirstLowerBound": 228.062, "VisitedNodes": 3359}