{"OBBTTime": 8.35106, "rootBTTime": 8.36971, "TotalTime": 3600, "LinearTime": 3287.5, "LowerBound": 5571.88, "UpperBound": 5619.98, "SolveResult": 402, "FirstLowerBound": 4479.29, "VisitedNodes": 11619}