{"OBBTTime": 5.09889, "rootBTTime": 5.14528, "TotalTime": 2405.35, "LinearTime": 1675.27, "LowerBound": 11545.6, "UpperBound": 11557.2, "SolveResult": 0, "FirstLowerBound": 9060.48, "VisitedNodes": 6335}