{"OBBTTime": 5.17514, "rootBTTime": 5.22124, "TotalTime": 3471.23, "LinearTime": 2420.51, "LowerBound": 11276.3, "UpperBound": 11287.6, "SolveResult": 0, "FirstLowerBound": 9052.54, "VisitedNodes": 9551}