{"OBBTTime": 8.27976, "rootBTTime": 8.29803, "TotalTime": 3600.12, "LinearTime": 3337.88, "LowerBound": 5377.7, "UpperBound": 5407, "SolveResult": 402, "FirstLowerBound": 4652.03, "VisitedNodes": 11143}