{"OBBTTime": 0.0383181, "rootBTTime": 0.0392188, "TotalTime": 0.445445, "LinearTime": 0.210792, "LowerBound": 35.3852, "UpperBound": 35.4199, "SolveResult": 0, "FirstLowerBound": 27.0393, "VisitedNodes": 211}