{"OBBTTime": 0.0300196, "rootBTTime": 0.0308085, "TotalTime": 0.0627299, "LinearTime": 0.00256501, "LowerBound": 138.002, "UpperBound": 138.006, "SolveResult": 0, "FirstLowerBound": 137.966, "VisitedNodes": 3}