{"OBBTTime": 0.0585957, "rootBTTime": 0.0595316, "TotalTime": 22.7747, "LinearTime": 17.5849, "LowerBound": 11.5017, "UpperBound": 11.5132, "SolveResult": 0, "FirstLowerBound": -7.61127, "VisitedNodes": 9447}