{"OBBTTime": 0.0514964, "rootBTTime": 0.0522803, "TotalTime": 0.106207, "LinearTime": 0.00910473, "LowerBound": 103.676, "UpperBound": 103.676, "SolveResult": 0, "FirstLowerBound": 103.44, "VisitedNodes": 7}