{"OBBTTime": 0.260358, "rootBTTime": 0.262183, "TotalTime": 2.47161, "LinearTime": 1.76226, "LowerBound": 338.859, "UpperBound": 339.175, "SolveResult": 0, "FirstLowerBound": 248.018, "VisitedNodes": 245}