{"OBBTTime": 0.0520772, "rootBTTime": 0.0531047, "TotalTime": 1.42396, "LinearTime": 0.905423, "LowerBound": 234.518, "UpperBound": 234.752, "SolveResult": 0, "FirstLowerBound": 215.279, "VisitedNodes": 615}