{"OBBTTime": 0.279311, "rootBTTime": 0.281283, "TotalTime": 2.80991, "LinearTime": 2.03216, "LowerBound": 233.833, "UpperBound": 233.986, "SolveResult": 0, "FirstLowerBound": 102.181, "VisitedNodes": 263}