{"OBBTTime": 0.0246114, "rootBTTime": 0.0253031, "TotalTime": 0.0524421, "LinearTime": 0.000571953, "LowerBound": 40.8849, "UpperBound": 40.8849, "SolveResult": 0, "FirstLowerBound": 40.8849, "VisitedNodes": 1}