{"OBBTTime": 0.738465, "rootBTTime": 0.741557, "TotalTime": 68.3746, "LinearTime": 60.7629, "LowerBound": 1048.15, "UpperBound": 1049.19, "SolveResult": 0, "FirstLowerBound": 765.689, "VisitedNodes": 2473}