{"OBBTTime": 0.32278, "rootBTTime": 0.324966, "TotalTime": 90.0246, "LinearTime": 76.0089, "LowerBound": 706.477, "UpperBound": 707.183, "SolveResult": 0, "FirstLowerBound": 529.25, "VisitedNodes": 8763}