{"OBBTTime": 0.782565, "rootBTTime": 0.785556, "TotalTime": 16.5052, "LinearTime": 14.0064, "LowerBound": 1024.88, "UpperBound": 1025.84, "SolveResult": 0, "FirstLowerBound": 913.135, "VisitedNodes": 637}