{"OBBTTime": 8.93988, "rootBTTime": 8.95862, "TotalTime": 3600.1, "LinearTime": 3294.35, "LowerBound": 4461.69, "UpperBound": 4473.67, "SolveResult": 402, "FirstLowerBound": 3102.55, "VisitedNodes": 11167}