{"OBBTTime": 0.708291, "rootBTTime": 0.711577, "TotalTime": 160.271, "LinearTime": 140.536, "LowerBound": 1176.69, "UpperBound": 1177.87, "SolveResult": 0, "FirstLowerBound": 651.463, "VisitedNodes": 6841}