{"OBBTTime": 0.687044, "rootBTTime": 0.690129, "TotalTime": 143.793, "LinearTime": 122.494, "LowerBound": 1173.89, "UpperBound": 1175.06, "SolveResult": 0, "FirstLowerBound": 831.858, "VisitedNodes": 5355}