{"OBBTTime": 0.0368852, "rootBTTime": 0.0380224, "TotalTime": 0.178753, "LinearTime": 0.0409821, "LowerBound": 128.362, "UpperBound": 128.479, "SolveResult": 0, "FirstLowerBound": 125.157, "VisitedNodes": 43}