{"OBBTTime": 0.247285, "rootBTTime": 0.249054, "TotalTime": 0.756019, "LinearTime": 0.334214, "LowerBound": 321.736, "UpperBound": 321.997, "SolveResult": 0, "FirstLowerBound": 298.739, "VisitedNodes": 53}