{"OBBTTime": 0.640581, "rootBTTime": 0.643488, "TotalTime": 155.43, "LinearTime": 131.293, "LowerBound": 1262.53, "UpperBound": 1263.8, "SolveResult": 0, "FirstLowerBound": 953.856, "VisitedNodes": 6365}