{"OBBTTime": 8.70603, "rootBTTime": 8.72515, "TotalTime": 3599.99, "LinearTime": 3253.36, "LowerBound": 6127.69, "UpperBound": 6136.55, "SolveResult": 402, "FirstLowerBound": 4995.33, "VisitedNodes": 12373}