{"OBBTTime": 0.0735801, "rootBTTime": 0.0747879, "TotalTime": 0.375678, "LinearTime": 0.168643, "LowerBound": -286.924, "UpperBound": -286.72, "SolveResult": 0, "FirstLowerBound": -313.114, "VisitedNodes": 59}