{"OBBTTime": 5.23633, "rootBTTime": 5.24179, "TotalTime": 3600.26, "LinearTime": 3165.41, "LowerBound": 2753.37, "UpperBound": 2766.66, "SolveResult": 402, "FirstLowerBound": 1572.12, "VisitedNodes": 11271}