{"OBBTTime": 8.20006, "rootBTTime": 8.23528, "TotalTime": 2463.51, "LinearTime": 1070.99, "LowerBound": 15472.4, "UpperBound": 15487.8, "SolveResult": 0, "FirstLowerBound": 12355.1, "VisitedNodes": 2299}