{"OBBTTime": 0.17252, "rootBTTime": 0.17333, "TotalTime": 0.507262, "LinearTime": 0.230595, "LowerBound": 83.5177, "UpperBound": 83.6011, "SolveResult": 0, "FirstLowerBound": 74.9798, "VisitedNodes": 31}