{"OBBTTime": 0.0564007, "rootBTTime": 0.0575184, "TotalTime": 0.148011, "LinearTime": 0.0219745, "LowerBound": 25.0663, "UpperBound": 25.0912, "SolveResult": 0, "FirstLowerBound": 24.9769, "VisitedNodes": 9}