{"OBBTTime": 0.157324, "rootBTTime": 0.158218, "TotalTime": 20.0214, "LinearTime": 16.007, "LowerBound": 70.2282, "UpperBound": 70.2981, "SolveResult": 0, "FirstLowerBound": -108.324, "VisitedNodes": 2043}