{"OBBTTime": 0.131905, "rootBTTime": 0.132744, "TotalTime": 13.171, "LinearTime": 10.609, "LowerBound": 179.115, "UpperBound": 179.291, "SolveResult": 0, "FirstLowerBound": 15.3552, "VisitedNodes": 1489}