{"OBBTTime": 0.0851359, "rootBTTime": 0.0858199, "TotalTime": 0.167441, "LinearTime": 0.0242599, "LowerBound": -30.2893, "UpperBound": -30.2893, "SolveResult": 0, "FirstLowerBound": -32.8297, "VisitedNodes": 7}