{"OBBTTime": 8.98983, "rootBTTime": 9.02438, "TotalTime": 3601.18, "LinearTime": 1848.93, "LowerBound": 12924.9, "UpperBound": 12944.4, "SolveResult": 402, "FirstLowerBound": 10460.6, "VisitedNodes": 4605}