{"OBBTTime": 0.0469797, "rootBTTime": 0.0476727, "TotalTime": 0.587656, "LinearTime": 0.346957, "LowerBound": 85.2158, "UpperBound": 85.2595, "SolveResult": 0, "FirstLowerBound": 66.4387, "VisitedNodes": 167}