{"OBBTTime": 0.153052, "rootBTTime": 0.153931, "TotalTime": 1.76597, "LinearTime": 1.27708, "LowerBound": 73.1196, "UpperBound": 73.1801, "SolveResult": 0, "FirstLowerBound": 26.292, "VisitedNodes": 179}