{"OBBTTime": 1.80091, "rootBTTime": 1.80352, "TotalTime": 238.442, "LinearTime": 212.247, "LowerBound": 1213.87, "UpperBound": 1215.08, "SolveResult": 0, "FirstLowerBound": 573.243, "VisitedNodes": 2909}