{"OBBTTime": 5.57908, "rootBTTime": 5.58473, "TotalTime": 645.727, "LinearTime": 586.355, "LowerBound": 3272.48, "UpperBound": 3275.72, "SolveResult": 0, "FirstLowerBound": 2476.09, "VisitedNodes": 2429}