{"OBBTTime": 1.78486, "rootBTTime": 1.78735, "TotalTime": 334.192, "LinearTime": 290.092, "LowerBound": 1704.26, "UpperBound": 1705.96, "SolveResult": 0, "FirstLowerBound": 1007.52, "VisitedNodes": 3175}