{"OBBTTime": 0.223339, "rootBTTime": 0.224357, "TotalTime": 13.0761, "LinearTime": 11.0453, "LowerBound": 88.8749, "UpperBound": 88.9636, "SolveResult": 0, "FirstLowerBound": -71.1674, "VisitedNodes": 1239}