{"OBBTTime": 0.0568957, "rootBTTime": 0.057703, "TotalTime": 0.59795, "LinearTime": 0.346366, "LowerBound": 201.859, "UpperBound": 202.056, "SolveResult": 0, "FirstLowerBound": 178.798, "VisitedNodes": 141}