{"OBBTTime": 0.0446324, "rootBTTime": 0.0454203, "TotalTime": 0.372309, "LinearTime": 0.194917, "LowerBound": 190.374, "UpperBound": 190.554, "SolveResult": 0, "FirstLowerBound": 166.805, "VisitedNodes": 61}