{"OBBTTime": 0.0836242, "rootBTTime": 0.0845141, "TotalTime": 1.84721, "LinearTime": 1.35956, "LowerBound": 90.9566, "UpperBound": 91.0453, "SolveResult": 0, "FirstLowerBound": 55.8054, "VisitedNodes": 225}