{"OBBTTime": 0.136772, "rootBTTime": 0.139969, "TotalTime": 0.217508, "LinearTime": 0.0316833, "LowerBound": -534.122, "UpperBound": -533.805, "SolveResult": 0, "FirstLowerBound": -534.523, "VisitedNodes": 3}