{"OBBTTime": 0.0485676, "rootBTTime": 0.0489898, "TotalTime": 0.481196, "LinearTime": 0.248217, "LowerBound": 64.3494, "UpperBound": 64.4017, "SolveResult": 0, "FirstLowerBound": 58.8586, "VisitedNodes": 77}