{"OBBTTime": 0.0909385, "rootBTTime": 0.092928, "TotalTime": 1.1024, "LinearTime": 0.739006, "LowerBound": 141.157, "UpperBound": 141.287, "SolveResult": 0, "FirstLowerBound": 104.995, "VisitedNodes": 109}