{"OBBTTime": 0.0587583, "rootBTTime": 0.0602262, "TotalTime": 1.1951, "LinearTime": 0.808598, "LowerBound": -60.9012, "UpperBound": -60.8582, "SolveResult": 0, "FirstLowerBound": -157.477, "VisitedNodes": 217}