{"OBBTTime": 0.0534424, "rootBTTime": 0.0539588, "TotalTime": 1.15491, "LinearTime": 0.802492, "LowerBound": 206.098, "UpperBound": 206.23, "SolveResult": 0, "FirstLowerBound": 158.595, "VisitedNodes": 225}