{"OBBTTime": 0.107313, "rootBTTime": 0.110818, "TotalTime": 0.55208, "LinearTime": 0.25735, "LowerBound": 252.866, "UpperBound": 253.099, "SolveResult": 0, "FirstLowerBound": 188.641, "VisitedNodes": 27}