{"OBBTTime": 0.0391364, "rootBTTime": 0.0394803, "TotalTime": 0.535547, "LinearTime": 0.281312, "LowerBound": 116.108, "UpperBound": 116.201, "SolveResult": 0, "FirstLowerBound": 89.4383, "VisitedNodes": 83}