{"OBBTTime": 0.122249, "rootBTTime": 0.125246, "TotalTime": 2.59955, "LinearTime": 1.81232, "LowerBound": 337.675, "UpperBound": 338.01, "SolveResult": 0, "FirstLowerBound": 234.312, "VisitedNodes": 133}