{"OBBTTime": 0.0344712, "rootBTTime": 0.0348212, "TotalTime": 0.355963, "LinearTime": 0.171137, "LowerBound": 220.601, "UpperBound": 220.819, "SolveResult": 0, "FirstLowerBound": 163.216, "VisitedNodes": 55}