{"OBBTTime": 0.0773897, "rootBTTime": 0.0796301, "TotalTime": 0.217524, "LinearTime": 0.055683, "LowerBound": 85.3687, "UpperBound": 85.3687, "SolveResult": 0, "FirstLowerBound": 79.3349, "VisitedNodes": 9}