{"OBBTTime": 0.05017, "rootBTTime": 0.0504988, "TotalTime": 0.393192, "LinearTime": 0.185822, "LowerBound": 23.7673, "UpperBound": 23.77, "SolveResult": 0, "FirstLowerBound": 9.43948, "VisitedNodes": 41}