{"OBBTTime": 0.0831454, "rootBTTime": 0.0867136, "TotalTime": 0.448634, "LinearTime": 0.21743, "LowerBound": 269.527, "UpperBound": 269.623, "SolveResult": 0, "FirstLowerBound": 233.565, "VisitedNodes": 25}