{"OBBTTime": 0.0264495, "rootBTTime": 0.0269996, "TotalTime": 0.0714054, "LinearTime": 0.0066011, "LowerBound": 144.512, "UpperBound": 144.557, "SolveResult": 0, "FirstLowerBound": 140.858, "VisitedNodes": 3}