{"OBBTTime": 0.0310072, "rootBTTime": 0.0313907, "TotalTime": 0.304206, "LinearTime": 0.135588, "LowerBound": 51.1103, "UpperBound": 51.1608, "SolveResult": 0, "FirstLowerBound": 37.4839, "VisitedNodes": 61}