{"OBBTTime": 0.0771703, "rootBTTime": 0.07917, "TotalTime": 0.677535, "LinearTime": 0.301637, "LowerBound": 57.7218, "UpperBound": 57.7218, "SolveResult": 0, "FirstLowerBound": 36.158, "VisitedNodes": 37}