{"OBBTTime": 0.0639222, "rootBTTime": 0.068798, "TotalTime": 0.32942, "LinearTime": 0.0883034, "LowerBound": -2486.65, "UpperBound": -2477.2, "SolveResult": 100, "FirstLowerBound": -3543.43, "VisitedNodes": 17}