{"OBBTTime": 0.0414321, "rootBTTime": 0.0442299, "TotalTime": 0.362918, "LinearTime": 0.138118, "LowerBound": 231.434, "UpperBound": 231.604, "SolveResult": 0, "FirstLowerBound": 185.395, "VisitedNodes": 33}