{"OBBTTime": 0.264268, "rootBTTime": 0.282986, "TotalTime": 1.74774, "LinearTime": 0.994662, "LowerBound": 446.966, "UpperBound": 447.336, "SolveResult": 0, "FirstLowerBound": 303.201, "VisitedNodes": 29}