{"OBBTTime": 0.0734395, "rootBTTime": 0.0816263, "TotalTime": 0.29754, "LinearTime": 0.0880623, "LowerBound": 727.782, "UpperBound": 728.332, "SolveResult": 0, "FirstLowerBound": 717.152, "VisitedNodes": 11}