{"OBBTTime": 0.109226, "rootBTTime": 0.112758, "TotalTime": 3.40594, "LinearTime": 2.28569, "LowerBound": 349.619, "UpperBound": 349.925, "SolveResult": 0, "FirstLowerBound": 209.052, "VisitedNodes": 185}