{"OBBTTime": 0.320564, "rootBTTime": 0.347352, "TotalTime": 1.18719, "LinearTime": 0.627841, "LowerBound": 743.727, "UpperBound": 754.303, "SolveResult": 100, "FirstLowerBound": 723.476, "VisitedNodes": 9}