{"OBBTTime": 0.0445414, "rootBTTime": 0.0556223, "TotalTime": 0.129947, "LinearTime": 0.00955415, "LowerBound": -52.1617, "UpperBound": -52.1463, "SolveResult": 0, "FirstLowerBound": -52.1617, "VisitedNodes": 3}