{"OBBTTime": 0.143356, "rootBTTime": 0.143789, "TotalTime": 6.26979, "LinearTime": 4.36578, "LowerBound": 565.251, "UpperBound": 565.762, "SolveResult": 0, "FirstLowerBound": 264.031, "VisitedNodes": 205}