{"OBBTTime": 0.0810066, "rootBTTime": 0.0813966, "TotalTime": 3600.01, "LinearTime": 1465.35, "LowerBound": 88.3204, "UpperBound": 89.0765, "SolveResult": 402, "FirstLowerBound": -233.755, "VisitedNodes": 326169}