{"OBBTTime": 0.01061, "rootBTTime": 0.0111624, "TotalTime": 0.033603, "LinearTime": 0.000999284, "LowerBound": -268.022, "UpperBound": -268.015, "SolveResult": 0, "FirstLowerBound": -268.047, "VisitedNodes": 3}