{"OBBTTime": 0.0248408, "rootBTTime": 0.0256743, "TotalTime": 0.208784, "LinearTime": 0.0559362, "LowerBound": 15638.5, "UpperBound": 15639, "SolveResult": 0, "FirstLowerBound": 14438.5, "VisitedNodes": 113}