{"OBBTTime": 0.00726636, "rootBTTime": 0.007504, "TotalTime": 0.0300237, "LinearTime": 0.00132221, "LowerBound": -30665.5, "UpperBound": -30665.5, "SolveResult": 0, "FirstLowerBound": -30670.3, "VisitedNodes": 3}