{"OBBTTime": 0.00867496, "rootBTTime": 0.00891761, "TotalTime": 154.334, "LinearTime": 89.9238, "LowerBound": 7042.2, "UpperBound": 7049.25, "SolveResult": 0, "FirstLowerBound": 2861.68, "VisitedNodes": 305981}