{"OBBTTime": 0.00352566, "rootBTTime": 0.00359242, "TotalTime": 0.0756071, "LinearTime": 0.00323638, "LowerBound": -7.49699, "UpperBound": -7.49699, "SolveResult": 0, "FirstLowerBound": -837.5, "VisitedNodes": 15}