{"OBBTTime": 0.00382846, "rootBTTime": 0.00390196, "TotalTime": 0.132862, "LinearTime": 0.00630318, "LowerBound": 7.05875, "UpperBound": 7.05876, "SolveResult": 0, "FirstLowerBound": -17385, "VisitedNodes": 19}