{"OBBTTime": 0.00407401, "rootBTTime": 0.00438986, "TotalTime": 0.0237019, "LinearTime": 0.000925937, "LowerBound": -16.7466, "UpperBound": -16.7389, "SolveResult": 0, "FirstLowerBound": -16.758, "VisitedNodes": 3}