{"OBBTTime": 0.00367222, "rootBTTime": 0.00374775, "TotalTime": 0.101054, "LinearTime": 0.00617866, "LowerBound": -7.49898, "UpperBound": -7.46833, "SolveResult": 100, "FirstLowerBound": -322096, "VisitedNodes": 19}