{"OBBTTime": 0.0034526, "rootBTTime": 0.00351221, "TotalTime": 0.125247, "LinearTime": 0.00486969, "LowerBound": 0.000109353, "UpperBound": 0.000109353, "SolveResult": 0, "FirstLowerBound": -875, "VisitedNodes": 23}