{"OBBTTime": 0.00441931, "rootBTTime": 0.00449269, "TotalTime": 0.06164, "LinearTime": 0.00266514, "LowerBound": -443.661, "UpperBound": -443.661, "SolveResult": 0, "FirstLowerBound": -3001, "VisitedNodes": 11}