{"OBBTTime": 0.00473997, "rootBTTime": 0.00487834, "TotalTime": 0.0250277, "LinearTime": 0.000649975, "LowerBound": -5.50801, "UpperBound": -5.50801, "SolveResult": 0, "FirstLowerBound": -5.72048, "VisitedNodes": 3}