{"OBBTTime": 0.0231273, "rootBTTime": 0.0236244, "TotalTime": 0.335505, "LinearTime": 0.0828063, "LowerBound": 1.86347, "UpperBound": 1.86417, "SolveResult": 0, "FirstLowerBound": 0.9979, "VisitedNodes": 151}