{"OBBTTime": 0.0713435, "rootBTTime": 0.07279, "TotalTime": 3600, "LinearTime": 2531.77, "LowerBound": -6105.97, "UpperBound": -3500, "SolveResult": 402, "FirstLowerBound": -9700, "VisitedNodes": 1310121}