{"OBBTTime": 0.0076797, "rootBTTime": 0.00791681, "TotalTime": 7.38114, "LinearTime": 4.37031, "LowerBound": 7504.72, "UpperBound": 7512.23, "SolveResult": 0, "FirstLowerBound": 3118.73, "VisitedNodes": 15315}