{"OBBTTime": 0.00917798, "rootBTTime": 0.00941771, "TotalTime": 0.0367935, "LinearTime": 0.00124706, "LowerBound": -750, "UpperBound": -750, "SolveResult": 0, "FirstLowerBound": -857.711, "VisitedNodes": 3}