{"OBBTTime": 0.00816265, "rootBTTime": 0.00839842, "TotalTime": 0.0522548, "LinearTime": 0.00231324, "LowerBound": -400, "UpperBound": -400, "SolveResult": 0, "FirstLowerBound": -582.236, "VisitedNodes": 7}