{"OBBTTime": 0.00715598, "rootBTTime": 0.00734296, "TotalTime": 0.243739, "LinearTime": 0.0873327, "LowerBound": -450.29, "UpperBound": -450, "SolveResult": 0, "FirstLowerBound": -2907.15, "VisitedNodes": 255}