{"OBBTTime": 0.191729, "rootBTTime": 0.193057, "TotalTime": 3600, "LinearTime": 2727.83, "LowerBound": 2.33985, "UpperBound": 3.23402, "SolveResult": 402, "FirstLowerBound": 1.63219, "VisitedNodes": 831035}