{"OBBTTime": 0.666574, "rootBTTime": 0.670401, "TotalTime": 3599.91, "LinearTime": 2469.67, "LowerBound": -10, "UpperBound": -0.0691196, "SolveResult": 402, "FirstLowerBound": -10, "VisitedNodes": 502439}