{"OBBTTime": 0.241746, "rootBTTime": 0.243624, "TotalTime": 3600, "LinearTime": 3175.4, "LowerBound": -1.39096, "UpperBound": 0.485152, "SolveResult": 402, "FirstLowerBound": -3.33333, "VisitedNodes": 576327}