{"OBBTTime": 0.0152953, "rootBTTime": 0.0162249, "TotalTime": 9.99293, "LinearTime": 6.92076, "LowerBound": 0.0283174, "UpperBound": 0.0293108, "SolveResult": 0, "FirstLowerBound": -14108.3, "VisitedNodes": 4727}