{"OBBTTime": 0.0518332, "rootBTTime": 0.052901, "TotalTime": 3600, "LinearTime": 2611.57, "LowerBound": 0.555609, "UpperBound": 0.618573, "SolveResult": 402, "FirstLowerBound": -3.55374, "VisitedNodes": 2983247}