{"OBBTTime": 0.0994183, "rootBTTime": 0.101314, "TotalTime": 0.187019, "LinearTime": 0.00397364, "LowerBound": 0.199602, "UpperBound": 0.199602, "SolveResult": 0, "FirstLowerBound": 0.199602, "VisitedNodes": 3}