{"OBBTTime": 0.0958758, "rootBTTime": 0.0990145, "TotalTime": 2466.89, "LinearTime": 1686.66, "LowerBound": 2.54072, "UpperBound": 2.54072, "SolveResult": 0, "FirstLowerBound": 0, "VisitedNodes": 594569}