{"OBBTTime": 0.0385276, "rootBTTime": 0.0406459, "TotalTime": 1.34274, "LinearTime": 0.600983, "LowerBound": 1.28756, "UpperBound": 1.28761, "SolveResult": 0, "FirstLowerBound": 0, "VisitedNodes": 463}