{"OBBTTime": 0.070907, "rootBTTime": 0.0719022, "TotalTime": 22.3968, "LinearTime": 12.4686, "LowerBound": 0.338602, "UpperBound": 0.339602, "SolveResult": 0, "FirstLowerBound": 0, "VisitedNodes": 11131}