{"OBBTTime": 0.0261118, "rootBTTime": 0.0275687, "TotalTime": 8.24687, "LinearTime": 5.26672, "LowerBound": 1.07292, "UpperBound": 1.07292, "SolveResult": 0, "FirstLowerBound": 0, "VisitedNodes": 5281}