{"OBBTTime": 0.0358721, "rootBTTime": 0.0370641, "TotalTime": 5.01942, "LinearTime": 3.07433, "LowerBound": 7.78083, "UpperBound": 7.78789, "SolveResult": 0, "FirstLowerBound": 0, "VisitedNodes": 2569}