{"OBBTTime": 0.0696328, "rootBTTime": 0.0735413, "TotalTime": 309.019, "LinearTime": 205.988, "LowerBound": 14.4811, "UpperBound": 14.4811, "SolveResult": 0, "FirstLowerBound": 0, "VisitedNodes": 105785}