{"OBBTTime": 0.0509431, "rootBTTime": 0.0540536, "TotalTime": 212.844, "LinearTime": 143.273, "LowerBound": 1.97164, "UpperBound": 1.9736, "SolveResult": 0, "FirstLowerBound": 0, "VisitedNodes": 78385}