{"OBBTTime": 0.097339, "rootBTTime": 0.0991962, "TotalTime": 153.918, "LinearTime": 87.8754, "LowerBound": 0.338602, "UpperBound": 0.339602, "SolveResult": 0, "FirstLowerBound": 0, "VisitedNodes": 69319}