{"OBBTTime": 0.0791622, "rootBTTime": 0.080586, "TotalTime": 0.260813, "LinearTime": 0.00536366, "LowerBound": 0.199602, "UpperBound": 0.199602, "SolveResult": 0, "FirstLowerBound": 0.199602, "VisitedNodes": 5}