{"OBBTTime": 0.0154515, "rootBTTime": 0.0160779, "TotalTime": 0.155071, "LinearTime": 0.0126482, "LowerBound": 0.858407, "UpperBound": 0.858407, "SolveResult": 0, "FirstLowerBound": 0, "VisitedNodes": 23}