{"OBBTTime": 0.126981, "rootBTTime": 0.130467, "TotalTime": 3600, "LinearTime": 2624.57, "LowerBound": 10.7447, "UpperBound": 14.5624, "SolveResult": 402, "FirstLowerBound": 0, "VisitedNodes": 833807}