{"OBBTTime": 0.0721464, "rootBTTime": 0.0764663, "TotalTime": 3599.99, "LinearTime": 2595.35, "LowerBound": 0.742815, "UpperBound": 2.91461, "SolveResult": 402, "FirstLowerBound": 0, "VisitedNodes": 1110283}