{"OBBTTime": 0.0264574, "rootBTTime": 0.0274617, "TotalTime": 0.89816, "LinearTime": 0.383464, "LowerBound": 1.53646, "UpperBound": 1.53711, "SolveResult": 0, "FirstLowerBound": 0, "VisitedNodes": 399}