{"OBBTTime": 0.0144203, "rootBTTime": 0.0150565, "TotalTime": 0.197228, "LinearTime": 0.0429127, "LowerBound": 0.643022, "UpperBound": 0.643806, "SolveResult": 0, "FirstLowerBound": 0, "VisitedNodes": 85}