{"OBBTTime": 0.0719676, "rootBTTime": 0.0758836, "TotalTime": 125.075, "LinearTime": 82.4449, "LowerBound": 2.6602, "UpperBound": 2.66281, "SolveResult": 0, "FirstLowerBound": 0, "VisitedNodes": 36549}