{"OBBTTime": 0.0858241, "rootBTTime": 0.0870927, "TotalTime": 28.7036, "LinearTime": 15.3951, "LowerBound": 0.213603, "UpperBound": 0.214602, "SolveResult": 0, "FirstLowerBound": 0, "VisitedNodes": 12361}