{"OBBTTime": 0.0197593, "rootBTTime": 0.0204513, "TotalTime": 0.360871, "LinearTime": 0.0714119, "LowerBound": 0.858012, "UpperBound": 0.858407, "SolveResult": 0, "FirstLowerBound": 0, "VisitedNodes": 103}