{"OBBTTime": 0.0122088, "rootBTTime": 0.0126609, "TotalTime": 0.202182, "LinearTime": 0.0441855, "LowerBound": 1.37488, "UpperBound": 1.37586, "SolveResult": 0, "FirstLowerBound": 0, "VisitedNodes": 85}