{"OBBTTime": 0.079288, "rootBTTime": 0.0803158, "TotalTime": 50.8998, "LinearTime": 27.4074, "LowerBound": 0.338604, "UpperBound": 0.339602, "SolveResult": 0, "FirstLowerBound": 0, "VisitedNodes": 24053}