{"OBBTTime": 0.0256128, "rootBTTime": 0.0268967, "TotalTime": 11.2245, "LinearTime": 7.12818, "LowerBound": 5.11129, "UpperBound": 5.11618, "SolveResult": 0, "FirstLowerBound": 0, "VisitedNodes": 7645}