{"OBBTTime": 0.0511231, "rootBTTime": 0.0543338, "TotalTime": 415.446, "LinearTime": 277.334, "LowerBound": 2.10961, "UpperBound": 2.11172, "SolveResult": 0, "FirstLowerBound": 0, "VisitedNodes": 152161}