{"OBBTTime": 0.00443131, "rootBTTime": 0.00457479, "TotalTime": 0.0919154, "LinearTime": 0.0127208, "LowerBound": -2.61469e-07, "UpperBound": 0, "SolveResult": 0, "FirstLowerBound": -211707, "VisitedNodes": 37}