{"OBBTTime": 0.00397871, "rootBTTime": 0.00405548, "TotalTime": 0.0658254, "LinearTime": 0.00278271, "LowerBound": -0.441757, "UpperBound": -0.441757, "SolveResult": 0, "FirstLowerBound": -27.9708, "VisitedNodes": 9}