{"OBBTTime": 0.00351137, "rootBTTime": 0.00357743, "TotalTime": 0.0661917, "LinearTime": 0.00217819, "LowerBound": -4.43656, "UpperBound": -4.43656, "SolveResult": 0, "FirstLowerBound": -11.8862, "VisitedNodes": 9}