{"OBBTTime": 0.00434238, "rootBTTime": 0.00442454, "TotalTime": 0.0989484, "LinearTime": 0.00909785, "LowerBound": 0.126429, "UpperBound": 0.126429, "SolveResult": 0, "FirstLowerBound": -7661.68, "VisitedNodes": 13}