{"OBBTTime": 0.0120203, "rootBTTime": 0.0125679, "TotalTime": 0.685589, "LinearTime": 0.385209, "LowerBound": 5.23821, "UpperBound": 5.2434, "SolveResult": 0, "FirstLowerBound": 0, "VisitedNodes": 527}