{"OBBTTime": 1.0677, "rootBTTime": 1.13474, "TotalTime": 3599.87, "LinearTime": 3326.44, "LowerBound": 0.0735409, "UpperBound": 0.707107, "SolveResult": 402, "FirstLowerBound": 0, "VisitedNodes": 40431}