{"OBBTTime": 1.11372, "rootBTTime": 1.12857, "TotalTime": 3600.02, "LinearTime": 3204.42, "LowerBound": 0.154126, "UpperBound": 0.666694, "SolveResult": 402, "FirstLowerBound": 0, "VisitedNodes": 148127}