{"OBBTTime": 0.21706, "rootBTTime": 0.224342, "TotalTime": 0.728919, "LinearTime": 0.190762, "LowerBound": -877.646, "UpperBound": -877.646, "SolveResult": 0, "FirstLowerBound": -961.694, "VisitedNodes": 81}