{"OBBTTime": 0.11006, "rootBTTime": 0.120323, "TotalTime": 0.88617, "LinearTime": 0.191194, "LowerBound": -561.506, "UpperBound": -561.045, "SolveResult": 0, "FirstLowerBound": -574.783, "VisitedNodes": 143}