{"OBBTTime": 0.108259, "rootBTTime": 0.11373, "TotalTime": 18.4988, "LinearTime": 0.197133, "LowerBound": -561.141, "UpperBound": -560.992, "SolveResult": 0, "FirstLowerBound": -574.783, "VisitedNodes": 127}