{"OBBTTime": 0.0519418, "rootBTTime": 0.0572883, "TotalTime": 0.8508, "LinearTime": 0.129619, "LowerBound": -550.286, "UpperBound": -549.803, "SolveResult": 0, "FirstLowerBound": -573.541, "VisitedNodes": 125}