{"OBBTTime": 0.197086, "rootBTTime": 0.204095, "TotalTime": 1.83235, "LinearTime": 0.509492, "LowerBound": -561.336, "UpperBound": -561.045, "SolveResult": 0, "FirstLowerBound": -574.783, "VisitedNodes": 255}