{"OBBTTime": 0.127861, "rootBTTime": 0.133468, "TotalTime": 13.9161, "LinearTime": 1.36397, "LowerBound": -878.413, "UpperBound": -877.646, "SolveResult": 0, "FirstLowerBound": -976.439, "VisitedNodes": 847}