{"OBBTTime": 0.00879699, "rootBTTime": 0.00905135, "TotalTime": 0.0849473, "LinearTime": 0.00326464, "LowerBound": -600, "UpperBound": -600, "SolveResult": 0, "FirstLowerBound": -1000, "VisitedNodes": 9}