{"OBBTTime": 0.0545924, "rootBTTime": 0.0558819, "TotalTime": 0.421166, "LinearTime": 0.0546622, "LowerBound": -4394.47, "UpperBound": -4391.83, "SolveResult": 0, "FirstLowerBound": -6028.82, "VisitedNodes": 53}