{"OBBTTime": 0.151203, "rootBTTime": 0.157399, "TotalTime": 0.25026, "LinearTime": 0.00594195, "LowerBound": -877.901, "UpperBound": -877.646, "SolveResult": 0, "FirstLowerBound": -877.901, "VisitedNodes": 3}