{"OBBTTime": 0.00907692, "rootBTTime": 0.00943094, "TotalTime": 0.0345358, "LinearTime": 0.000749517, "LowerBound": -750, "UpperBound": -750, "SolveResult": 0, "FirstLowerBound": -750, "VisitedNodes": 1}