{"OBBTTime": 0.0764588, "rootBTTime": 0.0826291, "TotalTime": 1.47541, "LinearTime": 0.398652, "LowerBound": -550.352, "UpperBound": -549.803, "SolveResult": 0, "FirstLowerBound": -574.783, "VisitedNodes": 287}