{"OBBTTime": 0.0766564, "rootBTTime": 0.0776177, "TotalTime": 2.23325, "LinearTime": 0.00429721, "LowerBound": -1100, "UpperBound": -1099.94, "SolveResult": 0, "FirstLowerBound": -1100, "VisitedNodes": 5}