{"OBBTTime": 0.0569836, "rootBTTime": 0.0594936, "TotalTime": 2.83826, "LinearTime": 0.170173, "LowerBound": -550.273, "UpperBound": -549.803, "SolveResult": 0, "FirstLowerBound": -852.378, "VisitedNodes": 157}