{"OBBTTime": 0.0588029, "rootBTTime": 0.0601062, "TotalTime": 0.328182, "LinearTime": 0.0262618, "LowerBound": -4395.03, "UpperBound": -4391.83, "SolveResult": 0, "FirstLowerBound": -5528.25, "VisitedNodes": 27}