{"OBBTTime": 0.0776715, "rootBTTime": 0.0804595, "TotalTime": 8.74541, "LinearTime": 0.44643, "LowerBound": -550.33, "UpperBound": -549.803, "SolveResult": 0, "FirstLowerBound": -837.811, "VisitedNodes": 305}