{"OBBTTime": 0.0473485, "rootBTTime": 0.0494959, "TotalTime": 2.63568, "LinearTime": 0.163329, "LowerBound": -550.243, "UpperBound": -549.803, "SolveResult": 0, "FirstLowerBound": -837.811, "VisitedNodes": 169}