{"OBBTTime": 0.0505025, "rootBTTime": 0.055882, "TotalTime": 0.772, "LinearTime": 0.169971, "LowerBound": -550.324, "UpperBound": -549.803, "SolveResult": 0, "FirstLowerBound": -570.135, "VisitedNodes": 175}