{"OBBTTime": 0.00923053, "rootBTTime": 0.00960594, "TotalTime": 0.0452964, "LinearTime": 0.000781764, "LowerBound": -400, "UpperBound": -400, "SolveResult": 0, "FirstLowerBound": -400, "VisitedNodes": 1}