{"OBBTTime": 0.103649, "rootBTTime": 0.105198, "TotalTime": 1.34824, "LinearTime": 0.0308354, "LowerBound": -4394.04, "UpperBound": -4391.83, "SolveResult": 0, "FirstLowerBound": -5528.25, "VisitedNodes": 23}