{"OBBTTime": 0.00557606, "rootBTTime": 0.00566997, "TotalTime": 1.17261, "LinearTime": 0.527053, "LowerBound": -9.8451e-05, "UpperBound": -9.8451e-05, "SolveResult": 0, "FirstLowerBound": -100, "VisitedNodes": 1783}