{"OBBTTime": 0.00395112, "rootBTTime": 0.00421325, "TotalTime": 0.0249138, "LinearTime": 0.000521435, "LowerBound": 1.17712, "UpperBound": 1.17712, "SolveResult": 0, "FirstLowerBound": 1.1771, "VisitedNodes": 3}