{"OBBTTime": 0.0041485, "rootBTTime": 0.00423463, "TotalTime": 1.77393, "LinearTime": 0.684573, "LowerBound": -0.000924887, "UpperBound": 2.32831e-10, "SolveResult": 0, "FirstLowerBound": -353621, "VisitedNodes": 2853}