{"OBBTTime": 0.00647912, "rootBTTime": 0.00663534, "TotalTime": 0.0530683, "LinearTime": 0.00182436, "LowerBound": -70267, "UpperBound": -70262, "SolveResult": 0, "FirstLowerBound": -72700.1, "VisitedNodes": 7}