{"OBBTTime": 0.00538799, "rootBTTime": 0.00551228, "TotalTime": 0.0310964, "LinearTime": 0.000208903, "LowerBound": -86768.6, "UpperBound": -86768.6, "SolveResult": 0, "FirstLowerBound": -86768.6, "VisitedNodes": 1}