{"OBBTTime": 0.00894072, "rootBTTime": 0.00936833, "TotalTime": 0.0331183, "LinearTime": 0.00101469, "LowerBound": -45.3797, "UpperBound": -45.3797, "SolveResult": 0, "FirstLowerBound": -45.4079, "VisitedNodes": 3}