{"OBBTTime": 0.00949094, "rootBTTime": 0.0106437, "TotalTime": 0.0324368, "LinearTime": 0.000323024, "LowerBound": -42.9626, "UpperBound": -42.9626, "SolveResult": 0, "FirstLowerBound": -42.9626, "VisitedNodes": 1}