{"OBBTTime": 0.00404308, "rootBTTime": 0.00412337, "TotalTime": 0.195021, "LinearTime": 0.0230564, "LowerBound": -12.501, "UpperBound": -12.4999, "SolveResult": 0, "FirstLowerBound": -18, "VisitedNodes": 117}