{"OBBTTime": 0.00420553, "rootBTTime": 0.00434232, "TotalTime": 0.0423747, "LinearTime": 0.001547, "LowerBound": -2.82843, "UpperBound": -2.82843, "SolveResult": 0, "FirstLowerBound": -2.89599, "VisitedNodes": 7}