{"OBBTTime": 0.00433428, "rootBTTime": 0.00445418, "TotalTime": 0.0423873, "LinearTime": 0.00153708, "LowerBound": 0.741782, "UpperBound": 0.741782, "SolveResult": 0, "FirstLowerBound": 0.531737, "VisitedNodes": 7}