{"OBBTTime": 0.0138681, "rootBTTime": 0.0150329, "TotalTime": 0.401552, "LinearTime": 0.136593, "LowerBound": -1162.48, "UpperBound": -1161.34, "SolveResult": 0, "FirstLowerBound": -1515.11, "VisitedNodes": 271}