{"OBBTTime": 0.00382417, "rootBTTime": 0.0039652, "TotalTime": 0.0670102, "LinearTime": 0.00366773, "LowerBound": -1.08358, "UpperBound": -1.08333, "SolveResult": 0, "FirstLowerBound": -1.27856, "VisitedNodes": 19}