{"OBBTTime": 0.00382796, "rootBTTime": 0.00429854, "TotalTime": 0.0305389, "LinearTime": 0.000359823, "LowerBound": 2.99996, "UpperBound": 3, "SolveResult": 0, "FirstLowerBound": 2.99996, "VisitedNodes": 1}