{"OBBTTime": 0.00569651, "rootBTTime": 0.00583444, "TotalTime": 0.184855, "LinearTime": 0.0503291, "LowerBound": 7042.51, "UpperBound": 7049.25, "SolveResult": 0, "FirstLowerBound": 5342.14, "VisitedNodes": 235}