{"OBBTTime": 0.00394647, "rootBTTime": 0.00401685, "TotalTime": 0.0476487, "LinearTime": 0.00175043, "LowerBound": -0.500938, "UpperBound": -0.5, "SolveResult": 0, "FirstLowerBound": -0.543292, "VisitedNodes": 9}