{"OBBTTime": 0.00394912, "rootBTTime": 0.00405535, "TotalTime": 0.02309, "LinearTime": 0.000181619, "LowerBound": -6.66667, "UpperBound": -6.66667, "SolveResult": 0, "FirstLowerBound": -6.66667, "VisitedNodes": 1}