{"OBBTTime": 0.00444522, "rootBTTime": 0.00478565, "TotalTime": 0.0265925, "LinearTime": 0.000252871, "LowerBound": 201.159, "UpperBound": 201.159, "SolveResult": 0, "FirstLowerBound": 201.159, "VisitedNodes": 1}