{"OBBTTime": 0.00497261, "rootBTTime": 0.00522695, "TotalTime": 0.0279855, "LinearTime": 0.000190246, "LowerBound": -185.779, "UpperBound": -185.779, "SolveResult": 0, "FirstLowerBound": -185.779, "VisitedNodes": 1}