{"OBBTTime": 0.00479521, "rootBTTime": 0.00488652, "TotalTime": 0.0723281, "LinearTime": 0.00690825, "LowerBound": -118.76, "UpperBound": -118.705, "SolveResult": 0, "FirstLowerBound": -3053.59, "VisitedNodes": 27}