{"OBBTTime": 0.00876291, "rootBTTime": 0.00894281, "TotalTime": 0.0341001, "LinearTime": 0.000283235, "LowerBound": -400, "UpperBound": -400, "SolveResult": 0, "FirstLowerBound": -400, "VisitedNodes": 1}