{"OBBTTime": 0.00609505, "rootBTTime": 0.00639626, "TotalTime": 0.0320742, "LinearTime": 0.000236506, "LowerBound": 0.0156195, "UpperBound": 0.0156195, "SolveResult": 0, "FirstLowerBound": 0.0156195, "VisitedNodes": 1}