{"OBBTTime": 0.0208962, "rootBTTime": 0.0217181, "TotalTime": 0.14572, "LinearTime": 0.0346365, "LowerBound": -1195.3, "UpperBound": -1195.23, "SolveResult": 0, "FirstLowerBound": -2937.72, "VisitedNodes": 31}