{"OBBTTime": 0.0189605, "rootBTTime": 0.0197617, "TotalTime": 0.134935, "LinearTime": 0.0283744, "LowerBound": -621.534, "UpperBound": -621.488, "SolveResult": 0, "FirstLowerBound": -1467.02, "VisitedNodes": 25}