{"OBBTTime": 0.0103236, "rootBTTime": 0.0108174, "TotalTime": 0.0872435, "LinearTime": 0.00607835, "LowerBound": -795.364, "UpperBound": -794.856, "SolveResult": 0, "FirstLowerBound": -833.422, "VisitedNodes": 15}