{"OBBTTime": 0.341488, "rootBTTime": 0.348058, "TotalTime": 3599.98, "LinearTime": 2091.55, "LowerBound": 1880.37, "UpperBound": 2127.12, "SolveResult": 402, "FirstLowerBound": 1024.8, "VisitedNodes": 769041}