{"OBBTTime": 0.0865201, "rootBTTime": 0.0900977, "TotalTime": 138.428, "LinearTime": 69.8348, "LowerBound": 229.472, "UpperBound": 229.701, "SolveResult": 0, "FirstLowerBound": 99.8976, "VisitedNodes": 34013}