{"OBBTTime": 0.0188105, "rootBTTime": 0.0196079, "TotalTime": 0.112356, "LinearTime": 0.00830322, "LowerBound": 130.608, "UpperBound": 130.703, "SolveResult": 0, "FirstLowerBound": 82.0003, "VisitedNodes": 13}