{"OBBTTime": 0.0525159, "rootBTTime": 0.0557251, "TotalTime": 0.284076, "LinearTime": 0.0186267, "LowerBound": 130.703, "UpperBound": 130.703, "SolveResult": 0, "FirstLowerBound": 83.5372, "VisitedNodes": 23}