{"OBBTTime": 0.833622, "rootBTTime": 0.848912, "TotalTime": 3600.01, "LinearTime": 2285.58, "LowerBound": 1113.03, "UpperBound": 1201.04, "SolveResult": 402, "FirstLowerBound": 648, "VisitedNodes": 480693}