{"OBBTTime": 1.11824, "rootBTTime": 1.14959, "TotalTime": 3599.63, "LinearTime": 1913.42, "LowerBound": 369.933, "UpperBound": 513.001, "SolveResult": 402, "FirstLowerBound": 337.654, "VisitedNodes": 296779}