{"OBBTTime": 0.457324, "rootBTTime": 0.485919, "TotalTime": 3600, "LinearTime": 1874.56, "LowerBound": 1358.72, "UpperBound": 179769000000000000000000000000000000000000000000000000000000000000000000000000000000000000000000000000000000000000000000000000000000000000000000000000000000000000000000000000000000000000000000000000000000000000000000000000000000000000000000000000000000000000000000000000000000000000000000000000000000000000000, "SolveResult": 402, "FirstLowerBound": 1212.71, "VisitedNodes": 496823}