{"OBBTTime": 0.198087, "rootBTTime": 0.204123, "TotalTime": 3600.01, "LinearTime": 2666.61, "LowerBound": 460.089, "UpperBound": 513.001, "SolveResult": 402, "FirstLowerBound": 213.266, "VisitedNodes": 760767}