{"OBBTTime": 3.61345, "rootBTTime": 3.66601, "TotalTime": 3600, "LinearTime": 1998.8, "LowerBound": 1306.45, "UpperBound": 1564.96, "SolveResult": 402, "FirstLowerBound": 1017.2, "VisitedNodes": 242191}