{"OBBTTime": 0.0870472, "rootBTTime": 0.0908255, "TotalTime": 644.846, "LinearTime": 394.385, "LowerBound": 2443.98, "UpperBound": 2446.43, "SolveResult": 0, "FirstLowerBound": 975.484, "VisitedNodes": 170371}