{"OBBTTime": 0.486607, "rootBTTime": 0.503542, "TotalTime": 3600.01, "LinearTime": 1893.19, "LowerBound": 99.9714, "UpperBound": 179769000000000000000000000000000000000000000000000000000000000000000000000000000000000000000000000000000000000000000000000000000000000000000000000000000000000000000000000000000000000000000000000000000000000000000000000000000000000000000000000000000000000000000000000000000000000000000000000000000000000000000, "SolveResult": 402, "FirstLowerBound": 99.8976, "VisitedNodes": 461911}