{"OBBTTime": 0.096505, "rootBTTime": 0.0996337, "TotalTime": 0.735401, "LinearTime": 0.268169, "LowerBound": 89.836, "UpperBound": 89.836, "SolveResult": 0, "FirstLowerBound": 71.9174, "VisitedNodes": 219}