{"OBBTTime": 1.96044, "rootBTTime": 1.99779, "TotalTime": 3594.05, "LinearTime": 2017.54, "LowerBound": 1364.36, "UpperBound": 2127.12, "SolveResult": 402, "FirstLowerBound": 1024.8, "VisitedNodes": 305777}