{"OBBTTime": 0.0261594, "rootBTTime": 0.0275715, "TotalTime": 0.21704, "LinearTime": 0.0433387, "LowerBound": 89.782, "UpperBound": 89.8361, "SolveResult": 0, "FirstLowerBound": 69.2386, "VisitedNodes": 47}