{"OBBTTime": 0.990195, "rootBTTime": 1.03302, "TotalTime": 3600, "LinearTime": 2412.78, "LowerBound": 319.236, "UpperBound": 323.682, "SolveResult": 402, "FirstLowerBound": 250.114, "VisitedNodes": 162811}