{"OBBTTime": 0.175231, "rootBTTime": 0.181046, "TotalTime": 3599.99, "LinearTime": 2287.91, "LowerBound": 104.78, "UpperBound": 104.886, "SolveResult": 402, "FirstLowerBound": 85.5094, "VisitedNodes": 564805}