{"OBBTTime": 0.227129, "rootBTTime": 0.234687, "TotalTime": 3600, "LinearTime": 2598.49, "LowerBound": 156.093, "UpperBound": 157.094, "SolveResult": 402, "FirstLowerBound": 139.511, "VisitedNodes": 580003}