{"OBBTTime": 0.0650899, "rootBTTime": 0.0672051, "TotalTime": 3600, "LinearTime": 2605.14, "LowerBound": 86.6741, "UpperBound": 86.8333, "SolveResult": 402, "FirstLowerBound": 69.1544, "VisitedNodes": 1218003}