{"OBBTTime": 7.77599, "rootBTTime": 8.04053, "TotalTime": 3600.02, "LinearTime": 2926.94, "LowerBound": 526.142, "UpperBound": 556.675, "SolveResult": 402, "FirstLowerBound": 454.29, "VisitedNodes": 35417}