{"OBBTTime": 0.564725, "rootBTTime": 0.581455, "TotalTime": 3600.02, "LinearTime": 2805.36, "LowerBound": 400.44, "UpperBound": 410.635, "SolveResult": 402, "FirstLowerBound": 289.018, "VisitedNodes": 266247}