{"OBBTTime": 0.808008, "rootBTTime": 0.846622, "TotalTime": 3600.01, "LinearTime": 2568.72, "LowerBound": 328.223, "UpperBound": 329.57, "SolveResult": 402, "FirstLowerBound": 308.811, "VisitedNodes": 197433}