{"OBBTTime": 0.154556, "rootBTTime": 0.160366, "TotalTime": 3600.01, "LinearTime": 2615.25, "LowerBound": 237.598, "UpperBound": 238.733, "SolveResult": 402, "FirstLowerBound": 213.851, "VisitedNodes": 650583}