{"OBBTTime": 6.32769, "rootBTTime": 6.68347, "TotalTime": 3600.02, "LinearTime": 2918.42, "LowerBound": 593.699, "UpperBound": 662.807, "SolveResult": 402, "FirstLowerBound": 543.753, "VisitedNodes": 28941}