{"OBBTTime": 6.67533, "rootBTTime": 6.6958, "TotalTime": 3600.08, "LinearTime": 1747.55, "LowerBound": -24.9587, "UpperBound": -6.38601, "SolveResult": 402, "FirstLowerBound": -146.392, "VisitedNodes": 28289}