{"OBBTTime": 6.89787, "rootBTTime": 7.31708, "TotalTime": 3600.05, "LinearTime": 1640.09, "LowerBound": -61.0214, "UpperBound": -32.1476, "SolveResult": 402, "FirstLowerBound": -79.709, "VisitedNodes": 14845}