{"OBBTTime": 4.19467, "rootBTTime": 4.28616, "TotalTime": 3600.01, "LinearTime": 2018.77, "LowerBound": -59.0948, "UpperBound": -37.8535, "SolveResult": 402, "FirstLowerBound": -78.7596, "VisitedNodes": 33321}