{"OBBTTime": 3.49151, "rootBTTime": 3.70712, "TotalTime": 3600.03, "LinearTime": 2279.48, "LowerBound": -94.1674, "UpperBound": -57.2467, "SolveResult": 402, "FirstLowerBound": -140.358, "VisitedNodes": 18803}