{"OBBTTime": 4.39588, "rootBTTime": 4.43324, "TotalTime": 3600.12, "LinearTime": 2828.89, "LowerBound": -11.2809, "UpperBound": -7.71416, "SolveResult": 402, "FirstLowerBound": -16.5155, "VisitedNodes": 23259}