{"OBBTTime": 8.90347, "rootBTTime": 8.97096, "TotalTime": 3600.02, "LinearTime": 2849.78, "LowerBound": -22.8875, "UpperBound": -15.9549, "SolveResult": 402, "FirstLowerBound": -30.1118, "VisitedNodes": 13029}