{"OBBTTime": 3.88033, "rootBTTime": 4.28309, "TotalTime": 3600.05, "LinearTime": 1494.84, "LowerBound": -117.56, "UpperBound": -78.6716, "SolveResult": 402, "FirstLowerBound": -155.747, "VisitedNodes": 18615}