{"OBBTTime": 2.04421, "rootBTTime": 2.19056, "TotalTime": 3600.03, "LinearTime": 1650.86, "LowerBound": -55.5328, "UpperBound": -51.4782, "SolveResult": 402, "FirstLowerBound": -75.555, "VisitedNodes": 42059}