{"OBBTTime": 3.09171, "rootBTTime": 3.38036, "TotalTime": 3600.05, "LinearTime": 1565.18, "LowerBound": -44.8445, "UpperBound": -38.3101, "SolveResult": 402, "FirstLowerBound": -62.18, "VisitedNodes": 24159}