{"OBBTTime": 0.715143, "rootBTTime": 0.774559, "TotalTime": 3600.04, "LinearTime": 1809.05, "LowerBound": 6.73623, "UpperBound": 179769000000000000000000000000000000000000000000000000000000000000000000000000000000000000000000000000000000000000000000000000000000000000000000000000000000000000000000000000000000000000000000000000000000000000000000000000000000000000000000000000000000000000000000000000000000000000000000000000000000000000000, "SolveResult": 402, "FirstLowerBound": 5, "VisitedNodes": 95717}