{"OBBTTime": 0.677129, "rootBTTime": 0.733263, "TotalTime": 3599.89, "LinearTime": 1812.68, "LowerBound": 6.53384, "UpperBound": 11.8997, "SolveResult": 402, "FirstLowerBound": 5, "VisitedNodes": 106751}