{"OBBTTime": 6.94328, "rootBTTime": 6.98093, "TotalTime": 3599.04, "LinearTime": 2096.76, "LowerBound": 1398.34, "UpperBound": 2127.12, "SolveResult": 402, "FirstLowerBound": 1024.8, "VisitedNodes": 309741}