{"OBBTTime": 0.225526, "rootBTTime": 0.25108, "TotalTime": 3599.89, "LinearTime": 1592.21, "LowerBound": 4.60512, "UpperBound": 5.63039, "SolveResult": 402, "FirstLowerBound": 2.36788, "VisitedNodes": 221785}