{"OBBTTime": 2.59441, "rootBTTime": 2.63615, "TotalTime": 3599.32, "LinearTime": 1714.65, "LowerBound": 1150.08, "UpperBound": 1358.66, "SolveResult": 402, "FirstLowerBound": 964.444, "VisitedNodes": 201801}