{"OBBTTime": 1.56363, "rootBTTime": 1.63616, "TotalTime": 3600.03, "LinearTime": 1742.48, "LowerBound": 312.45, "UpperBound": 312.922, "SolveResult": 402, "FirstLowerBound": 304.146, "VisitedNodes": 109097}