{"OBBTTime": 1.85797, "rootBTTime": 1.89744, "TotalTime": 3600.02, "LinearTime": 2571.85, "LowerBound": 395.142, "UpperBound": 403.196, "SolveResult": 402, "FirstLowerBound": 375.079, "VisitedNodes": 171413}