{"OBBTTime": 7.20636, "rootBTTime": 7.24224, "TotalTime": 3599.99, "LinearTime": 1507.1, "LowerBound": -692.465, "UpperBound": -689.161, "SolveResult": 402, "FirstLowerBound": -799.275, "VisitedNodes": 86121}