{"OBBTTime": 0.181029, "rootBTTime": 0.18331, "TotalTime": 0.655837, "LinearTime": 0.138767, "LowerBound": 96.5598, "UpperBound": 96.6548, "SolveResult": 0, "FirstLowerBound": 94.0535, "VisitedNodes": 97}