{"OBBTTime": 0.550491, "rootBTTime": 0.551872, "TotalTime": 0.883028, "LinearTime": 0.00120589, "LowerBound": 121.834, "UpperBound": 121.834, "SolveResult": 0, "FirstLowerBound": 121.834, "VisitedNodes": 1}