{"OBBTTime": 0.953178, "rootBTTime": 0.955369, "TotalTime": 1.22448, "LinearTime": 0.0507144, "LowerBound": 201.134, "UpperBound": 201.287, "SolveResult": 0, "FirstLowerBound": 193.821, "VisitedNodes": 29}