{"OBBTTime": 3.34212, "rootBTTime": 3.36415, "TotalTime": 825.923, "LinearTime": 644.289, "LowerBound": 3109.53, "UpperBound": 3112.64, "SolveResult": 0, "FirstLowerBound": 2397.75, "VisitedNodes": 12497}