{"OBBTTime": 0.343596, "rootBTTime": 0.345849, "TotalTime": 0.649376, "LinearTime": 0.0321144, "LowerBound": 389.805, "UpperBound": 390.178, "SolveResult": 0, "FirstLowerBound": 386.275, "VisitedNodes": 23}