{"OBBTTime": 0.223138, "rootBTTime": 0.224261, "TotalTime": 0.452769, "LinearTime": 0.00104204, "LowerBound": 92.4734, "UpperBound": 92.4734, "SolveResult": 0, "FirstLowerBound": 92.4734, "VisitedNodes": 1}