{"OBBTTime": 0.43464, "rootBTTime": 0.436115, "TotalTime": 0.677667, "LinearTime": 0.0080195, "LowerBound": 175.216, "UpperBound": 175.257, "SolveResult": 0, "FirstLowerBound": 174.648, "VisitedNodes": 11}