{"OBBTTime": 0.456016, "rootBTTime": 0.457734, "TotalTime": 0.763603, "LinearTime": 0.00127901, "LowerBound": 144.022, "UpperBound": 144.022, "SolveResult": 0, "FirstLowerBound": 144.022, "VisitedNodes": 1}