{"OBBTTime": 1.63665, "rootBTTime": 1.64761, "TotalTime": 1247.19, "LinearTime": 914.365, "LowerBound": 1385.18, "UpperBound": 1386.56, "SolveResult": 0, "FirstLowerBound": 1045.18, "VisitedNodes": 50525}