{"OBBTTime": 0.228019, "rootBTTime": 0.229106, "TotalTime": 0.400135, "LinearTime": 0.00089133, "LowerBound": 88.4854, "UpperBound": 88.4854, "SolveResult": 0, "FirstLowerBound": 88.4854, "VisitedNodes": 1}