{"OBBTTime": 0.664808, "rootBTTime": 0.667659, "TotalTime": 209.076, "LinearTime": 128.288, "LowerBound": 503.974, "UpperBound": 504.479, "SolveResult": 0, "FirstLowerBound": 409.819, "VisitedNodes": 49075}