{"OBBTTime": 0.58415, "rootBTTime": 0.587634, "TotalTime": 42.6605, "LinearTime": 26.0844, "LowerBound": 387.12, "UpperBound": 387.507, "SolveResult": 0, "FirstLowerBound": 337.052, "VisitedNodes": 8759}