{"OBBTTime": 2.76203, "rootBTTime": 2.78411, "TotalTime": 3600, "LinearTime": 2969.73, "LowerBound": 3196.89, "UpperBound": 3309.87, "SolveResult": 402, "FirstLowerBound": 2416.01, "VisitedNodes": 62273}