{"OBBTTime": 5.23803, "rootBTTime": 5.26043, "TotalTime": 3600.02, "LinearTime": 3042.81, "LowerBound": 2776.58, "UpperBound": 2965.35, "SolveResult": 402, "FirstLowerBound": 1822.88, "VisitedNodes": 54449}