{"OBBTTime": 0.323981, "rootBTTime": 0.325776, "TotalTime": 0.549636, "LinearTime": 0.00284835, "LowerBound": 122.057, "UpperBound": 122.111, "SolveResult": 0, "FirstLowerBound": 122.029, "VisitedNodes": 3}