{"OBBTTime": 0.490416, "rootBTTime": 0.492868, "TotalTime": 0.973408, "LinearTime": 0.12052, "LowerBound": 135.936, "UpperBound": 136.07, "SolveResult": 0, "FirstLowerBound": 130.396, "VisitedNodes": 137}