{"OBBTTime": 0.189502, "rootBTTime": 0.191066, "TotalTime": 0.545662, "LinearTime": 0.00901168, "LowerBound": 139.214, "UpperBound": 139.299, "SolveResult": 0, "FirstLowerBound": 138.728, "VisitedNodes": 9}