{"OBBTTime": 3.71282, "rootBTTime": 3.73559, "TotalTime": 3600.11, "LinearTime": 3024.51, "LowerBound": 3721.52, "UpperBound": 3854.19, "SolveResult": 402, "FirstLowerBound": 2667.84, "VisitedNodes": 53909}