{"OBBTTime": 0.236775, "rootBTTime": 0.237965, "TotalTime": 0.58755, "LinearTime": 0.0372949, "LowerBound": 128.365, "UpperBound": 128.479, "SolveResult": 0, "FirstLowerBound": 125.536, "VisitedNodes": 37}