{"OBBTTime": 9.52472, "rootBTTime": 9.54307, "TotalTime": 3600.13, "LinearTime": 3253.93, "LowerBound": 5579.19, "UpperBound": 5619.98, "SolveResult": 402, "FirstLowerBound": 4479.29, "VisitedNodes": 11375}