{"OBBTTime": 1.96273, "rootBTTime": 1.96343, "TotalTime": 2.09486, "LinearTime": 0.00117482, "LowerBound": 40.8849, "UpperBound": 40.8849, "SolveResult": 0, "FirstLowerBound": 40.8849, "VisitedNodes": 1}