{"OBBTTime": 1.19958, "rootBTTime": 1.20268, "TotalTime": 143.578, "LinearTime": 111.919, "LowerBound": 1173.89, "UpperBound": 1175.06, "SolveResult": 0, "FirstLowerBound": 835.095, "VisitedNodes": 4951}