{"OBBTTime": 0.36664, "rootBTTime": 0.368588, "TotalTime": 15.1416, "LinearTime": 11.1301, "LowerBound": 656.078, "UpperBound": 656.734, "SolveResult": 0, "FirstLowerBound": 487.176, "VisitedNodes": 1475}