{"OBBTTime": 0.555861, "rootBTTime": 0.556769, "TotalTime": 0.742142, "LinearTime": 0.00503154, "LowerBound": -2.50177, "UpperBound": -2.50177, "SolveResult": 0, "FirstLowerBound": -2.83544, "VisitedNodes": 5}