{"OBBTTime": 0.765221, "rootBTTime": 0.768525, "TotalTime": 173.906, "LinearTime": 141.196, "LowerBound": 1176.7, "UpperBound": 1177.87, "SolveResult": 0, "FirstLowerBound": 654.853, "VisitedNodes": 6609}