{"OBBTTime": 5.47547, "rootBTTime": 5.52453, "TotalTime": 3600.03, "LinearTime": 2085.61, "LowerBound": 11270.5, "UpperBound": 11287.6, "SolveResult": 402, "FirstLowerBound": 9052.54, "VisitedNodes": 8343}