{"OBBTTime": 1.06676, "rootBTTime": 1.06982, "TotalTime": 72.0902, "LinearTime": 60.3983, "LowerBound": 1048.14, "UpperBound": 1049.19, "SolveResult": 0, "FirstLowerBound": 766.269, "VisitedNodes": 2455}