{"OBBTTime": 0.356181, "rootBTTime": 0.358044, "TotalTime": 3.86871, "LinearTime": 1.89581, "LowerBound": 338.887, "UpperBound": 339.175, "SolveResult": 0, "FirstLowerBound": 250.219, "VisitedNodes": 261}