{"OBBTTime": 0.364314, "rootBTTime": 0.365111, "TotalTime": 0.578122, "LinearTime": 0.00349781, "LowerBound": 138.006, "UpperBound": 138.006, "SolveResult": 0, "FirstLowerBound": 138.004, "VisitedNodes": 3}