{"OBBTTime": 0.525514, "rootBTTime": 0.526384, "TotalTime": 13.0698, "LinearTime": 9.58877, "LowerBound": 179.132, "UpperBound": 179.291, "SolveResult": 0, "FirstLowerBound": 15.4225, "VisitedNodes": 1337}