{"OBBTTime": 0.08201, "rootBTTime": 0.0831494, "TotalTime": 0.289762, "LinearTime": 0.0205116, "LowerBound": 25.0473, "UpperBound": 25.0912, "SolveResult": 100, "FirstLowerBound": 25.0066, "VisitedNodes": 7}