{"OBBTTime": 0.193449, "rootBTTime": 0.194439, "TotalTime": 19.6371, "LinearTime": 13.8989, "LowerBound": 70.2293, "UpperBound": 70.2981, "SolveResult": 0, "FirstLowerBound": -105.834, "VisitedNodes": 1811}