{"OBBTTime": 1.16882, "rootBTTime": 1.16966, "TotalTime": 1.95676, "LinearTime": 0.324177, "LowerBound": 201.856, "UpperBound": 202.056, "SolveResult": 0, "FirstLowerBound": 179.143, "VisitedNodes": 129}