{"OBBTTime": 1.15805, "rootBTTime": 1.15879, "TotalTime": 2.09918, "LinearTime": 0.327738, "LowerBound": 85.2005, "UpperBound": 85.2595, "SolveResult": 0, "FirstLowerBound": 67.0544, "VisitedNodes": 155}