{"OBBTTime": 2.08584, "rootBTTime": 2.08841, "TotalTime": 259.884, "LinearTime": 216.966, "LowerBound": 1213.87, "UpperBound": 1215.08, "SolveResult": 0, "FirstLowerBound": 577.545, "VisitedNodes": 2883}