{"OBBTTime": 0.937274, "rootBTTime": 0.937885, "TotalTime": 2.34129, "LinearTime": 0.775338, "LowerBound": 216.913, "UpperBound": 217.109, "SolveResult": 0, "FirstLowerBound": 148.701, "VisitedNodes": 61}