{"OBBTTime": 0.344557, "rootBTTime": 0.345283, "TotalTime": 14.8265, "LinearTime": 11.3723, "LowerBound": 349.243, "UpperBound": 349.59, "SolveResult": 0, "FirstLowerBound": 144.333, "VisitedNodes": 971}