{"OBBTTime": 0.412911, "rootBTTime": 0.413442, "TotalTime": 1.76264, "LinearTime": 0.786817, "LowerBound": 206.07, "UpperBound": 206.23, "SolveResult": 0, "FirstLowerBound": 159.388, "VisitedNodes": 213}