{"OBBTTime": 0.691528, "rootBTTime": 0.694992, "TotalTime": 2.18257, "LinearTime": 0.935645, "LowerBound": 283.382, "UpperBound": 283.659, "SolveResult": 0, "FirstLowerBound": 188.512, "VisitedNodes": 65}