{"OBBTTime": 0.360162, "rootBTTime": 0.360547, "TotalTime": 0.803879, "LinearTime": 0.13183, "LowerBound": 51.1606, "UpperBound": 51.1608, "SolveResult": 0, "FirstLowerBound": 37.7817, "VisitedNodes": 59}