{"OBBTTime": 0.135864, "rootBTTime": 0.136221, "TotalTime": 1.3923, "LinearTime": 0.174301, "LowerBound": 220.771, "UpperBound": 220.819, "SolveResult": 0, "FirstLowerBound": 164.048, "VisitedNodes": 55}