{"OBBTTime": 0.521855, "rootBTTime": 0.540732, "TotalTime": 3.04719, "LinearTime": 1.02879, "LowerBound": 446.965, "UpperBound": 447.336, "SolveResult": 0, "FirstLowerBound": 310.696, "VisitedNodes": 29}