{"OBBTTime": 0.267078, "rootBTTime": 0.269076, "TotalTime": 1.01228, "LinearTime": 0.286102, "LowerBound": 57.7174, "UpperBound": 57.7218, "SolveResult": 0, "FirstLowerBound": 36.639, "VisitedNodes": 37}