{"OBBTTime": 0.255227, "rootBTTime": 0.255665, "TotalTime": 5.80889, "LinearTime": 3.85707, "LowerBound": 565.199, "UpperBound": 565.762, "SolveResult": 0, "FirstLowerBound": 271.948, "VisitedNodes": 183}