{"OBBTTime": 0.340998, "rootBTTime": 0.367457, "TotalTime": 1.11395, "LinearTime": 0.375733, "LowerBound": 752.799, "UpperBound": 754.303, "SolveResult": 100, "FirstLowerBound": 709.406, "VisitedNodes": 7}