{"OBBTTime": 0.254991, "rootBTTime": 0.257779, "TotalTime": 4.16902, "LinearTime": 1.22559, "LowerBound": 231.448, "UpperBound": 231.602, "SolveResult": 0, "FirstLowerBound": 187.462, "VisitedNodes": 507}