{"OBBTTime": 0.232172, "rootBTTime": 0.237086, "TotalTime": 0.687713, "LinearTime": 0.0993909, "LowerBound": -2485.54, "UpperBound": -2477.2, "SolveResult": 100, "FirstLowerBound": -3478.93, "VisitedNodes": 21}