{"OBBTTime": 0.669206, "rootBTTime": 0.672889, "TotalTime": 4.37089, "LinearTime": 2.41213, "LowerBound": 349.583, "UpperBound": 349.925, "SolveResult": 0, "FirstLowerBound": 210.277, "VisitedNodes": 189}