{"OBBTTime": 0.127381, "rootBTTime": 0.127951, "TotalTime": 0.254543, "LinearTime": 0.000786035, "LowerBound": -268.015, "UpperBound": -268.015, "SolveResult": 0, "FirstLowerBound": -268.015, "VisitedNodes": 1}