{"OBBTTime": 0.51217, "rootBTTime": 0.513027, "TotalTime": 0.833433, "LinearTime": 0.0203727, "LowerBound": 15625, "UpperBound": 15639, "SolveResult": 0, "FirstLowerBound": 14438.6, "VisitedNodes": 39}