{"OBBTTime": 0.0367139, "rootBTTime": 0.036967, "TotalTime": 113.383, "LinearTime": 49.1912, "LowerBound": 7042.2, "UpperBound": 7049.25, "SolveResult": 0, "FirstLowerBound": 2870.93, "VisitedNodes": 158995}