{"OBBTTime": 0.232459, "rootBTTime": 0.232702, "TotalTime": 0.351728, "LinearTime": 0.00107948, "LowerBound": -30665.5, "UpperBound": -30665.5, "SolveResult": 0, "FirstLowerBound": -30670.4, "VisitedNodes": 3}