{"OBBTTime": 0.788494, "rootBTTime": 0.788691, "TotalTime": 1.16311, "LinearTime": 0.0872451, "LowerBound": -450.004, "UpperBound": -450, "SolveResult": 0, "FirstLowerBound": -2905.95, "VisitedNodes": 249}