{"OBBTTime": 0.0708585, "rootBTTime": 0.0710983, "TotalTime": 6.32482, "LinearTime": 2.77373, "LowerBound": 7504.72, "UpperBound": 7512.23, "SolveResult": 0, "FirstLowerBound": 3125.89, "VisitedNodes": 9645}