{"OBBTTime": 0.316363, "rootBTTime": 0.317794, "TotalTime": 3600, "LinearTime": 2401.26, "LowerBound": -5561.46, "UpperBound": -3500, "SolveResult": 402, "FirstLowerBound": -9700, "VisitedNodes": 1255547}