{"OBBTTime": 0.179472, "rootBTTime": 0.180416, "TotalTime": 12.1631, "LinearTime": 7.65678, "LowerBound": 0.0283163, "UpperBound": 0.0293108, "SolveResult": 0, "FirstLowerBound": -14081.7, "VisitedNodes": 5131}