{"OBBTTime": 0.392161, "rootBTTime": 0.39404, "TotalTime": 3600, "LinearTime": 3100.79, "LowerBound": -1.40746, "UpperBound": 0.485152, "SolveResult": 402, "FirstLowerBound": -3.33333, "VisitedNodes": 566439}