{"OBBTTime": 0.455233, "rootBTTime": 0.456324, "TotalTime": 3600, "LinearTime": 2274.35, "LowerBound": 0.545617, "UpperBound": 0.618573, "SolveResult": 402, "FirstLowerBound": -3.44694, "VisitedNodes": 2520021}