{"OBBTTime": 0.128529, "rootBTTime": 0.129978, "TotalTime": 0.436864, "LinearTime": 0.00529263, "LowerBound": 0.199602, "UpperBound": 0.199602, "SolveResult": 0, "FirstLowerBound": 0.199602, "VisitedNodes": 5}