{"OBBTTime": 0.29879, "rootBTTime": 0.299825, "TotalTime": 38.4376, "LinearTime": 17.4269, "LowerBound": 0.338602, "UpperBound": 0.339602, "SolveResult": 0, "FirstLowerBound": 0, "VisitedNodes": 15551}