{"OBBTTime": 0.306653, "rootBTTime": 0.31045, "TotalTime": 3600.01, "LinearTime": 2516.08, "LowerBound": 10.6664, "UpperBound": 13.5219, "SolveResult": 402, "FirstLowerBound": 0, "VisitedNodes": 799215}