{"OBBTTime": 0.18794, "rootBTTime": 0.188641, "TotalTime": 0.817486, "LinearTime": 0.0882099, "LowerBound": 0.857555, "UpperBound": 0.858407, "SolveResult": 0, "FirstLowerBound": 0, "VisitedNodes": 123}