{"OBBTTime": 0.113649, "rootBTTime": 0.114668, "TotalTime": 19.0793, "LinearTime": 8.98315, "LowerBound": 0.338605, "UpperBound": 0.339602, "SolveResult": 0, "FirstLowerBound": 0, "VisitedNodes": 8025}