{"OBBTTime": 0.146432, "rootBTTime": 0.146506, "TotalTime": 0.331186, "LinearTime": 0.00288959, "LowerBound": -4.43875, "UpperBound": -4.43622, "SolveResult": 0, "FirstLowerBound": -11.8862, "VisitedNodes": 11}