{"OBBTTime": 0.251427, "rootBTTime": 0.251522, "TotalTime": 0.632209, "LinearTime": 0.00783854, "LowerBound": 0.0602454, "UpperBound": 0.0602454, "SolveResult": 0, "FirstLowerBound": -7661.68, "VisitedNodes": 11}