{"OBBTTime": 4.09791, "rootBTTime": 4.11276, "TotalTime": 3600.01, "LinearTime": 3226.16, "LowerBound": 0.163405, "UpperBound": 0.649548, "SolveResult": 402, "FirstLowerBound": 0, "VisitedNodes": 142083}