{"OBBTTime": 0.290716, "rootBTTime": 0.296468, "TotalTime": 13.2376, "LinearTime": 1.63936, "LowerBound": -878.313, "UpperBound": -877.646, "SolveResult": 0, "FirstLowerBound": -976.439, "VisitedNodes": 1059}