{"OBBTTime": 0.122102, "rootBTTime": 0.124901, "TotalTime": 4.00038, "LinearTime": 0.36495, "LowerBound": -550.321, "UpperBound": -549.803, "SolveResult": 0, "FirstLowerBound": -837.687, "VisitedNodes": 257}