{"OBBTTime": 0.249267, "rootBTTime": 0.250551, "TotalTime": 0.631097, "LinearTime": 0.0261707, "LowerBound": -4394.94, "UpperBound": -4391.83, "SolveResult": 0, "FirstLowerBound": -5528.25, "VisitedNodes": 27}