{"OBBTTime": 0.0397417, "rootBTTime": 0.0401899, "TotalTime": 0.372631, "LinearTime": 0.00714127, "LowerBound": -450, "UpperBound": -450, "SolveResult": 0, "FirstLowerBound": -466.637, "VisitedNodes": 11}