{"OBBTTime": 0.151162, "rootBTTime": 0.161388, "TotalTime": 1.38119, "LinearTime": 0.152193, "LowerBound": -561.561, "UpperBound": -561.045, "SolveResult": 0, "FirstLowerBound": -574.783, "VisitedNodes": 117}