{"OBBTTime": 0.203592, "rootBTTime": 0.205758, "TotalTime": 2.78622, "LinearTime": 0.149973, "LowerBound": -550.315, "UpperBound": -549.803, "SolveResult": 0, "FirstLowerBound": -837.688, "VisitedNodes": 153}