{"OBBTTime": 0.223648, "rootBTTime": 0.226173, "TotalTime": 5.12516, "LinearTime": 0.189745, "LowerBound": -550.263, "UpperBound": -549.803, "SolveResult": 0, "FirstLowerBound": -852.157, "VisitedNodes": 163}