{"OBBTTime": 0.130563, "rootBTTime": 0.136853, "TotalTime": 1.9737, "LinearTime": 0.518591, "LowerBound": -550.342, "UpperBound": -549.803, "SolveResult": 0, "FirstLowerBound": -574.783, "VisitedNodes": 369}