{"OBBTTime": 0.0357041, "rootBTTime": 0.035811, "TotalTime": 1.73976, "LinearTime": 0.49299, "LowerBound": -1.58018e-05, "UpperBound": -1.58018e-05, "SolveResult": 0, "FirstLowerBound": -100, "VisitedNodes": 1713}