{"OBBTTime": 0.218427, "rootBTTime": 0.218595, "TotalTime": 0.37698, "LinearTime": 0.00191954, "LowerBound": -70281.4, "UpperBound": -70262, "SolveResult": 0, "FirstLowerBound": -72700.1, "VisitedNodes": 7}