{"OBBTTime": 0.112193, "rootBTTime": 0.113377, "TotalTime": 0.239504, "LinearTime": 0.000778484, "LowerBound": -42.9626, "UpperBound": -42.9626, "SolveResult": 0, "FirstLowerBound": -42.9626, "VisitedNodes": 1}