{"OBBTTime": 0.223079, "rootBTTime": 0.223216, "TotalTime": 0.434972, "LinearTime": 0.000222565, "LowerBound": -86768.6, "UpperBound": -86768.6, "SolveResult": 0, "FirstLowerBound": -86768.6, "VisitedNodes": 1}