{"OBBTTime": 0.0263579, "rootBTTime": 0.0267996, "TotalTime": 0.166267, "LinearTime": 0.000763673, "LowerBound": -45.3797, "UpperBound": -45.3797, "SolveResult": 0, "FirstLowerBound": -45.3797, "VisitedNodes": 1}