{"OBBTTime": 1.15418, "rootBTTime": 1.15454, "TotalTime": 1.58281, "LinearTime": 0.000257718, "LowerBound": 201.159, "UpperBound": 201.159, "SolveResult": 0, "FirstLowerBound": 201.159, "VisitedNodes": 1}