{"OBBTTime": 0.19331, "rootBTTime": 0.193632, "TotalTime": 0.37129, "LinearTime": 0.00025655, "LowerBound": 0.0156195, "UpperBound": 0.0156195, "SolveResult": 0, "FirstLowerBound": 0.0156195, "VisitedNodes": 1}