{"OBBTTime": 0.177687, "rootBTTime": 0.178503, "TotalTime": 0.44269, "LinearTime": 0.0347423, "LowerBound": -1195.3, "UpperBound": -1195.23, "SolveResult": 0, "FirstLowerBound": -2937.72, "VisitedNodes": 31}