{"OBBTTime": 0.108789, "rootBTTime": 0.112003, "TotalTime": 1.0755, "LinearTime": 0.0108623, "LowerBound": 130.666, "UpperBound": 130.706, "SolveResult": 0, "FirstLowerBound": 83.5774, "VisitedNodes": 13}