{"OBBTTime": 0.619794, "rootBTTime": 0.626264, "TotalTime": 3599.99, "LinearTime": 2115.4, "LowerBound": 1973.24, "UpperBound": 2127.12, "SolveResult": 402, "FirstLowerBound": 1024.8, "VisitedNodes": 747119}