{"OBBTTime": 0.231782, "rootBTTime": 0.234927, "TotalTime": 1.10067, "LinearTime": 0.291731, "LowerBound": 89.8361, "UpperBound": 89.8361, "SolveResult": 0, "FirstLowerBound": 71.9174, "VisitedNodes": 245}