{"OBBTTime": 6.21091, "rootBTTime": 6.26385, "TotalTime": 3599.99, "LinearTime": 1666.23, "LowerBound": 1318.45, "UpperBound": 1564.96, "SolveResult": 402, "FirstLowerBound": 1017.2, "VisitedNodes": 197229}