{"OBBTTime": 0.111706, "rootBTTime": 0.113829, "TotalTime": 3600, "LinearTime": 2383.84, "LowerBound": 86.6761, "UpperBound": 86.8333, "SolveResult": 402, "FirstLowerBound": 69.1544, "VisitedNodes": 1124905}