{"OBBTTime": 0.24339, "rootBTTime": 0.249282, "TotalTime": 2819.66, "LinearTime": 1556.27, "LowerBound": 104.781, "UpperBound": 104.886, "SolveResult": 0, "FirstLowerBound": 85.5094, "VisitedNodes": 394455}