{"OBBTTime": 1.21064, "rootBTTime": 1.24921, "TotalTime": 3600.01, "LinearTime": 2275.01, "LowerBound": 328.187, "UpperBound": 329.57, "SolveResult": 402, "FirstLowerBound": 308.811, "VisitedNodes": 181851}