{"OBBTTime": 7.08458, "rootBTTime": 7.17507, "TotalTime": 3600.02, "LinearTime": 2223.88, "LowerBound": 80.1725, "UpperBound": 179769000000000000000000000000000000000000000000000000000000000000000000000000000000000000000000000000000000000000000000000000000000000000000000000000000000000000000000000000000000000000000000000000000000000000000000000000000000000000000000000000000000000000000000000000000000000000000000000000000000000000000, "SolveResult": 402, "FirstLowerBound": 77.6442, "VisitedNodes": 86983}