{"OBBTTime": 8.84564, "rootBTTime": 8.90299, "TotalTime": 3600.08, "LinearTime": 1766.66, "LowerBound": 6.53226, "UpperBound": 11.8997, "SolveResult": 402, "FirstLowerBound": 5, "VisitedNodes": 107839}