{"OBBTTime": 1.05306, "rootBTTime": 1.06859, "TotalTime": 3599.98, "LinearTime": 2272.5, "LowerBound": 1003.65, "UpperBound": 1201.04, "SolveResult": 402, "FirstLowerBound": 648, "VisitedNodes": 440333}