{"OBBTTime": 2.24574, "rootBTTime": 2.28347, "TotalTime": 3599.21, "LinearTime": 2078.79, "LowerBound": 1365.75, "UpperBound": 2127.12, "SolveResult": 402, "FirstLowerBound": 1024.8, "VisitedNodes": 314909}