{"OBBTTime": 9.45596, "rootBTTime": 9.83564, "TotalTime": 3600.08, "LinearTime": 2706.43, "LowerBound": 779.443, "UpperBound": 797.977, "SolveResult": 402, "FirstLowerBound": 753.253, "VisitedNodes": 28503}