{"OBBTTime": 8.95495, "rootBTTime": 9.03431, "TotalTime": 1785.66, "LinearTime": 965.434, "LowerBound": 365.418, "UpperBound": 365.784, "SolveResult": 0, "FirstLowerBound": 353.872, "VisitedNodes": 63107}