{"OBBTTime": 2.09264, "rootBTTime": 2.11857, "TotalTime": 3600.03, "LinearTime": 1620.48, "LowerBound": 4.80279, "UpperBound": 179769000000000000000000000000000000000000000000000000000000000000000000000000000000000000000000000000000000000000000000000000000000000000000000000000000000000000000000000000000000000000000000000000000000000000000000000000000000000000000000000000000000000000000000000000000000000000000000000000000000000000000, "SolveResult": 402, "FirstLowerBound": 2.36788, "VisitedNodes": 227027}