{"OBBTTime": 1.32145, "rootBTTime": 1.35322, "TotalTime": 3600.1, "LinearTime": 1952.57, "LowerBound": 369.513, "UpperBound": 513.001, "SolveResult": 402, "FirstLowerBound": 337.654, "VisitedNodes": 301233}