{"OBBTTime": 1.92227, "rootBTTime": 1.94706, "TotalTime": 3600.01, "LinearTime": 902.751, "LowerBound": 92.7275, "UpperBound": 179769000000000000000000000000000000000000000000000000000000000000000000000000000000000000000000000000000000000000000000000000000000000000000000000000000000000000000000000000000000000000000000000000000000000000000000000000000000000000000000000000000000000000000000000000000000000000000000000000000000000000000, "SolveResult": 402, "FirstLowerBound": 66.1983, "VisitedNodes": 98523}