{"OBBTTime": 1.91548, "rootBTTime": 1.95801, "TotalTime": 3600.07, "LinearTime": 1822.29, "LowerBound": 1101.08, "UpperBound": 1358.66, "SolveResult": 402, "FirstLowerBound": 964.444, "VisitedNodes": 226081}