{"OBBTTime": 1.53098, "rootBTTime": 1.60154, "TotalTime": 3600.02, "LinearTime": 2117.31, "LowerBound": 312.472, "UpperBound": 312.922, "SolveResult": 402, "FirstLowerBound": 304.146, "VisitedNodes": 138153}