{"OBBTTime": 6.85646, "rootBTTime": 6.91663, "TotalTime": 585.133, "LinearTime": 292.005, "LowerBound": 511.015, "UpperBound": 511.527, "SolveResult": 0, "FirstLowerBound": 500.462, "VisitedNodes": 27501}