{"OBBTTime": 7.18732, "rootBTTime": 7.44516, "TotalTime": 3599.96, "LinearTime": 3063.56, "LowerBound": 597, "UpperBound": 662.807, "SolveResult": 402, "FirstLowerBound": 545.272, "VisitedNodes": 31603}