{"OBBTTime": 0.638385, "rootBTTime": 0.662899, "TotalTime": 3599.97, "LinearTime": 1967.33, "LowerBound": 573.115, "UpperBound": 586.68, "SolveResult": 402, "FirstLowerBound": 225, "VisitedNodes": 497049}