{"OBBTTime": 8.65902, "rootBTTime": 8.84517, "TotalTime": 3600.02, "LinearTime": 3016.58, "LowerBound": 527.637, "UpperBound": 556.675, "SolveResult": 402, "FirstLowerBound": 455.137, "VisitedNodes": 37409}