{"OBBTTime": 0.240183, "rootBTTime": 0.240875, "TotalTime": 0.391654, "LinearTime": 0.0375489, "LowerBound": -1.76673, "UpperBound": -1.765, "SolveResult": 0, "FirstLowerBound": -1.87816, "VisitedNodes": 55}