{"OBBTTime": 6.90526, "rootBTTime": 6.92651, "TotalTime": 3600.04, "LinearTime": 2986.01, "LowerBound": 3197, "UpperBound": 3309.87, "SolveResult": 402, "FirstLowerBound": 2416.01, "VisitedNodes": 62439}