{"OBBTTime": 0.427289, "rootBTTime": 0.429855, "TotalTime": 0.797785, "LinearTime": 0.134838, "LowerBound": 135.936, "UpperBound": 136.07, "SolveResult": 0, "FirstLowerBound": 130.314, "VisitedNodes": 143}