{"OBBTTime": 0.682457, "rootBTTime": 0.684877, "TotalTime": 0.960163, "LinearTime": 0.0897559, "LowerBound": 96.5714, "UpperBound": 96.6548, "SolveResult": 0, "FirstLowerBound": 94.4088, "VisitedNodes": 69}