{"OBBTTime": 0.667462, "rootBTTime": 0.67053, "TotalTime": 1.6338, "LinearTime": 0.524927, "LowerBound": 335.626, "UpperBound": 335.962, "SolveResult": 0, "FirstLowerBound": 326.299, "VisitedNodes": 311}