{"OBBTTime": 7.03699, "rootBTTime": 7.05965, "TotalTime": 3600.04, "LinearTime": 3045.71, "LowerBound": 3722, "UpperBound": 3854.19, "SolveResult": 402, "FirstLowerBound": 2667.84, "VisitedNodes": 54377}