{"OBBTTime": 0.437992, "rootBTTime": 0.43949, "TotalTime": 0.500489, "LinearTime": 0.0066849, "LowerBound": 175.184, "UpperBound": 175.257, "SolveResult": 0, "FirstLowerBound": 174.681, "VisitedNodes": 5}