{"OBBTTime": 0.436625, "rootBTTime": 0.438496, "TotalTime": 0.489868, "LinearTime": 0.00595815, "LowerBound": 136.931, "UpperBound": 136.955, "SolveResult": 0, "FirstLowerBound": 136.881, "VisitedNodes": 3}