{"OBBTTime": 6.97815, "rootBTTime": 6.99906, "TotalTime": 777.549, "LinearTime": 643.343, "LowerBound": 3109.53, "UpperBound": 3112.64, "SolveResult": 0, "FirstLowerBound": 2397.75, "VisitedNodes": 12503}