{"OBBTTime": 0.870365, "rootBTTime": 0.874367, "TotalTime": 184.507, "LinearTime": 128.469, "LowerBound": 503.975, "UpperBound": 504.479, "SolveResult": 0, "FirstLowerBound": 411.26, "VisitedNodes": 49937}