{"OBBTTime": 0.394155, "rootBTTime": 0.396611, "TotalTime": 0.484016, "LinearTime": 0.0106597, "LowerBound": 148.519, "UpperBound": 148.636, "SolveResult": 0, "FirstLowerBound": 147.857, "VisitedNodes": 9}