{"OBBTTime": 0.172244, "rootBTTime": 0.173648, "TotalTime": 0.220282, "LinearTime": 0.000536886, "LowerBound": 121.834, "UpperBound": 121.834, "SolveResult": 0, "FirstLowerBound": 121.834, "VisitedNodes": 1}