{"OBBTTime": 0.373211, "rootBTTime": 0.375255, "TotalTime": 0.425547, "LinearTime": 0.00365191, "LowerBound": 144.022, "UpperBound": 144.022, "SolveResult": 0, "FirstLowerBound": 144.022, "VisitedNodes": 1}