{"OBBTTime": 0.243169, "rootBTTime": 0.244244, "TotalTime": 0.294108, "LinearTime": 0.0003781, "LowerBound": 88.4854, "UpperBound": 88.4854, "SolveResult": 0, "FirstLowerBound": 88.4854, "VisitedNodes": 1}