{"OBBTTime": 0.917235, "rootBTTime": 0.91943, "TotalTime": 1.09824, "LinearTime": 0.0416307, "LowerBound": 201.088, "UpperBound": 201.287, "SolveResult": 0, "FirstLowerBound": 194.438, "VisitedNodes": 21}