{"OBBTTime": 0.884896, "rootBTTime": 0.888487, "TotalTime": 40.1077, "LinearTime": 27.8572, "LowerBound": 387.12, "UpperBound": 387.507, "SolveResult": 0, "FirstLowerBound": 337.043, "VisitedNodes": 8997}