{"OBBTTime": 0.433501, "rootBTTime": 0.435338, "TotalTime": 0.490848, "LinearTime": 0.00541768, "LowerBound": 175.407, "UpperBound": 175.407, "SolveResult": 0, "FirstLowerBound": 175.406, "VisitedNodes": 3}