{"OBBTTime": 7.00741, "rootBTTime": 7.02938, "TotalTime": 3600.02, "LinearTime": 3055.02, "LowerBound": 2776.71, "UpperBound": 2965.35, "SolveResult": 402, "FirstLowerBound": 1822.88, "VisitedNodes": 54591}