{"OBBTTime": 2.94529, "rootBTTime": 2.95709, "TotalTime": 3600.01, "LinearTime": 2881.38, "LowerBound": 1801.4, "UpperBound": 1833.29, "SolveResult": 402, "FirstLowerBound": 1288.6, "VisitedNodes": 159945}