{"OBBTTime": 0.960506, "rootBTTime": 0.963994, "TotalTime": 1.09336, "LinearTime": 0.0347231, "LowerBound": 250.597, "UpperBound": 250.841, "SolveResult": 0, "FirstLowerBound": 249.846, "VisitedNodes": 9}