{"OBBTTime": 3.00633, "rootBTTime": 3.01696, "TotalTime": 1138.94, "LinearTime": 916.064, "LowerBound": 1385.18, "UpperBound": 1386.56, "SolveResult": 0, "FirstLowerBound": 1045.18, "VisitedNodes": 50651}