{"OBBTTime": 0.201554, "rootBTTime": 0.202696, "TotalTime": 0.249621, "LinearTime": 0.000484673, "LowerBound": 92.4734, "UpperBound": 92.4734, "SolveResult": 0, "FirstLowerBound": 92.4734, "VisitedNodes": 1}