{"OBBTTime": 0.953683, "rootBTTime": 0.956549, "TotalTime": 10.2327, "LinearTime": 6.39433, "LowerBound": 327.801, "UpperBound": 328.129, "SolveResult": 0, "FirstLowerBound": 297.269, "VisitedNodes": 2647}