{"OBBTTime": 0.66032, "rootBTTime": 0.661982, "TotalTime": 0.753373, "LinearTime": 0.0122728, "LowerBound": 139.212, "UpperBound": 139.299, "SolveResult": 0, "FirstLowerBound": 138.721, "VisitedNodes": 9}