{"OBBTTime": 2.94365, "rootBTTime": 2.95441, "TotalTime": 3600.01, "LinearTime": 2964.47, "LowerBound": 2067.54, "UpperBound": 2086.45, "SolveResult": 402, "FirstLowerBound": 1610.26, "VisitedNodes": 146875}