{"OBBTTime": 0.402257, "rootBTTime": 0.404072, "TotalTime": 0.455587, "LinearTime": 0.00554095, "LowerBound": 122.049, "UpperBound": 122.111, "SolveResult": 0, "FirstLowerBound": 122.019, "VisitedNodes": 3}