{"OBBTTime": 2.95143, "rootBTTime": 2.96201, "TotalTime": 147.841, "LinearTime": 117.914, "LowerBound": 1572.47, "UpperBound": 1574.04, "SolveResult": 0, "FirstLowerBound": 1367.87, "VisitedNodes": 6489}