{"OBBTTime": 7.03893, "rootBTTime": 7.06157, "TotalTime": 3600.04, "LinearTime": 3065.61, "LowerBound": 3259.62, "UpperBound": 3435.05, "SolveResult": 402, "FirstLowerBound": 2272.25, "VisitedNodes": 51537}