{"OBBTTime": 0.651786, "rootBTTime": 0.654265, "TotalTime": 0.825779, "LinearTime": 0.0451283, "LowerBound": 389.807, "UpperBound": 390.178, "SolveResult": 0, "FirstLowerBound": 386.148, "VisitedNodes": 31}