{"OBBTTime": 0.304321, "rootBTTime": 0.305156, "TotalTime": 0.364647, "LinearTime": 0.00612476, "LowerBound": 138.006, "UpperBound": 138.006, "SolveResult": 0, "FirstLowerBound": 137.999, "VisitedNodes": 3}