{"OBBTTime": 0.358675, "rootBTTime": 0.359633, "TotalTime": 0.40977, "LinearTime": 0.0069194, "LowerBound": 103.648, "UpperBound": 103.676, "SolveResult": 0, "FirstLowerBound": 103.604, "VisitedNodes": 3}