{"OBBTTime": 1.41857, "rootBTTime": 1.42193, "TotalTime": 159.053, "LinearTime": 138.614, "LowerBound": 1176.69, "UpperBound": 1177.87, "SolveResult": 0, "FirstLowerBound": 652.812, "VisitedNodes": 6769}