{"OBBTTime": 7.38336, "rootBTTime": 7.40258, "TotalTime": 3600.22, "LinearTime": 3298.18, "LowerBound": 4464.33, "UpperBound": 4473.67, "SolveResult": 402, "FirstLowerBound": 3108.52, "VisitedNodes": 11153}