{"OBBTTime": 0.839908, "rootBTTime": 0.841849, "TotalTime": 15.7309, "LinearTime": 12.0774, "LowerBound": 656.09, "UpperBound": 656.734, "SolveResult": 0, "FirstLowerBound": 490.741, "VisitedNodes": 1605}