{"OBBTTime": 6.90779, "rootBTTime": 6.92715, "TotalTime": 3600, "LinearTime": 3338.03, "LowerBound": 5378.77, "UpperBound": 5407, "SolveResult": 402, "FirstLowerBound": 4652.03, "VisitedNodes": 11149}