{"OBBTTime": 0.356749, "rootBTTime": 0.358193, "TotalTime": 8.31959, "LinearTime": 5.87059, "LowerBound": 304.727, "UpperBound": 305.031, "SolveResult": 0, "FirstLowerBound": 229.039, "VisitedNodes": 3383}