{"OBBTTime": 7.26465, "rootBTTime": 7.28423, "TotalTime": 3549.59, "LinearTime": 3206.66, "LowerBound": 6130.42, "UpperBound": 6136.55, "SolveResult": 0, "FirstLowerBound": 4998.8, "VisitedNodes": 12277}