{"OBBTTime": 0.290764, "rootBTTime": 0.291687, "TotalTime": 0.701146, "LinearTime": 0.200796, "LowerBound": 35.3851, "UpperBound": 35.4199, "SolveResult": 0, "FirstLowerBound": 27.2412, "VisitedNodes": 195}