{"OBBTTime": 0.774311, "rootBTTime": 0.776184, "TotalTime": 2.96007, "LinearTime": 1.71493, "LowerBound": 338.87, "UpperBound": 339.175, "SolveResult": 0, "FirstLowerBound": 256.991, "VisitedNodes": 239}