{"OBBTTime": 0.275521, "rootBTTime": 0.276223, "TotalTime": 0.324306, "LinearTime": 0.00378946, "LowerBound": 40.8849, "UpperBound": 40.8849, "SolveResult": 0, "FirstLowerBound": 40.8849, "VisitedNodes": 1}