{"OBBTTime": 0.337364, "rootBTTime": 0.338617, "TotalTime": 1.57646, "LinearTime": 0.814747, "LowerBound": 234.52, "UpperBound": 234.752, "SolveResult": 0, "FirstLowerBound": 216.121, "VisitedNodes": 555}