{"OBBTTime": 0.289975, "rootBTTime": 0.290886, "TotalTime": 0.360823, "LinearTime": 0.0145085, "LowerBound": -2.50177, "UpperBound": -2.50177, "SolveResult": 0, "FirstLowerBound": -2.83391, "VisitedNodes": 5}