{"OBBTTime": 0.763745, "rootBTTime": 0.76551, "TotalTime": 1.26262, "LinearTime": 0.321175, "LowerBound": 321.735, "UpperBound": 321.997, "SolveResult": 0, "FirstLowerBound": 304.486, "VisitedNodes": 49}