{"OBBTTime": 0.826149, "rootBTTime": 0.828142, "TotalTime": 3.30926, "LinearTime": 1.99034, "LowerBound": 233.848, "UpperBound": 233.986, "SolveResult": 0, "FirstLowerBound": 102.82, "VisitedNodes": 249}