{"OBBTTime": 0.290155, "rootBTTime": 0.291333, "TotalTime": 0.456339, "LinearTime": 0.0462919, "LowerBound": 128.362, "UpperBound": 128.479, "SolveResult": 0, "FirstLowerBound": 125.157, "VisitedNodes": 45}