{"OBBTTime": 7.19706, "rootBTTime": 7.21601, "TotalTime": 3600.14, "LinearTime": 3281.48, "LowerBound": 5580.3, "UpperBound": 5619.98, "SolveResult": 402, "FirstLowerBound": 4479.29, "VisitedNodes": 11645}