{"OBBTTime": 0.324952, "rootBTTime": 0.326211, "TotalTime": 0.719589, "LinearTime": 0.215361, "LowerBound": 105.601, "UpperBound": 105.7, "SolveResult": 0, "FirstLowerBound": 72.885, "VisitedNodes": 127}