{"OBBTTime": 0.36867, "rootBTTime": 0.369769, "TotalTime": 25.0556, "LinearTime": 19.0855, "LowerBound": 11.5017, "UpperBound": 11.5132, "SolveResult": 0, "FirstLowerBound": -7.61123, "VisitedNodes": 10197}