{"OBBTTime": 0.48165, "rootBTTime": 0.482514, "TotalTime": 0.884214, "LinearTime": 0.25448, "LowerBound": 83.5341, "UpperBound": 83.6011, "SolveResult": 0, "FirstLowerBound": 74.9799, "VisitedNodes": 33}