{"OBBTTime": 5.66252, "rootBTTime": 5.66813, "TotalTime": 631.236, "LinearTime": 572.738, "LowerBound": 3272.45, "UpperBound": 3275.72, "SolveResult": 0, "FirstLowerBound": 2486.15, "VisitedNodes": 2399}