{"OBBTTime": 0.275026, "rootBTTime": 0.275864, "TotalTime": 0.774376, "LinearTime": 0.302204, "LowerBound": 85.2101, "UpperBound": 85.2595, "SolveResult": 0, "FirstLowerBound": 67.3179, "VisitedNodes": 145}