{"OBBTTime": 0.427787, "rootBTTime": 0.428678, "TotalTime": 2.03599, "LinearTime": 1.27169, "LowerBound": 73.1131, "UpperBound": 73.1801, "SolveResult": 0, "FirstLowerBound": 26.5473, "VisitedNodes": 179}