{"OBBTTime": 0.282561, "rootBTTime": 0.283401, "TotalTime": 0.834291, "LinearTime": 0.340774, "LowerBound": 201.86, "UpperBound": 202.056, "SolveResult": 0, "FirstLowerBound": 179.755, "VisitedNodes": 137}