{"OBBTTime": 0.362569, "rootBTTime": 0.363271, "TotalTime": 0.467295, "LinearTime": 0.0289662, "LowerBound": -30.2893, "UpperBound": -30.2893, "SolveResult": 0, "FirstLowerBound": -32.3765, "VisitedNodes": 7}