{"OBBTTime": 0.831134, "rootBTTime": 0.832186, "TotalTime": 14.4747, "LinearTime": 11.6799, "LowerBound": 88.8749, "UpperBound": 88.9636, "SolveResult": 0, "FirstLowerBound": -70.2234, "VisitedNodes": 1321}