{"OBBTTime": 0.450047, "rootBTTime": 0.450958, "TotalTime": 21.5821, "LinearTime": 16.9767, "LowerBound": 70.2301, "UpperBound": 70.2981, "SolveResult": 0, "FirstLowerBound": -108.101, "VisitedNodes": 2199}