{"OBBTTime": 1.82582, "rootBTTime": 1.82841, "TotalTime": 237.759, "LinearTime": 211.412, "LowerBound": 1213.87, "UpperBound": 1215.08, "SolveResult": 0, "FirstLowerBound": 583.327, "VisitedNodes": 2899}