{"OBBTTime": 0.436331, "rootBTTime": 0.437189, "TotalTime": 13.6061, "LinearTime": 10.6891, "LowerBound": 179.115, "UpperBound": 179.291, "SolveResult": 0, "FirstLowerBound": 17.9361, "VisitedNodes": 1513}