{"OBBTTime": 0.305705, "rootBTTime": 0.306842, "TotalTime": 0.42299, "LinearTime": 0.0252464, "LowerBound": 25.0663, "UpperBound": 25.0912, "SolveResult": 0, "FirstLowerBound": 24.977, "VisitedNodes": 9}