{"OBBTTime": 0.612861, "rootBTTime": 0.616324, "TotalTime": 2.03919, "LinearTime": 1.02151, "LowerBound": 283.401, "UpperBound": 283.659, "SolveResult": 0, "FirstLowerBound": 188.101, "VisitedNodes": 75}