{"OBBTTime": 0.199441, "rootBTTime": 0.200251, "TotalTime": 0.535624, "LinearTime": 0.186202, "LowerBound": 190.374, "UpperBound": 190.554, "SolveResult": 0, "FirstLowerBound": 166.917, "VisitedNodes": 57}