{"OBBTTime": 0.206146, "rootBTTime": 0.207636, "TotalTime": 1.40455, "LinearTime": 0.84699, "LowerBound": -60.9127, "UpperBound": -60.8582, "SolveResult": 0, "FirstLowerBound": -155.428, "VisitedNodes": 225}