{"OBBTTime": 0.528266, "rootBTTime": 0.530256, "TotalTime": 1.72923, "LinearTime": 0.857076, "LowerBound": 141.15, "UpperBound": 141.287, "SolveResult": 0, "FirstLowerBound": 107.726, "VisitedNodes": 125}