{"OBBTTime": 0.511571, "rootBTTime": 0.512272, "TotalTime": 14.2989, "LinearTime": 11.2954, "LowerBound": 349.241, "UpperBound": 349.59, "SolveResult": 0, "FirstLowerBound": 141.172, "VisitedNodes": 1003}