{"OBBTTime": 0.514492, "rootBTTime": 0.515099, "TotalTime": 1.61809, "LinearTime": 0.828017, "LowerBound": 216.896, "UpperBound": 217.109, "SolveResult": 0, "FirstLowerBound": 148.546, "VisitedNodes": 65}