{"OBBTTime": 0.347813, "rootBTTime": 0.348713, "TotalTime": 1.90879, "LinearTime": 1.17475, "LowerBound": 90.9561, "UpperBound": 91.0453, "SolveResult": 0, "FirstLowerBound": 58.7378, "VisitedNodes": 193}