{"OBBTTime": 0.608229, "rootBTTime": 0.611447, "TotalTime": 0.709952, "LinearTime": 0.0336976, "LowerBound": -533.927, "UpperBound": -533.805, "SolveResult": 0, "FirstLowerBound": -534.017, "VisitedNodes": 3}