{"OBBTTime": 0.224238, "rootBTTime": 0.22477, "TotalTime": 1.24498, "LinearTime": 0.723596, "LowerBound": 206.067, "UpperBound": 206.23, "SolveResult": 0, "FirstLowerBound": 158.651, "VisitedNodes": 203}