{"OBBTTime": 0.132337, "rootBTTime": 0.132712, "TotalTime": 0.483591, "LinearTime": 0.169194, "LowerBound": 51.1147, "UpperBound": 51.1608, "SolveResult": 0, "FirstLowerBound": 38.1057, "VisitedNodes": 71}