{"OBBTTime": 0.321969, "rootBTTime": 0.325489, "TotalTime": 0.729555, "LinearTime": 0.24402, "LowerBound": 269.514, "UpperBound": 269.623, "SolveResult": 0, "FirstLowerBound": 234.134, "VisitedNodes": 25}