{"OBBTTime": 0.138399, "rootBTTime": 0.139068, "TotalTime": 0.203293, "LinearTime": 0.0101742, "LowerBound": 144.519, "UpperBound": 144.557, "SolveResult": 0, "FirstLowerBound": 141.048, "VisitedNodes": 3}