{"OBBTTime": 0.335402, "rootBTTime": 0.338944, "TotalTime": 0.844336, "LinearTime": 0.305016, "LowerBound": 253.099, "UpperBound": 253.099, "SolveResult": 0, "FirstLowerBound": 190.142, "VisitedNodes": 31}