{"OBBTTime": 0.421863, "rootBTTime": 0.427526, "TotalTime": 0.718063, "LinearTime": 0.151907, "LowerBound": -181.636, "UpperBound": -181.47, "SolveResult": 0, "FirstLowerBound": -185.682, "VisitedNodes": 15}