{"OBBTTime": 0.175573, "rootBTTime": 0.17592, "TotalTime": 0.669459, "LinearTime": 0.287696, "LowerBound": 116.088, "UpperBound": 116.201, "SolveResult": 0, "FirstLowerBound": 89.458, "VisitedNodes": 83}