{"OBBTTime": 0.134282, "rootBTTime": 0.134622, "TotalTime": 0.479007, "LinearTime": 0.174412, "LowerBound": 220.816, "UpperBound": 220.819, "SolveResult": 0, "FirstLowerBound": 163.596, "VisitedNodes": 55}