{"OBBTTime": 0.302184, "rootBTTime": 0.304464, "TotalTime": 0.466443, "LinearTime": 0.0616472, "LowerBound": 85.3687, "UpperBound": 85.3687, "SolveResult": 0, "FirstLowerBound": 80.6053, "VisitedNodes": 9}