{"OBBTTime": 0.232311, "rootBTTime": 0.232648, "TotalTime": 0.581527, "LinearTime": 0.174805, "LowerBound": 23.7662, "UpperBound": 23.77, "SolveResult": 0, "FirstLowerBound": 9.65858, "VisitedNodes": 37}