{"OBBTTime": 0.391827, "rootBTTime": 0.394871, "TotalTime": 2.92978, "LinearTime": 1.89503, "LowerBound": 337.696, "UpperBound": 338.01, "SolveResult": 0, "FirstLowerBound": 239.419, "VisitedNodes": 137}