{"OBBTTime": 0.222973, "rootBTTime": 0.231129, "TotalTime": 0.499087, "LinearTime": 0.107554, "LowerBound": 727.699, "UpperBound": 728.332, "SolveResult": 0, "FirstLowerBound": 717.592, "VisitedNodes": 13}