{"OBBTTime": 1.00618, "rootBTTime": 1.03233, "TotalTime": 1.57985, "LinearTime": 0.329605, "LowerBound": 739.261, "UpperBound": 754.303, "SolveResult": 100, "FirstLowerBound": 699.178, "VisitedNodes": 7}