{"OBBTTime": 0.279727, "rootBTTime": 0.283262, "TotalTime": 3.80464, "LinearTime": 2.40991, "LowerBound": 349.606, "UpperBound": 349.925, "SolveResult": 0, "FirstLowerBound": 210.789, "VisitedNodes": 191}