{"OBBTTime": 0.223559, "rootBTTime": 0.22561, "TotalTime": 0.879279, "LinearTime": 0.299116, "LowerBound": 57.7218, "UpperBound": 57.7218, "SolveResult": 0, "FirstLowerBound": 36.3961, "VisitedNodes": 37}