{"OBBTTime": 0.234523, "rootBTTime": 0.245621, "TotalTime": 0.343433, "LinearTime": 0.0130369, "LowerBound": -52.1617, "UpperBound": -52.1463, "SolveResult": 0, "FirstLowerBound": -52.1617, "VisitedNodes": 3}