{"OBBTTime": 0.388117, "rootBTTime": 0.388562, "TotalTime": 5.97948, "LinearTime": 4.02126, "LowerBound": 565.314, "UpperBound": 565.762, "SolveResult": 0, "FirstLowerBound": 269.198, "VisitedNodes": 183}