{"OBBTTime": 0.140865, "rootBTTime": 0.143679, "TotalTime": 0.429385, "LinearTime": 0.124221, "LowerBound": 231.555, "UpperBound": 231.604, "SolveResult": 0, "FirstLowerBound": 189.552, "VisitedNodes": 29}