{"OBBTTime": 0.274278, "rootBTTime": 0.274692, "TotalTime": 3600.01, "LinearTime": 1460.13, "LowerBound": 88.6053, "UpperBound": 89.0765, "SolveResult": 402, "FirstLowerBound": -233.755, "VisitedNodes": 350935}