{"OBBTTime": 0.538217, "rootBTTime": 0.556831, "TotalTime": 2.98539, "LinearTime": 1.96322, "LowerBound": 446.952, "UpperBound": 447.336, "SolveResult": 0, "FirstLowerBound": 308.511, "VisitedNodes": 27}