{"OBBTTime": 0.205169, "rootBTTime": 0.210116, "TotalTime": 0.457954, "LinearTime": 0.081622, "LowerBound": -2785.11, "UpperBound": -2477.2, "SolveResult": 100, "FirstLowerBound": -3178.54, "VisitedNodes": 15}