{"OBBTTime": 0.172455, "rootBTTime": 0.173052, "TotalTime": 0.230702, "LinearTime": 0.0177335, "LowerBound": -268.022, "UpperBound": -268.015, "SolveResult": 0, "FirstLowerBound": -268.047, "VisitedNodes": 3}