{"OBBTTime": 0.455823, "rootBTTime": 0.456692, "TotalTime": 0.629257, "LinearTime": 0.0413959, "LowerBound": 15638.5, "UpperBound": 15639, "SolveResult": 0, "FirstLowerBound": 14438.5, "VisitedNodes": 75}