{"OBBTTime": 0.099177, "rootBTTime": 0.0994083, "TotalTime": 0.14395, "LinearTime": 0.00512528, "LowerBound": -30665.5, "UpperBound": -30665.5, "SolveResult": 0, "FirstLowerBound": -30669.2, "VisitedNodes": 3}