{"OBBTTime": 0.134406, "rootBTTime": 0.134649, "TotalTime": 138.823, "LinearTime": 80.095, "LowerBound": 7042.2, "UpperBound": 7049.25, "SolveResult": 0, "FirstLowerBound": 2861.73, "VisitedNodes": 268585}