{"OBBTTime": 0.0302315, "rootBTTime": 0.0303064, "TotalTime": 0.182662, "LinearTime": 0.0108546, "LowerBound": 8.82255, "UpperBound": 8.82255, "SolveResult": 0, "FirstLowerBound": -17385, "VisitedNodes": 23}