{"OBBTTime": 0.0279652, "rootBTTime": 0.028038, "TotalTime": 0.106851, "LinearTime": 0.00627659, "LowerBound": -444.168, "UpperBound": -443.619, "SolveResult": 100, "FirstLowerBound": -3001, "VisitedNodes": 11}