{"OBBTTime": 0.0284303, "rootBTTime": 0.0285079, "TotalTime": 0.129817, "LinearTime": 0.00711035, "LowerBound": -7.50045, "UpperBound": -7.49962, "SolveResult": 0, "FirstLowerBound": -837.5, "VisitedNodes": 17}