{"OBBTTime": 0.0378814, "rootBTTime": 0.0380179, "TotalTime": 0.0791833, "LinearTime": 0.00415593, "LowerBound": -5.50801, "UpperBound": -5.50801, "SolveResult": 0, "FirstLowerBound": -5.72043, "VisitedNodes": 3}