{"OBBTTime": 0.0290907, "rootBTTime": 0.0291647, "TotalTime": 0.138971, "LinearTime": 0.0099686, "LowerBound": -7.4035, "UpperBound": -7.4035, "SolveResult": 0, "FirstLowerBound": -322096, "VisitedNodes": 17}