{"OBBTTime": 0.0276065, "rootBTTime": 0.0276789, "TotalTime": 0.14851, "LinearTime": 0.0122049, "LowerBound": -0.000257339, "UpperBound": 0.000634859, "SolveResult": 0, "FirstLowerBound": -875, "VisitedNodes": 27}