{"OBBTTime": 0.039152, "rootBTTime": 0.0394783, "TotalTime": 0.0795582, "LinearTime": 0.00408459, "LowerBound": -16.7403, "UpperBound": -16.7389, "SolveResult": 0, "FirstLowerBound": -16.7429, "VisitedNodes": 3}