{"OBBTTime": 0.121145, "rootBTTime": 0.121365, "TotalTime": 0.372469, "LinearTime": 0.0875844, "LowerBound": -450.004, "UpperBound": -450, "SolveResult": 0, "FirstLowerBound": -2907.15, "VisitedNodes": 249}