{"OBBTTime": 0.274762, "rootBTTime": 0.276126, "TotalTime": 3600, "LinearTime": 2693.18, "LowerBound": 2.38, "UpperBound": 3.23402, "SolveResult": 402, "FirstLowerBound": 1.63219, "VisitedNodes": 827545}