{"OBBTTime": 0.0617942, "rootBTTime": 0.0620418, "TotalTime": 6.59692, "LinearTime": 3.8019, "LowerBound": 7504.72, "UpperBound": 7512.23, "SolveResult": 0, "FirstLowerBound": 3118.73, "VisitedNodes": 13219}