{"OBBTTime": 1.95012, "rootBTTime": 1.95159, "TotalTime": 3600.01, "LinearTime": 2516.45, "LowerBound": -5558.51, "UpperBound": -3500, "SolveResult": 402, "FirstLowerBound": -9700, "VisitedNodes": 1271925}