{"OBBTTime": 0.378715, "rootBTTime": 0.379233, "TotalTime": 0.89574, "LinearTime": 0.181862, "LowerBound": 1.86249, "UpperBound": 1.86417, "SolveResult": 0, "FirstLowerBound": 0.9979, "VisitedNodes": 323}