{"OBBTTime": 0.0925772, "rootBTTime": 0.093523, "TotalTime": 11.4367, "LinearTime": 7.89149, "LowerBound": 0.0283121, "UpperBound": 0.0293108, "SolveResult": 0, "FirstLowerBound": -14108.3, "VisitedNodes": 5345}