{"OBBTTime": 0.429657, "rootBTTime": 0.430989, "TotalTime": 3600, "LinearTime": 2609.28, "LowerBound": 0.558241, "UpperBound": 0.618573, "SolveResult": 402, "FirstLowerBound": -3.46484, "VisitedNodes": 2987097}