{"OBBTTime": 0.856957, "rootBTTime": 0.85891, "TotalTime": 3600.01, "LinearTime": 3160.14, "LowerBound": -1.40057, "UpperBound": 0.485152, "SolveResult": 402, "FirstLowerBound": -3.33333, "VisitedNodes": 573879}