{"OBBTTime": 0.867099, "rootBTTime": 0.870971, "TotalTime": 3600.03, "LinearTime": 2421.28, "LowerBound": -10, "UpperBound": -0.0691196, "SolveResult": 402, "FirstLowerBound": -10, "VisitedNodes": 490931}