{"OBBTTime": 0.208297, "rootBTTime": 0.209047, "TotalTime": 0.362385, "LinearTime": 0.0140736, "LowerBound": 0.858407, "UpperBound": 0.858407, "SolveResult": 0, "FirstLowerBound": 0, "VisitedNodes": 19}