{"OBBTTime": 0.948723, "rootBTTime": 0.949777, "TotalTime": 23.9867, "LinearTime": 12.8856, "LowerBound": 0.338603, "UpperBound": 0.339602, "SolveResult": 0, "FirstLowerBound": 0, "VisitedNodes": 11403}