{"OBBTTime": 0.220924, "rootBTTime": 0.221629, "TotalTime": 0.611408, "LinearTime": 0.0906088, "LowerBound": 0.857807, "UpperBound": 0.858407, "SolveResult": 0, "FirstLowerBound": 0, "VisitedNodes": 127}