{"OBBTTime": 0.963514, "rootBTTime": 0.964551, "TotalTime": 54.0652, "LinearTime": 28.5677, "LowerBound": 0.338602, "UpperBound": 0.339602, "SolveResult": 0, "FirstLowerBound": 0, "VisitedNodes": 25001}