{"OBBTTime": 0.714407, "rootBTTime": 0.718595, "TotalTime": 3600, "LinearTime": 2563.09, "LowerBound": 0.140336, "UpperBound": 2.85517, "SolveResult": 402, "FirstLowerBound": 0, "VisitedNodes": 1110437}