{"OBBTTime": 0.962369, "rootBTTime": 0.964073, "TotalTime": 1.14992, "LinearTime": 0.00897022, "LowerBound": 0.199602, "UpperBound": 0.199602, "SolveResult": 0, "FirstLowerBound": 0.199602, "VisitedNodes": 5}