{"OBBTTime": 0.550294, "rootBTTime": 0.552245, "TotalTime": 786.809, "LinearTime": 530.194, "LowerBound": 1.50213, "UpperBound": 1.50213, "SolveResult": 0, "FirstLowerBound": 0, "VisitedNodes": 282633}