{"OBBTTime": 1.26075, "rootBTTime": 1.26435, "TotalTime": 3600.02, "LinearTime": 2591.93, "LowerBound": 10.6652, "UpperBound": 13.5219, "SolveResult": 402, "FirstLowerBound": 0, "VisitedNodes": 828711}