{"OBBTTime": 0.16063, "rootBTTime": 0.161274, "TotalTime": 0.359992, "LinearTime": 0.0464278, "LowerBound": 0.643275, "UpperBound": 0.643806, "SolveResult": 0, "FirstLowerBound": 0, "VisitedNodes": 87}