{"OBBTTime": 0.970029, "rootBTTime": 0.973187, "TotalTime": 2157.22, "LinearTime": 1446.49, "LowerBound": 2.53838, "UpperBound": 2.54092, "SolveResult": 0, "FirstLowerBound": 0, "VisitedNodes": 493649}