{"OBBTTime": 0.534958, "rootBTTime": 0.538099, "TotalTime": 404.696, "LinearTime": 279.021, "LowerBound": 2.11157, "UpperBound": 2.11157, "SolveResult": 0, "FirstLowerBound": 0, "VisitedNodes": 150801}