{"OBBTTime": 0.936574, "rootBTTime": 0.941924, "TotalTime": 1919.35, "LinearTime": 1325.14, "LowerBound": 13.3487, "UpperBound": 13.3503, "SolveResult": 0, "FirstLowerBound": 0, "VisitedNodes": 524287}