{"OBBTTime": 1.18542, "rootBTTime": 1.18735, "TotalTime": 1.29991, "LinearTime": 0.0196662, "LowerBound": 0.199602, "UpperBound": 0.199602, "SolveResult": 0, "FirstLowerBound": 0.199602, "VisitedNodes": 3}