{"OBBTTime": 0.0292073, "rootBTTime": 0.0292988, "TotalTime": 0.136412, "LinearTime": 0.0126163, "LowerBound": 0.0602454, "UpperBound": 0.0602454, "SolveResult": 0, "FirstLowerBound": -7661.68, "VisitedNodes": 11}