{"OBBTTime": 0.029036, "rootBTTime": 0.0291032, "TotalTime": 0.111857, "LinearTime": 0.0064328, "LowerBound": -4.43875, "UpperBound": -4.43622, "SolveResult": 0, "FirstLowerBound": -11.8862, "VisitedNodes": 11}