{"OBBTTime": 0.0270767, "rootBTTime": 0.0271514, "TotalTime": 0.102164, "LinearTime": 0.00549744, "LowerBound": -0.685701, "UpperBound": -0.685701, "SolveResult": 0, "FirstLowerBound": -27.9708, "VisitedNodes": 7}