{"OBBTTime": 0.0429451, "rootBTTime": 0.0430953, "TotalTime": 0.153037, "LinearTime": 0.014643, "LowerBound": -2.61236e-07, "UpperBound": 0, "SolveResult": 0, "FirstLowerBound": -210855, "VisitedNodes": 33}