{"OBBTTime": 4.63436, "rootBTTime": 4.64928, "TotalTime": 3600.02, "LinearTime": 3079.72, "LowerBound": 0.140676, "UpperBound": 0.698079, "SolveResult": 402, "FirstLowerBound": 0, "VisitedNodes": 148827}