{"OBBTTime": 4.33753, "rootBTTime": 4.40369, "TotalTime": 3600.08, "LinearTime": 3344.11, "LowerBound": 0.0968721, "UpperBound": 0.7698, "SolveResult": 402, "FirstLowerBound": 0, "VisitedNodes": 38741}