{"OBBTTime": 0.700675, "rootBTTime": 0.703182, "TotalTime": 5.27572, "LinearTime": 0.199421, "LowerBound": -550.347, "UpperBound": -549.803, "SolveResult": 0, "FirstLowerBound": -852.378, "VisitedNodes": 163}