{"OBBTTime": 0.68552, "rootBTTime": 0.691147, "TotalTime": 1.34267, "LinearTime": 0.157645, "LowerBound": -550.342, "UpperBound": -549.803, "SolveResult": 0, "FirstLowerBound": -570.135, "VisitedNodes": 157}