{"OBBTTime": 0.723137, "rootBTTime": 0.724669, "TotalTime": 1.15608, "LinearTime": 0.0745979, "LowerBound": -4395.36, "UpperBound": -4391.83, "SolveResult": 0, "FirstLowerBound": -6028.82, "VisitedNodes": 69}