{"OBBTTime": 0.70968, "rootBTTime": 0.715008, "TotalTime": 5.01542, "LinearTime": 0.223135, "LowerBound": -550.156, "UpperBound": -549.614, "SolveResult": 0, "FirstLowerBound": -573.541, "VisitedNodes": 187}