{"OBBTTime": 0.690641, "rootBTTime": 0.692789, "TotalTime": 1.25762, "LinearTime": 0.160406, "LowerBound": -550.349, "UpperBound": -549.803, "SolveResult": 0, "FirstLowerBound": -837.811, "VisitedNodes": 171}