{"OBBTTime": 0.728307, "rootBTTime": 0.729835, "TotalTime": 1.03115, "LinearTime": 0.030102, "LowerBound": -4394.94, "UpperBound": -4391.83, "SolveResult": 0, "FirstLowerBound": -5528.25, "VisitedNodes": 27}