{"OBBTTime": 0.035908, "rootBTTime": 0.0360047, "TotalTime": 1.34407, "LinearTime": 0.487818, "LowerBound": -1.58009e-05, "UpperBound": -1.58009e-05, "SolveResult": 0, "FirstLowerBound": -100, "VisitedNodes": 1713}