{"OBBTTime": 0.0380613, "rootBTTime": 0.0383174, "TotalTime": 0.0801499, "LinearTime": 0.00365321, "LowerBound": 1.17712, "UpperBound": 1.17712, "SolveResult": 0, "FirstLowerBound": 1.1771, "VisitedNodes": 3}