{"OBBTTime": 0.0470754, "rootBTTime": 0.0471728, "TotalTime": 1.68797, "LinearTime": 0.672224, "LowerBound": -0.000809834, "UpperBound": 2.32831e-10, "SolveResult": 0, "FirstLowerBound": -318392, "VisitedNodes": 2849}