{"OBBTTime": 0.0942067, "rootBTTime": 0.0943381, "TotalTime": 0.139896, "LinearTime": 0.00350877, "LowerBound": -86768.6, "UpperBound": -86768.6, "SolveResult": 0, "FirstLowerBound": -86768.6, "VisitedNodes": 1}