{"OBBTTime": 0.151212, "rootBTTime": 0.151677, "TotalTime": 0.195967, "LinearTime": 0.00416244, "LowerBound": -45.3797, "UpperBound": -45.3797, "SolveResult": 0, "FirstLowerBound": -45.4079, "VisitedNodes": 3}