{"OBBTTime": 0.105559, "rootBTTime": 0.105729, "TotalTime": 0.173871, "LinearTime": 0.00584513, "LowerBound": -70281.4, "UpperBound": -70262, "SolveResult": 0, "FirstLowerBound": -72700.1, "VisitedNodes": 7}