{"OBBTTime": 0.158645, "rootBTTime": 0.159832, "TotalTime": 0.204522, "LinearTime": 0.00410804, "LowerBound": -42.9626, "UpperBound": -42.9626, "SolveResult": 0, "FirstLowerBound": -42.9626, "VisitedNodes": 1}