{"OBBTTime": 0.0502909, "rootBTTime": 0.0503859, "TotalTime": 0.250862, "LinearTime": 0.0262297, "LowerBound": -12.501, "UpperBound": -12.4999, "SolveResult": 0, "FirstLowerBound": -18, "VisitedNodes": 117}