{"OBBTTime": 0.0987581, "rootBTTime": 0.0990696, "TotalTime": 0.144643, "LinearTime": 0.0035716, "LowerBound": 0.0156195, "UpperBound": 0.0156195, "SolveResult": 0, "FirstLowerBound": 0.0156195, "VisitedNodes": 1}