{"OBBTTime": 0.0395613, "rootBTTime": 0.0396672, "TotalTime": 0.129748, "LinearTime": 0.0103993, "LowerBound": -118.78, "UpperBound": -118.705, "SolveResult": 0, "FirstLowerBound": -2586.73, "VisitedNodes": 29}