{"OBBTTime": 0.0664758, "rootBTTime": 0.0666247, "TotalTime": 0.127873, "LinearTime": 0.00513713, "LowerBound": 0.741781, "UpperBound": 0.741782, "SolveResult": 0, "FirstLowerBound": 0.531737, "VisitedNodes": 7}