{"OBBTTime": 0.0312441, "rootBTTime": 0.0313891, "TotalTime": 0.21809, "LinearTime": 0.046455, "LowerBound": 7042.39, "UpperBound": 7049.25, "SolveResult": 0, "FirstLowerBound": 5342.14, "VisitedNodes": 215}