{"OBBTTime": 0.0497201, "rootBTTime": 0.0502239, "TotalTime": 0.0922759, "LinearTime": 0.0032642, "LowerBound": 2.99996, "UpperBound": 3, "SolveResult": 0, "FirstLowerBound": 2.99996, "VisitedNodes": 1}