{"OBBTTime": 0.0533495, "rootBTTime": 0.053705, "TotalTime": 0.0973488, "LinearTime": 0.00342727, "LowerBound": 201.159, "UpperBound": 201.159, "SolveResult": 0, "FirstLowerBound": 201.159, "VisitedNodes": 1}