{"OBBTTime": 0.0391689, "rootBTTime": 0.0393364, "TotalTime": 0.113144, "LinearTime": 0.00603564, "LowerBound": -1.08412, "UpperBound": -1.08333, "SolveResult": 0, "FirstLowerBound": -1.27856, "VisitedNodes": 15}