{"OBBTTime": 0.0379749, "rootBTTime": 0.0380942, "TotalTime": 0.0773988, "LinearTime": 0.00330847, "LowerBound": -6.66667, "UpperBound": -6.66667, "SolveResult": 0, "FirstLowerBound": -6.66667, "VisitedNodes": 1}