{"OBBTTime": 0.0378257, "rootBTTime": 0.0379083, "TotalTime": 0.108993, "LinearTime": 0.00539803, "LowerBound": -0.500528, "UpperBound": -0.5, "SolveResult": 0, "FirstLowerBound": -0.543292, "VisitedNodes": 11}