{"OBBTTime": 0.0399485, "rootBTTime": 0.0402261, "TotalTime": 0.0934672, "LinearTime": 0.00374075, "LowerBound": -185.779, "UpperBound": -185.779, "SolveResult": 0, "FirstLowerBound": -185.779, "VisitedNodes": 1}