{"OBBTTime": 0.0976396, "rootBTTime": 0.0988125, "TotalTime": 0.41172, "LinearTime": 0.0947826, "LowerBound": -1162.46, "UpperBound": -1161.34, "SolveResult": 0, "FirstLowerBound": -1500.02, "VisitedNodes": 181}