{"OBBTTime": 0.0536626, "rootBTTime": 0.053836, "TotalTime": 0.0959282, "LinearTime": 0.00509828, "LowerBound": -2.82874, "UpperBound": -2.82843, "SolveResult": 0, "FirstLowerBound": -2.82903, "VisitedNodes": 3}