{"OBBTTime": 0.186667, "rootBTTime": 0.187496, "TotalTime": 0.328924, "LinearTime": 0.0308622, "LowerBound": -621.533, "UpperBound": -621.488, "SolveResult": 0, "FirstLowerBound": -1456.2, "VisitedNodes": 25}