{"OBBTTime": 0.187166, "rootBTTime": 0.188004, "TotalTime": 0.371757, "LinearTime": 0.0371282, "LowerBound": -1195.33, "UpperBound": -1195.23, "SolveResult": 0, "FirstLowerBound": -2916.81, "VisitedNodes": 29}