{"OBBTTime": 0.162402, "rootBTTime": 0.162917, "TotalTime": 0.270033, "LinearTime": 0.0112097, "LowerBound": -795.581, "UpperBound": -794.856, "SolveResult": 0, "FirstLowerBound": -833.422, "VisitedNodes": 17}