{"OBBTTime": 0.467134, "rootBTTime": 0.473849, "TotalTime": 3600.01, "LinearTime": 2025.55, "LowerBound": 1875.93, "UpperBound": 2127.12, "SolveResult": 402, "FirstLowerBound": 1024.8, "VisitedNodes": 748799}