{"OBBTTime": 0.195831, "rootBTTime": 0.199438, "TotalTime": 90.6691, "LinearTime": 45.3841, "LowerBound": 229.701, "UpperBound": 229.701, "SolveResult": 0, "FirstLowerBound": 99.8976, "VisitedNodes": 21111}