{"OBBTTime": 1.48225, "rootBTTime": 1.51353, "TotalTime": 3594.23, "LinearTime": 1940.81, "LowerBound": 370.471, "UpperBound": 513.001, "SolveResult": 402, "FirstLowerBound": 337.654, "VisitedNodes": 301993}