{"OBBTTime": 0.51659, "rootBTTime": 0.545237, "TotalTime": 3600, "LinearTime": 1902.57, "LowerBound": 1380.58, "UpperBound": 179769000000000000000000000000000000000000000000000000000000000000000000000000000000000000000000000000000000000000000000000000000000000000000000000000000000000000000000000000000000000000000000000000000000000000000000000000000000000000000000000000000000000000000000000000000000000000000000000000000000000000000, "SolveResult": 402, "FirstLowerBound": 1212.71, "VisitedNodes": 511385}