{"OBBTTime": 0.149299, "rootBTTime": 0.15314, "TotalTime": 602.466, "LinearTime": 367.8, "LowerBound": 2443.98, "UpperBound": 2446.43, "SolveResult": 0, "FirstLowerBound": 975.484, "VisitedNodes": 159191}