{"OBBTTime": 6.16202, "rootBTTime": 6.25235, "TotalTime": 3585.69, "LinearTime": 1996.32, "LowerBound": 713.782, "UpperBound": 1201.04, "SolveResult": 402, "FirstLowerBound": 648, "VisitedNodes": 161429}