{"OBBTTime": 3.98767, "rootBTTime": 4.04184, "TotalTime": 3599.99, "LinearTime": 1968.46, "LowerBound": 1302.03, "UpperBound": 1564.96, "SolveResult": 402, "FirstLowerBound": 1017.2, "VisitedNodes": 236933}