{"OBBTTime": 0.159554, "rootBTTime": 0.162718, "TotalTime": 0.926135, "LinearTime": 0.297776, "LowerBound": 89.836, "UpperBound": 89.836, "SolveResult": 0, "FirstLowerBound": 71.9174, "VisitedNodes": 251}