{"OBBTTime": 2.29741, "rootBTTime": 2.33482, "TotalTime": 3597.4, "LinearTime": 2080.85, "LowerBound": 1366.27, "UpperBound": 2127.12, "SolveResult": 402, "FirstLowerBound": 1024.8, "VisitedNodes": 316901}