{"OBBTTime": 0.059343, "rootBTTime": 0.0607571, "TotalTime": 0.271222, "LinearTime": 0.0450449, "LowerBound": 89.7765, "UpperBound": 89.8361, "SolveResult": 0, "FirstLowerBound": 69.2386, "VisitedNodes": 49}