{"OBBTTime": 1.31941, "rootBTTime": 1.33471, "TotalTime": 3599.99, "LinearTime": 2247.36, "LowerBound": 1121.22, "UpperBound": 1201.04, "SolveResult": 402, "FirstLowerBound": 648, "VisitedNodes": 467447}