{"OBBTTime": 0.055635, "rootBTTime": 0.0564368, "TotalTime": 0.175896, "LinearTime": 0.00925143, "LowerBound": 130.661, "UpperBound": 130.703, "SolveResult": 0, "FirstLowerBound": 82.0003, "VisitedNodes": 15}