{"OBBTTime": 0.60528, "rootBTTime": 0.622689, "TotalTime": 3600, "LinearTime": 2024.32, "LowerBound": 108.975, "UpperBound": 179769000000000000000000000000000000000000000000000000000000000000000000000000000000000000000000000000000000000000000000000000000000000000000000000000000000000000000000000000000000000000000000000000000000000000000000000000000000000000000000000000000000000000000000000000000000000000000000000000000000000000000, "SolveResult": 402, "FirstLowerBound": 99.8976, "VisitedNodes": 496529}