{"OBBTTime": 0.267385, "rootBTTime": 0.273601, "TotalTime": 3600, "LinearTime": 2646.7, "LowerBound": 461.32, "UpperBound": 513.001, "SolveResult": 402, "FirstLowerBound": 213.266, "VisitedNodes": 744293}