{"OBBTTime": 0.0843395, "rootBTTime": 0.0875965, "TotalTime": 0.268626, "LinearTime": 0.0170584, "LowerBound": 130.703, "UpperBound": 130.703, "SolveResult": 0, "FirstLowerBound": 83.5372, "VisitedNodes": 21}