{"OBBTTime": 0.252162, "rootBTTime": 0.258026, "TotalTime": 3600.01, "LinearTime": 2230.29, "LowerBound": 104.78, "UpperBound": 104.886, "SolveResult": 402, "FirstLowerBound": 85.5094, "VisitedNodes": 561511}