{"OBBTTime": 8.25121, "rootBTTime": 8.51265, "TotalTime": 3600.02, "LinearTime": 2916.27, "LowerBound": 527.263, "UpperBound": 556.675, "SolveResult": 402, "FirstLowerBound": 454.29, "VisitedNodes": 35461}