{"OBBTTime": 0.102424, "rootBTTime": 0.10454, "TotalTime": 3600, "LinearTime": 2586.24, "LowerBound": 86.6745, "UpperBound": 86.8333, "SolveResult": 402, "FirstLowerBound": 69.1544, "VisitedNodes": 1209729}