{"OBBTTime": 0.21917, "rootBTTime": 0.224944, "TotalTime": 3600, "LinearTime": 2609.82, "LowerBound": 237.606, "UpperBound": 238.733, "SolveResult": 402, "FirstLowerBound": 213.851, "VisitedNodes": 648435}