{"OBBTTime": 6.83998, "rootBTTime": 7.19632, "TotalTime": 3600.02, "LinearTime": 2913.88, "LowerBound": 594.103, "UpperBound": 662.807, "SolveResult": 402, "FirstLowerBound": 543.753, "VisitedNodes": 28725}