{"OBBTTime": 6.89611, "rootBTTime": 6.93497, "TotalTime": 3600.02, "LinearTime": 2550.49, "LowerBound": 328.193, "UpperBound": 329.57, "SolveResult": 402, "FirstLowerBound": 308.811, "VisitedNodes": 196677}