{"OBBTTime": 6.87022, "rootBTTime": 6.91337, "TotalTime": 3600.01, "LinearTime": 2384.65, "LowerBound": 319.787, "UpperBound": 323.682, "SolveResult": 402, "FirstLowerBound": 250.114, "VisitedNodes": 161237}