{"OBBTTime": 0.297931, "rootBTTime": 0.305481, "TotalTime": 3600.01, "LinearTime": 2574.8, "LowerBound": 155.983, "UpperBound": 157.094, "SolveResult": 402, "FirstLowerBound": 139.511, "VisitedNodes": 572755}