{"OBBTTime": 6.04593, "rootBTTime": 6.06131, "TotalTime": 3599.97, "LinearTime": 2285.46, "LowerBound": 996.046, "UpperBound": 1201.04, "SolveResult": 402, "FirstLowerBound": 648, "VisitedNodes": 445079}