{"OBBTTime": 5.82262, "rootBTTime": 5.86078, "TotalTime": 3600.03, "LinearTime": 1982.61, "LowerBound": 1324.52, "UpperBound": 2127.12, "SolveResult": 402, "FirstLowerBound": 1024.8, "VisitedNodes": 318479}