{"OBBTTime": 3.21012, "rootBTTime": 3.23612, "TotalTime": 3600.02, "LinearTime": 1585.43, "LowerBound": 4.75494, "UpperBound": 179769000000000000000000000000000000000000000000000000000000000000000000000000000000000000000000000000000000000000000000000000000000000000000000000000000000000000000000000000000000000000000000000000000000000000000000000000000000000000000000000000000000000000000000000000000000000000000000000000000000000000000, "SolveResult": 402, "FirstLowerBound": 2.36788, "VisitedNodes": 225187}