{"OBBTTime": 1.10976, "rootBTTime": 1.13436, "TotalTime": 3600.01, "LinearTime": 1886.48, "LowerBound": 536.03, "UpperBound": 586.68, "SolveResult": 402, "FirstLowerBound": 225, "VisitedNodes": 479329}