{"OBBTTime": 0.183069, "rootBTTime": 0.185173, "TotalTime": 0.390121, "LinearTime": 0.0494987, "LowerBound": -1.76672, "UpperBound": -1.765, "SolveResult": 0, "FirstLowerBound": -1.87816, "VisitedNodes": 65}