{"OBBTTime": 2.79187, "rootBTTime": 9.51828, "TotalTime": 3600.05, "LinearTime": 991.379, "LowerBound": -8351950.0, "UpperBound": 179769000000000000000000000000000000000000000000000000000000000000000000000000000000000000000000000000000000000000000000000000000000000000000000000000000000000000000000000000000000000000000000000000000000000000000000000000000000000000000000000000000000000000000000000000000000000000000000000000000000000000000, "SolveResult": 402, "FirstLowerBound": -15598300.0, "VisitedNodes": 549}