{"OBBTTime": 0.164315, "rootBTTime": 0.166097, "TotalTime": 0.201258, "LinearTime": 0.000861471, "LowerBound": 144.022, "UpperBound": 144.022, "SolveResult": 0, "FirstLowerBound": 144.022, "VisitedNodes": 1}