{"OBBTTime": 0.621992, "rootBTTime": 0.624275, "TotalTime": 0.872621, "LinearTime": 0.0856944, "LowerBound": 96.5755, "UpperBound": 96.6548, "SolveResult": 0, "FirstLowerBound": 94.4087, "VisitedNodes": 69}