{"OBBTTime": 0.366486, "rootBTTime": 0.368158, "TotalTime": 0.43865, "LinearTime": 0.00875264, "LowerBound": 139.207, "UpperBound": 139.299, "SolveResult": 0, "FirstLowerBound": 138.721, "VisitedNodes": 9}