{"OBBTTime": 0.556751, "rootBTTime": 0.559656, "TotalTime": 1.23328, "LinearTime": 0.356535, "LowerBound": 335.627, "UpperBound": 335.962, "SolveResult": 0, "FirstLowerBound": 326.299, "VisitedNodes": 215}