{"OBBTTime": 0.146821, "rootBTTime": 0.147972, "TotalTime": 0.178794, "LinearTime": 0.000562497, "LowerBound": 88.4854, "UpperBound": 88.4854, "SolveResult": 0, "FirstLowerBound": 88.4854, "VisitedNodes": 1}