{"OBBTTime": 0.336181, "rootBTTime": 0.338289, "TotalTime": 0.374089, "LinearTime": 0.00285443, "LowerBound": 136.931, "UpperBound": 136.955, "SolveResult": 0, "FirstLowerBound": 136.881, "VisitedNodes": 3}