{"OBBTTime": 0.801987, "rootBTTime": 0.804917, "TotalTime": 216.03, "LinearTime": 150.502, "LowerBound": 503.975, "UpperBound": 504.479, "SolveResult": 0, "FirstLowerBound": 411.26, "VisitedNodes": 58515}