{"OBBTTime": 0.988519, "rootBTTime": 0.990728, "TotalTime": 1.14558, "LinearTime": 0.0413646, "LowerBound": 201.111, "UpperBound": 201.287, "SolveResult": 0, "FirstLowerBound": 194.438, "VisitedNodes": 23}