{"OBBTTime": 0.0784855, "rootBTTime": 0.0796461, "TotalTime": 0.110643, "LinearTime": 0.000663438, "LowerBound": 92.4734, "UpperBound": 92.4734, "SolveResult": 0, "FirstLowerBound": 92.4734, "VisitedNodes": 1}