{"OBBTTime": 0.805066, "rootBTTime": 0.808062, "TotalTime": 9.0894, "LinearTime": 5.7006, "LowerBound": 327.801, "UpperBound": 328.129, "SolveResult": 0, "FirstLowerBound": 297.269, "VisitedNodes": 2383}