{"OBBTTime": 0.229769, "rootBTTime": 0.231633, "TotalTime": 0.267724, "LinearTime": 0.00224365, "LowerBound": 175.407, "UpperBound": 175.407, "SolveResult": 0, "FirstLowerBound": 175.406, "VisitedNodes": 3}