{"OBBTTime": 0.25016, "rootBTTime": 0.251675, "TotalTime": 0.307389, "LinearTime": 0.00471972, "LowerBound": 175.083, "UpperBound": 175.257, "SolveResult": 0, "FirstLowerBound": 174.681, "VisitedNodes": 7}