{"OBBTTime": 0.208728, "rootBTTime": 0.210542, "TotalTime": 0.244506, "LinearTime": 0.00235358, "LowerBound": 122.049, "UpperBound": 122.111, "SolveResult": 0, "FirstLowerBound": 122.019, "VisitedNodes": 3}