{"OBBTTime": 0.936362, "rootBTTime": 0.939918, "TotalTime": 41.4504, "LinearTime": 28.7385, "LowerBound": 387.12, "UpperBound": 387.507, "SolveResult": 0, "FirstLowerBound": 337.043, "VisitedNodes": 9321}