{"OBBTTime": 6.86001, "rootBTTime": 6.87097, "TotalTime": 3600.02, "LinearTime": 2963.92, "LowerBound": 2065.9, "UpperBound": 2086.45, "SolveResult": 402, "FirstLowerBound": 1610.26, "VisitedNodes": 147541}