{"OBBTTime": 0.24031, "rootBTTime": 0.242803, "TotalTime": 0.621174, "LinearTime": 0.146358, "LowerBound": 135.937, "UpperBound": 136.07, "SolveResult": 0, "FirstLowerBound": 130.314, "VisitedNodes": 161}