{"OBBTTime": 0.581435, "rootBTTime": 0.583429, "TotalTime": 0.647134, "LinearTime": 0.00793508, "LowerBound": 184.951, "UpperBound": 185.07, "SolveResult": 0, "FirstLowerBound": 184.05, "VisitedNodes": 7}