{"OBBTTime": 0.47335, "rootBTTime": 0.475639, "TotalTime": 0.622056, "LinearTime": 0.0418887, "LowerBound": 389.816, "UpperBound": 390.178, "SolveResult": 0, "FirstLowerBound": 386.148, "VisitedNodes": 31}