{"OBBTTime": 0.175997, "rootBTTime": 0.178442, "TotalTime": 0.248943, "LinearTime": 0.00748532, "LowerBound": 148.501, "UpperBound": 148.636, "SolveResult": 0, "FirstLowerBound": 147.857, "VisitedNodes": 9}