{"OBBTTime": 0.20157, "rootBTTime": 0.202992, "TotalTime": 0.234613, "LinearTime": 0.000716946, "LowerBound": 121.834, "UpperBound": 121.834, "SolveResult": 0, "FirstLowerBound": 121.834, "VisitedNodes": 1}