{"OBBTTime": 5.02485, "rootBTTime": 5.02801, "TotalTime": 166.679, "LinearTime": 138.033, "LowerBound": 1173.88, "UpperBound": 1175.06, "SolveResult": 0, "FirstLowerBound": 837.396, "VisitedNodes": 6103}