{"OBBTTime": 0.350071, "rootBTTime": 0.351244, "TotalTime": 0.491521, "LinearTime": 0.0379236, "LowerBound": 128.358, "UpperBound": 128.479, "SolveResult": 0, "FirstLowerBound": 125.157, "VisitedNodes": 39}