{"OBBTTime": 0.379766, "rootBTTime": 0.380851, "TotalTime": 0.414054, "LinearTime": 0.00374974, "LowerBound": 103.648, "UpperBound": 103.676, "SolveResult": 0, "FirstLowerBound": 103.604, "VisitedNodes": 3}