{"OBBTTime": 0.4166, "rootBTTime": 0.417885, "TotalTime": 8.43625, "LinearTime": 5.94293, "LowerBound": 304.728, "UpperBound": 305.031, "SolveResult": 0, "FirstLowerBound": 229.039, "VisitedNodes": 3391}