{"OBBTTime": 4.67208, "rootBTTime": 4.67523, "TotalTime": 85.9874, "LinearTime": 72.9164, "LowerBound": 1048.14, "UpperBound": 1049.19, "SolveResult": 0, "FirstLowerBound": 767.845, "VisitedNodes": 2989}