{"OBBTTime": 0.366777, "rootBTTime": 0.367646, "TotalTime": 0.402225, "LinearTime": 0.0027948, "LowerBound": 138.006, "UpperBound": 138.006, "SolveResult": 0, "FirstLowerBound": 137.999, "VisitedNodes": 3}