{"OBBTTime": 0.305752, "rootBTTime": 0.306468, "TotalTime": 0.336718, "LinearTime": 0.000967985, "LowerBound": 40.8849, "UpperBound": 40.8849, "SolveResult": 0, "FirstLowerBound": 40.8849, "VisitedNodes": 1}