{"OBBTTime": 0.419594, "rootBTTime": 0.420676, "TotalTime": 1.77855, "LinearTime": 0.912053, "LowerBound": 234.519, "UpperBound": 234.752, "SolveResult": 0, "FirstLowerBound": 216.121, "VisitedNodes": 617}