{"OBBTTime": 0.4482, "rootBTTime": 0.449388, "TotalTime": 40.0033, "LinearTime": 30.5785, "LowerBound": 11.5017, "UpperBound": 11.5132, "SolveResult": 0, "FirstLowerBound": -7.61124, "VisitedNodes": 16025}