{"OBBTTime": 0.347871, "rootBTTime": 0.348851, "TotalTime": 0.706717, "LinearTime": 0.177423, "LowerBound": 35.3854, "UpperBound": 35.4199, "SolveResult": 0, "FirstLowerBound": 27.2412, "VisitedNodes": 175}