{"OBBTTime": 3.99487, "rootBTTime": 3.99828, "TotalTime": 174.779, "LinearTime": 150.288, "LowerBound": 1176.69, "UpperBound": 1177.87, "SolveResult": 0, "FirstLowerBound": 652.812, "VisitedNodes": 7313}