{"OBBTTime": 0.339518, "rootBTTime": 0.34041, "TotalTime": 0.382396, "LinearTime": 0.00464463, "LowerBound": -2.50177, "UpperBound": -2.50177, "SolveResult": 0, "FirstLowerBound": -2.83393, "VisitedNodes": 5}