{"OBBTTime": 0.444584, "rootBTTime": 0.445739, "TotalTime": 0.541667, "LinearTime": 0.0215113, "LowerBound": 25.0663, "UpperBound": 25.0912, "SolveResult": 0, "FirstLowerBound": 24.977, "VisitedNodes": 9}