{"OBBTTime": 0.80572, "rootBTTime": 0.806572, "TotalTime": 15.5555, "LinearTime": 12.0355, "LowerBound": 179.112, "UpperBound": 179.291, "SolveResult": 0, "FirstLowerBound": 17.9361, "VisitedNodes": 1683}