{"OBBTTime": 0.750719, "rootBTTime": 0.751618, "TotalTime": 2.39212, "LinearTime": 1.31668, "LowerBound": 73.1139, "UpperBound": 73.1801, "SolveResult": 0, "FirstLowerBound": 26.5473, "VisitedNodes": 177}