{"OBBTTime": 0.396826, "rootBTTime": 0.397721, "TotalTime": 0.912083, "LinearTime": 0.326467, "LowerBound": 85.1835, "UpperBound": 85.2595, "SolveResult": 0, "FirstLowerBound": 67.3179, "VisitedNodes": 159}