{"OBBTTime": 0.638405, "rootBTTime": 0.639175, "TotalTime": 0.725464, "LinearTime": 0.0254287, "LowerBound": -30.2893, "UpperBound": -30.2893, "SolveResult": 0, "FirstLowerBound": -32.3765, "VisitedNodes": 7}