{"OBBTTime": 0.388001, "rootBTTime": 0.388892, "TotalTime": 0.937819, "LinearTime": 0.356491, "LowerBound": 201.877, "UpperBound": 202.056, "SolveResult": 0, "FirstLowerBound": 179.755, "VisitedNodes": 145}