{"OBBTTime": 0.851034, "rootBTTime": 0.851954, "TotalTime": 24.4251, "LinearTime": 18.9873, "LowerBound": 70.228, "UpperBound": 70.2981, "SolveResult": 0, "FirstLowerBound": -108.101, "VisitedNodes": 2391}