{"OBBTTime": 0.445952, "rootBTTime": 0.446385, "TotalTime": 0.849134, "LinearTime": 0.223175, "LowerBound": 64.3502, "UpperBound": 64.4017, "SolveResult": 0, "FirstLowerBound": 58.943, "VisitedNodes": 69}