{"OBBTTime": 0.451166, "rootBTTime": 0.453138, "TotalTime": 2.26433, "LinearTime": 0.785208, "LowerBound": 141.149, "UpperBound": 141.287, "SolveResult": 0, "FirstLowerBound": 107.726, "VisitedNodes": 117}