{"OBBTTime": 0.413022, "rootBTTime": 0.413922, "TotalTime": 2.35374, "LinearTime": 1.49768, "LowerBound": 90.955, "UpperBound": 91.0453, "SolveResult": 0, "FirstLowerBound": 58.7378, "VisitedNodes": 249}