{"OBBTTime": 0.206275, "rootBTTime": 0.207071, "TotalTime": 0.549595, "LinearTime": 0.20534, "LowerBound": 190.374, "UpperBound": 190.554, "SolveResult": 0, "FirstLowerBound": 166.917, "VisitedNodes": 63}