{"OBBTTime": 0.355543, "rootBTTime": 0.356143, "TotalTime": 1.50212, "LinearTime": 0.835791, "LowerBound": 206.102, "UpperBound": 206.23, "SolveResult": 0, "FirstLowerBound": 158.651, "VisitedNodes": 233}