{"OBBTTime": 0.433712, "rootBTTime": 0.435203, "TotalTime": 1.58859, "LinearTime": 0.826696, "LowerBound": -60.9078, "UpperBound": -60.8582, "SolveResult": 0, "FirstLowerBound": -155.428, "VisitedNodes": 219}