{"OBBTTime": 0.950817, "rootBTTime": 0.951414, "TotalTime": 1.94141, "LinearTime": 0.743154, "LowerBound": 216.949, "UpperBound": 217.109, "SolveResult": 0, "FirstLowerBound": 148.546, "VisitedNodes": 61}