{"OBBTTime": 0.695234, "rootBTTime": 0.698254, "TotalTime": 3.22683, "LinearTime": 1.92383, "LowerBound": 337.725, "UpperBound": 338.01, "SolveResult": 0, "FirstLowerBound": 239.419, "VisitedNodes": 141}