{"OBBTTime": 0.172549, "rootBTTime": 0.172976, "TotalTime": 0.675546, "LinearTime": 0.300307, "LowerBound": 116.09, "UpperBound": 116.201, "SolveResult": 0, "FirstLowerBound": 89.458, "VisitedNodes": 89}