{"OBBTTime": 0.245608, "rootBTTime": 0.246155, "TotalTime": 0.29419, "LinearTime": 0.00715062, "LowerBound": 144.519, "UpperBound": 144.557, "SolveResult": 0, "FirstLowerBound": 141.048, "VisitedNodes": 3}