{"OBBTTime": 0.127389, "rootBTTime": 0.127769, "TotalTime": 0.442986, "LinearTime": 0.159428, "LowerBound": 51.1139, "UpperBound": 51.1608, "SolveResult": 0, "FirstLowerBound": 38.1057, "VisitedNodes": 71}