{"OBBTTime": 0.119625, "rootBTTime": 0.119961, "TotalTime": 0.480079, "LinearTime": 0.196405, "LowerBound": 220.61, "UpperBound": 220.819, "SolveResult": 0, "FirstLowerBound": 163.596, "VisitedNodes": 63}