{"OBBTTime": 0.189747, "rootBTTime": 0.190079, "TotalTime": 0.538312, "LinearTime": 0.186899, "LowerBound": 23.7664, "UpperBound": 23.77, "SolveResult": 0, "FirstLowerBound": 9.65858, "VisitedNodes": 41}