{"OBBTTime": 0.392771, "rootBTTime": 0.394976, "TotalTime": 0.532782, "LinearTime": 0.0542246, "LowerBound": 85.3687, "UpperBound": 85.3687, "SolveResult": 0, "FirstLowerBound": 80.6053, "VisitedNodes": 9}