{"OBBTTime": 0.29345, "rootBTTime": 0.297222, "TotalTime": 0.77423, "LinearTime": 0.292779, "LowerBound": 253.099, "UpperBound": 253.099, "SolveResult": 0, "FirstLowerBound": 190.142, "VisitedNodes": 31}