{"OBBTTime": 0.374311, "rootBTTime": 0.377833, "TotalTime": 0.740241, "LinearTime": 0.217451, "LowerBound": 269.365, "UpperBound": 269.623, "SolveResult": 0, "FirstLowerBound": 234.134, "VisitedNodes": 25}