{"OBBTTime": 0.172207, "rootBTTime": 0.174225, "TotalTime": 0.716052, "LinearTime": 0.266545, "LowerBound": 57.7218, "UpperBound": 57.7218, "SolveResult": 0, "FirstLowerBound": 36.3961, "VisitedNodes": 33}