{"OBBTTime": 0.260306, "rootBTTime": 0.266026, "TotalTime": 0.370122, "LinearTime": 0.0306821, "LowerBound": -2479.09, "UpperBound": -2477.2, "SolveResult": 0, "FirstLowerBound": -2630.84, "VisitedNodes": 5}