{"OBBTTime": 0.178654, "rootBTTime": 0.179061, "TotalTime": 2.16929, "LinearTime": 1.15182, "LowerBound": 89.0555, "UpperBound": 89.0765, "SolveResult": 0, "FirstLowerBound": -233.755, "VisitedNodes": 135}