{"OBBTTime": 1.48602, "rootBTTime": 1.50518, "TotalTime": 2.04089, "LinearTime": 0.347601, "LowerBound": 734.963, "UpperBound": 754.303, "SolveResult": 100, "FirstLowerBound": 673.103, "VisitedNodes": 7}