{"OBBTTime": 0.174643, "rootBTTime": 0.182823, "TotalTime": 0.469604, "LinearTime": 0.124148, "LowerBound": 727.672, "UpperBound": 728.332, "SolveResult": 0, "FirstLowerBound": 717.592, "VisitedNodes": 15}