{"OBBTTime": 0.492887, "rootBTTime": 0.493316, "TotalTime": 6.65903, "LinearTime": 4.41456, "LowerBound": 565.257, "UpperBound": 565.762, "SolveResult": 0, "FirstLowerBound": 269.197, "VisitedNodes": 211}