{"OBBTTime": 0.682724, "rootBTTime": 0.701295, "TotalTime": 2.07372, "LinearTime": 0.923609, "LowerBound": 446.894, "UpperBound": 447.336, "SolveResult": 0, "FirstLowerBound": 308.511, "VisitedNodes": 27}