{"OBBTTime": 0.26839, "rootBTTime": 0.279649, "TotalTime": 0.35733, "LinearTime": 0.00966499, "LowerBound": -52.1653, "UpperBound": -52.1463, "SolveResult": 0, "FirstLowerBound": -52.1653, "VisitedNodes": 3}