{"OBBTTime": 0.163181, "rootBTTime": 0.165996, "TotalTime": 0.429638, "LinearTime": 0.116363, "LowerBound": 231.463, "UpperBound": 231.604, "SolveResult": 0, "FirstLowerBound": 189.552, "VisitedNodes": 27}