{"OBBTTime": 0.111373, "rootBTTime": 0.111923, "TotalTime": 0.136156, "LinearTime": 0.00119168, "LowerBound": -268.022, "UpperBound": -268.015, "SolveResult": 0, "FirstLowerBound": -268.047, "VisitedNodes": 3}