{"OBBTTime": 0.177958, "rootBTTime": 0.178813, "TotalTime": 0.400346, "LinearTime": 0.0642834, "LowerBound": 15638.6, "UpperBound": 15639, "SolveResult": 0, "FirstLowerBound": 14438.5, "VisitedNodes": 129}