{"OBBTTime": 0.0438924, "rootBTTime": 0.0441306, "TotalTime": 0.0705987, "LinearTime": 0.00169105, "LowerBound": -30665.5, "UpperBound": -30665.5, "SolveResult": 0, "FirstLowerBound": -30669.2, "VisitedNodes": 3}