{"OBBTTime": 0.235436, "rootBTTime": 0.235681, "TotalTime": 187.228, "LinearTime": 107.545, "LowerBound": 7042.2, "UpperBound": 7049.25, "SolveResult": 0, "FirstLowerBound": 2861.68, "VisitedNodes": 362873}