{"OBBTTime": 0.109099, "rootBTTime": 0.109193, "TotalTime": 0.236837, "LinearTime": 0.00750614, "LowerBound": 10.4655, "UpperBound": 10.4655, "SolveResult": 0, "FirstLowerBound": -17385, "VisitedNodes": 23}