{"OBBTTime": 0.116199, "rootBTTime": 0.11626, "TotalTime": 0.221677, "LinearTime": 0.00595573, "LowerBound": -8.34216e-05, "UpperBound": 2.49631e-06, "SolveResult": 0, "FirstLowerBound": -875, "VisitedNodes": 27}