{"OBBTTime": 0.147254, "rootBTTime": 0.14734, "TotalTime": 0.251672, "LinearTime": 0.00694544, "LowerBound": -7.47505, "UpperBound": -7.47505, "SolveResult": 0, "FirstLowerBound": -322096, "VisitedNodes": 21}