{"OBBTTime": 0.0191811, "rootBTTime": 0.0193203, "TotalTime": 0.0433444, "LinearTime": 0.000810718, "LowerBound": -5.50801, "UpperBound": -5.50801, "SolveResult": 0, "FirstLowerBound": -5.72043, "VisitedNodes": 3}