{"OBBTTime": 0.114493, "rootBTTime": 0.114557, "TotalTime": 0.197423, "LinearTime": 0.00375826, "LowerBound": -7.49965, "UpperBound": -7.49965, "SolveResult": 0, "FirstLowerBound": -837.5, "VisitedNodes": 17}