{"OBBTTime": 0.134631, "rootBTTime": 0.1347, "TotalTime": 0.203335, "LinearTime": 0.00355527, "LowerBound": -443.711, "UpperBound": -443.652, "SolveResult": 0, "FirstLowerBound": -3001, "VisitedNodes": 13}