{"OBBTTime": 0.137268, "rootBTTime": 0.137578, "TotalTime": 0.159909, "LinearTime": 0.00103155, "LowerBound": -16.7403, "UpperBound": -16.7389, "SolveResult": 0, "FirstLowerBound": -16.7429, "VisitedNodes": 3}