{"OBBTTime": 0.995083, "rootBTTime": 0.996573, "TotalTime": 3600, "LinearTime": 2526.84, "LowerBound": -6018.44, "UpperBound": -3500, "SolveResult": 402, "FirstLowerBound": -9700, "VisitedNodes": 1285899}