{"OBBTTime": 0.137369, "rootBTTime": 0.137611, "TotalTime": 9.26034, "LinearTime": 5.36391, "LowerBound": 7504.72, "UpperBound": 7512.23, "SolveResult": 0, "FirstLowerBound": 3118.73, "VisitedNodes": 18727}