{"OBBTTime": 0.0478627, "rootBTTime": 0.0480707, "TotalTime": 0.330417, "LinearTime": 0.0904753, "LowerBound": -450.229, "UpperBound": -450, "SolveResult": 0, "FirstLowerBound": -2907.15, "VisitedNodes": 261}