{"OBBTTime": 0.274191, "rootBTTime": 0.274707, "TotalTime": 0.916425, "LinearTime": 0.0661927, "LowerBound": 1.86401, "UpperBound": 1.86417, "SolveResult": 0, "FirstLowerBound": 0.9979, "VisitedNodes": 115}