{"OBBTTime": 0.743407, "rootBTTime": 0.744808, "TotalTime": 3600.01, "LinearTime": 2720.45, "LowerBound": 2.32029, "UpperBound": 3.23402, "SolveResult": 402, "FirstLowerBound": 1.63219, "VisitedNodes": 818291}