{"OBBTTime": 1.07996, "rootBTTime": 1.08184, "TotalTime": 3600.01, "LinearTime": 3185.66, "LowerBound": -1.37061, "UpperBound": 0.485152, "SolveResult": 402, "FirstLowerBound": -3.33333, "VisitedNodes": 572329}