{"OBBTTime": 0.463422, "rootBTTime": 0.464525, "TotalTime": 3600, "LinearTime": 2612.7, "LowerBound": 0.558949, "UpperBound": 0.618573, "SolveResult": 402, "FirstLowerBound": -3.46484, "VisitedNodes": 2947519}