{"OBBTTime": 0.102189, "rootBTTime": 0.103264, "TotalTime": 8.69561, "LinearTime": 5.93832, "LowerBound": 0.0283143, "UpperBound": 0.0293108, "SolveResult": 0, "FirstLowerBound": -11972.6, "VisitedNodes": 4001}