{"OBBTTime": 0.241803, "rootBTTime": 0.242462, "TotalTime": 0.375829, "LinearTime": 0.0117578, "LowerBound": 0.858407, "UpperBound": 0.858407, "SolveResult": 0, "FirstLowerBound": 0, "VisitedNodes": 21}