{"OBBTTime": 0.694894, "rootBTTime": 0.696648, "TotalTime": 0.83373, "LinearTime": 0.0056826, "LowerBound": 0.199602, "UpperBound": 0.199602, "SolveResult": 0, "FirstLowerBound": 0.199602, "VisitedNodes": 5}