{"OBBTTime": 0.931508, "rootBTTime": 0.933437, "TotalTime": 1138.38, "LinearTime": 760.309, "LowerBound": 1.50209, "UpperBound": 1.50209, "SolveResult": 0, "FirstLowerBound": 0, "VisitedNodes": 425045}