{"OBBTTime": 1.58255, "rootBTTime": 1.58689, "TotalTime": 3600, "LinearTime": 2582.75, "LowerBound": 0.325512, "UpperBound": 2.91461, "SolveResult": 402, "FirstLowerBound": 0, "VisitedNodes": 1139479}