{"OBBTTime": 0.801771, "rootBTTime": 0.803677, "TotalTime": 0.891198, "LinearTime": 0.0041581, "LowerBound": 0.199602, "UpperBound": 0.199602, "SolveResult": 0, "FirstLowerBound": 0.199602, "VisitedNodes": 3}