{"OBBTTime": 0.196029, "rootBTTime": 0.196701, "TotalTime": 0.380439, "LinearTime": 0.0445867, "LowerBound": 0.642964, "UpperBound": 0.643806, "SolveResult": 0, "FirstLowerBound": 0, "VisitedNodes": 89}