{"OBBTTime": 0.30046, "rootBTTime": 0.301176, "TotalTime": 0.65941, "LinearTime": 0.0841816, "LowerBound": 0.857758, "UpperBound": 0.858407, "SolveResult": 0, "FirstLowerBound": 0, "VisitedNodes": 121}