{"OBBTTime": 0.615386, "rootBTTime": 0.616621, "TotalTime": 54.2915, "LinearTime": 28.7277, "LowerBound": 0.338604, "UpperBound": 0.339602, "SolveResult": 0, "FirstLowerBound": 0, "VisitedNodes": 24585}