{"OBBTTime": 1.38631, "rootBTTime": 1.39166, "TotalTime": 3605.68, "LinearTime": 2514.34, "LowerBound": 13.2182, "UpperBound": 13.6502, "SolveResult": 402, "FirstLowerBound": 0, "VisitedNodes": 1016537}