{"OBBTTime": 0.849144, "rootBTTime": 0.851081, "TotalTime": 126.92, "LinearTime": 71.3549, "LowerBound": 0.338602, "UpperBound": 0.339602, "SolveResult": 0, "FirstLowerBound": 0, "VisitedNodes": 55423}