{"OBBTTime": 0.802015, "rootBTTime": 0.803347, "TotalTime": 27.2781, "LinearTime": 14.2459, "LowerBound": 0.213603, "UpperBound": 0.214602, "SolveResult": 0, "FirstLowerBound": 0, "VisitedNodes": 11313}