{"OBBTTime": 0.544366, "rootBTTime": 0.545454, "TotalTime": 23.539, "LinearTime": 12.7307, "LowerBound": 0.338602, "UpperBound": 0.339602, "SolveResult": 0, "FirstLowerBound": 0, "VisitedNodes": 11169}