{"OBBTTime": 0.160938, "rootBTTime": 0.161027, "TotalTime": 0.228758, "LinearTime": 0.00305339, "LowerBound": -0.665012, "UpperBound": -0.665012, "SolveResult": 0, "FirstLowerBound": -27.9708, "VisitedNodes": 9}