{"OBBTTime": 0.00435252, "rootBTTime": 0.00442372, "TotalTime": 0.0677026, "LinearTime": 0.00295427, "LowerBound": -4.43712, "UpperBound": -4.43653, "SolveResult": 0, "FirstLowerBound": -11.8862, "VisitedNodes": 11}