{"OBBTTime": 0.114103, "rootBTTime": 0.114192, "TotalTime": 0.253975, "LinearTime": 0.0130628, "LowerBound": -0.0410494, "UpperBound": 0.00190251, "SolveResult": 100, "FirstLowerBound": -7661.68, "VisitedNodes": 19}