{"OBBTTime": 0.0190881, "rootBTTime": 0.0192315, "TotalTime": 0.108986, "LinearTime": 0.0127309, "LowerBound": -2.61585e-07, "UpperBound": 0, "SolveResult": 0, "FirstLowerBound": -210855, "VisitedNodes": 37}