{"OBBTTime": 7.61425, "rootBTTime": 7.62922, "TotalTime": 3600.02, "LinearTime": 3189.27, "LowerBound": 0.159855, "UpperBound": 0.649549, "SolveResult": 402, "FirstLowerBound": 0, "VisitedNodes": 145917}