{"OBBTTime": 0.532737, "rootBTTime": 0.538033, "TotalTime": 1.16587, "LinearTime": 0.185345, "LowerBound": -550.343, "UpperBound": -549.803, "SolveResult": 0, "FirstLowerBound": -570.135, "VisitedNodes": 189}