{"OBBTTime": 0.423072, "rootBTTime": 0.425305, "TotalTime": 1.03995, "LinearTime": 0.192863, "LowerBound": -550.34, "UpperBound": -549.803, "SolveResult": 0, "FirstLowerBound": -837.811, "VisitedNodes": 213}