{"OBBTTime": 0.460684, "rootBTTime": 0.462023, "TotalTime": 0.826324, "LinearTime": 0.0538127, "LowerBound": -4393.98, "UpperBound": -4391.83, "SolveResult": 0, "FirstLowerBound": -6028.82, "VisitedNodes": 53}