{"OBBTTime": 0.379434, "rootBTTime": 0.380787, "TotalTime": 0.69406, "LinearTime": 0.0303742, "LowerBound": -4391.83, "UpperBound": -4391.83, "SolveResult": 0, "FirstLowerBound": -5528.25, "VisitedNodes": 31}