{"OBBTTime": 0.392754, "rootBTTime": 0.398134, "TotalTime": 1.50675, "LinearTime": 0.12289, "LowerBound": -550.317, "UpperBound": -549.803, "SolveResult": 0, "FirstLowerBound": -573.541, "VisitedNodes": 121}