{"OBBTTime": 0.137204, "rootBTTime": 0.137444, "TotalTime": 0.161041, "LinearTime": 0.000769638, "LowerBound": 1.17712, "UpperBound": 1.17712, "SolveResult": 0, "FirstLowerBound": 1.1771, "VisitedNodes": 3}