{"OBBTTime": 0.162811, "rootBTTime": 0.162908, "TotalTime": 1.35781, "LinearTime": 0.497467, "LowerBound": -8.36898e-05, "UpperBound": -8.36898e-05, "SolveResult": 0, "FirstLowerBound": -100, "VisitedNodes": 1703}