{"OBBTTime": 0.145036, "rootBTTime": 0.145139, "TotalTime": 1.91454, "LinearTime": 0.718845, "LowerBound": -0.000992334, "UpperBound": 2.32831e-10, "SolveResult": 0, "FirstLowerBound": -318392, "VisitedNodes": 2999}