{"OBBTTime": 0.19785, "rootBTTime": 0.199026, "TotalTime": 0.225057, "LinearTime": 0.000575093, "LowerBound": -42.9626, "UpperBound": -42.9626, "SolveResult": 0, "FirstLowerBound": -42.9626, "VisitedNodes": 1}