{"OBBTTime": 0.0613769, "rootBTTime": 0.0618234, "TotalTime": 0.089322, "LinearTime": 0.00128407, "LowerBound": -45.3797, "UpperBound": -45.3797, "SolveResult": 0, "FirstLowerBound": -45.4079, "VisitedNodes": 3}