{"OBBTTime": 0.0248172, "rootBTTime": 0.0249376, "TotalTime": 0.0539564, "LinearTime": 0.00035058, "LowerBound": -86768.6, "UpperBound": -86768.6, "SolveResult": 0, "FirstLowerBound": -86768.6, "VisitedNodes": 1}