{"OBBTTime": 0.0255942, "rootBTTime": 0.0257611, "TotalTime": 0.0840467, "LinearTime": 0.00146616, "LowerBound": -70262.1, "UpperBound": -70262.1, "SolveResult": 0, "FirstLowerBound": -72700.1, "VisitedNodes": 5}