{"OBBTTime": 0.0187569, "rootBTTime": 0.018839, "TotalTime": 0.229895, "LinearTime": 0.0237163, "LowerBound": -12.501, "UpperBound": -12.4999, "SolveResult": 0, "FirstLowerBound": -18, "VisitedNodes": 117}