{"OBBTTime": 0.0225494, "rootBTTime": 0.0226228, "TotalTime": 0.110307, "LinearTime": 0.002314, "LowerBound": -0.500586, "UpperBound": -0.5, "SolveResult": 0, "FirstLowerBound": -0.543292, "VisitedNodes": 11}