{"OBBTTime": 0.0190596, "rootBTTime": 0.0191718, "TotalTime": 0.0425153, "LinearTime": 0.000399011, "LowerBound": -6.66667, "UpperBound": -6.66667, "SolveResult": 0, "FirstLowerBound": -6.66667, "VisitedNodes": 1}