{"OBBTTime": 0.1439, "rootBTTime": 0.144154, "TotalTime": 0.169056, "LinearTime": 0.000362849, "LowerBound": -185.779, "UpperBound": -185.779, "SolveResult": 0, "FirstLowerBound": -185.779, "VisitedNodes": 1}