{"OBBTTime": 0.148143, "rootBTTime": 0.148289, "TotalTime": 0.357127, "LinearTime": 0.0607232, "LowerBound": 7042.21, "UpperBound": 7049.25, "SolveResult": 0, "FirstLowerBound": 5342.14, "VisitedNodes": 279}