{"OBBTTime": 0.153123, "rootBTTime": 0.153487, "TotalTime": 0.184479, "LinearTime": 0.000624952, "LowerBound": 201.159, "UpperBound": 201.159, "SolveResult": 0, "FirstLowerBound": 201.159, "VisitedNodes": 1}