{"OBBTTime": 0.139417, "rootBTTime": 0.139733, "TotalTime": 0.168485, "LinearTime": 0.000410201, "LowerBound": 0.0156195, "UpperBound": 0.0156195, "SolveResult": 0, "FirstLowerBound": 0.0156195, "VisitedNodes": 1}