{"OBBTTime": 0.0188878, "rootBTTime": 0.0190183, "TotalTime": 0.0607031, "LinearTime": 0.00194722, "LowerBound": 0.741782, "UpperBound": 0.741782, "SolveResult": 0, "FirstLowerBound": 0.531737, "VisitedNodes": 7}