{"OBBTTime": 0.147268, "rootBTTime": 0.148448, "TotalTime": 0.471379, "LinearTime": 0.114185, "LowerBound": -1162.48, "UpperBound": -1161.34, "SolveResult": 0, "FirstLowerBound": -1484.56, "VisitedNodes": 225}