{"OBBTTime": 0.0194609, "rootBTTime": 0.01961, "TotalTime": 0.0846792, "LinearTime": 0.00344625, "LowerBound": -1.08371, "UpperBound": -1.08333, "SolveResult": 0, "FirstLowerBound": -1.27856, "VisitedNodes": 17}