{"OBBTTime": 0.0187063, "rootBTTime": 0.0188038, "TotalTime": 0.089074, "LinearTime": 0.00714411, "LowerBound": -118.768, "UpperBound": -118.705, "SolveResult": 0, "FirstLowerBound": -2586.73, "VisitedNodes": 27}