{"OBBTTime": 0.020131, "rootBTTime": 0.0202746, "TotalTime": 0.0435162, "LinearTime": 0.000803839, "LowerBound": -2.82874, "UpperBound": -2.82843, "SolveResult": 0, "FirstLowerBound": -2.82903, "VisitedNodes": 3}