{"OBBTTime": 0.308552, "rootBTTime": 0.309489, "TotalTime": 0.433029, "LinearTime": 0.0299698, "LowerBound": -621.533, "UpperBound": -621.488, "SolveResult": 0, "FirstLowerBound": -1456.2, "VisitedNodes": 27}