{"OBBTTime": 0.188218, "rootBTTime": 0.18904, "TotalTime": 0.323338, "LinearTime": 0.0350993, "LowerBound": -1195.33, "UpperBound": -1195.23, "SolveResult": 0, "FirstLowerBound": -2916.81, "VisitedNodes": 31}