{"OBBTTime": 0.0880225, "rootBTTime": 0.0885445, "TotalTime": 0.187292, "LinearTime": 0.0101813, "LowerBound": -795.485, "UpperBound": -794.856, "SolveResult": 0, "FirstLowerBound": -833.422, "VisitedNodes": 25}