{"OBBTTime": 2.60878, "rootBTTime": 2.61491, "TotalTime": 3600.02, "LinearTime": 2648.26, "LowerBound": 453.505, "UpperBound": 513.001, "SolveResult": 402, "FirstLowerBound": 213.266, "VisitedNodes": 765985}