{"OBBTTime": 0.26549, "rootBTTime": 0.266308, "TotalTime": 0.360609, "LinearTime": 0.00841966, "LowerBound": 130.646, "UpperBound": 130.703, "SolveResult": 0, "FirstLowerBound": 82.0003, "VisitedNodes": 13}