{"OBBTTime": 4.18583, "rootBTTime": 4.20309, "TotalTime": 3600, "LinearTime": 1518.45, "LowerBound": 102.819, "UpperBound": 179769000000000000000000000000000000000000000000000000000000000000000000000000000000000000000000000000000000000000000000000000000000000000000000000000000000000000000000000000000000000000000000000000000000000000000000000000000000000000000000000000000000000000000000000000000000000000000000000000000000000000000, "SolveResult": 402, "FirstLowerBound": 100.109, "VisitedNodes": 378447}