{"OBBTTime": 7.11161, "rootBTTime": 7.14311, "TotalTime": 3600.02, "LinearTime": 1792.85, "LowerBound": 369.16, "UpperBound": 513.001, "SolveResult": 402, "FirstLowerBound": 337.654, "VisitedNodes": 278185}