{"OBBTTime": 0.633141, "rootBTTime": 0.636348, "TotalTime": 1.02352, "LinearTime": 0.105736, "LowerBound": 89.8361, "UpperBound": 89.8361, "SolveResult": 0, "FirstLowerBound": 71.9435, "VisitedNodes": 83}