{"OBBTTime": 0.380903, "rootBTTime": 0.382418, "TotalTime": 0.589928, "LinearTime": 0.048546, "LowerBound": 89.8015, "UpperBound": 89.8361, "SolveResult": 0, "FirstLowerBound": 69.2403, "VisitedNodes": 53}