{"OBBTTime": 3.35676, "rootBTTime": 3.39424, "TotalTime": 3594.81, "LinearTime": 2051.9, "LowerBound": 1325.06, "UpperBound": 2127.12, "SolveResult": 402, "FirstLowerBound": 1024.8, "VisitedNodes": 329823}