{"OBBTTime": 1.11271, "rootBTTime": 1.11656, "TotalTime": 888.368, "LinearTime": 548.575, "LowerBound": 2443.98, "UpperBound": 2446.43, "SolveResult": 0, "FirstLowerBound": 975.484, "VisitedNodes": 233761}