{"OBBTTime": 0.508521, "rootBTTime": 0.511849, "TotalTime": 0.717667, "LinearTime": 0.0257758, "LowerBound": 130.702, "UpperBound": 130.706, "SolveResult": 0, "FirstLowerBound": 83.5372, "VisitedNodes": 31}