{"OBBTTime": 1.06129, "rootBTTime": 1.06491, "TotalTime": 320.494, "LinearTime": 158.729, "LowerBound": 229.471, "UpperBound": 229.701, "SolveResult": 0, "FirstLowerBound": 99.8976, "VisitedNodes": 75179}