{"OBBTTime": 3.79165, "rootBTTime": 3.79933, "TotalTime": 3600, "LinearTime": 2580.36, "LowerBound": 156.071, "UpperBound": 157.094, "SolveResult": 402, "FirstLowerBound": 139.511, "VisitedNodes": 575171}