{"OBBTTime": 9.08294, "rootBTTime": 9.09987, "TotalTime": 3600.01, "LinearTime": 2765.36, "LowerBound": 398.564, "UpperBound": 410.635, "SolveResult": 402, "FirstLowerBound": 289.018, "VisitedNodes": 259583}