{"OBBTTime": 2.95928, "rootBTTime": 2.96517, "TotalTime": 3525.83, "LinearTime": 2223.89, "LowerBound": 104.781, "UpperBound": 104.886, "SolveResult": 0, "FirstLowerBound": 85.5094, "VisitedNodes": 543075}