{"OBBTTime": 0.877251, "rootBTTime": 0.879419, "TotalTime": 3600, "LinearTime": 2583.18, "LowerBound": 86.6683, "UpperBound": 86.8333, "SolveResult": 402, "FirstLowerBound": 69.1544, "VisitedNodes": 1207165}