{"OBBTTime": 2.21032, "rootBTTime": 2.21618, "TotalTime": 3600.01, "LinearTime": 2605.48, "LowerBound": 237.561, "UpperBound": 238.733, "SolveResult": 402, "FirstLowerBound": 213.851, "VisitedNodes": 645035}