{"OBBTTime": 7.25908, "rootBTTime": 7.35017, "TotalTime": 3599.99, "LinearTime": 2298.34, "LowerBound": 79.8814, "UpperBound": 179769000000000000000000000000000000000000000000000000000000000000000000000000000000000000000000000000000000000000000000000000000000000000000000000000000000000000000000000000000000000000000000000000000000000000000000000000000000000000000000000000000000000000000000000000000000000000000000000000000000000000000, "SolveResult": 402, "FirstLowerBound": 77.6442, "VisitedNodes": 104231}