{"OBBTTime": 8.8714, "rootBTTime": 8.92835, "TotalTime": 3600.17, "LinearTime": 1781.92, "LowerBound": 6.06153, "UpperBound": 179769000000000000000000000000000000000000000000000000000000000000000000000000000000000000000000000000000000000000000000000000000000000000000000000000000000000000000000000000000000000000000000000000000000000000000000000000000000000000000000000000000000000000000000000000000000000000000000000000000000000000000, "SolveResult": 402, "FirstLowerBound": 5, "VisitedNodes": 107661}