{"OBBTTime": 2.26574, "rootBTTime": 2.30324, "TotalTime": 3598.95, "LinearTime": 1834.02, "LowerBound": 1340.63, "UpperBound": 2127.12, "SolveResult": 402, "FirstLowerBound": 1024.8, "VisitedNodes": 289829}