{"OBBTTime": 9.56845, "rootBTTime": 9.94657, "TotalTime": 3600.08, "LinearTime": 2643.92, "LowerBound": 778.775, "UpperBound": 797.977, "SolveResult": 402, "FirstLowerBound": 753.253, "VisitedNodes": 28335}