{"OBBTTime": 8.92717, "rootBTTime": 9.00564, "TotalTime": 1875.61, "LinearTime": 804.648, "LowerBound": 365.418, "UpperBound": 365.784, "SolveResult": 0, "FirstLowerBound": 353.872, "VisitedNodes": 52113}