{"OBBTTime": 2.14142, "rootBTTime": 2.16703, "TotalTime": 3599.9, "LinearTime": 1559.74, "LowerBound": 4.63547, "UpperBound": 5.63039, "SolveResult": 402, "FirstLowerBound": 2.36788, "VisitedNodes": 222243}