{"OBBTTime": 1.92266, "rootBTTime": 1.94715, "TotalTime": 3600.01, "LinearTime": 2030.09, "LowerBound": 90.957, "UpperBound": 179769000000000000000000000000000000000000000000000000000000000000000000000000000000000000000000000000000000000000000000000000000000000000000000000000000000000000000000000000000000000000000000000000000000000000000000000000000000000000000000000000000000000000000000000000000000000000000000000000000000000000000, "SolveResult": 402, "FirstLowerBound": 66.1983, "VisitedNodes": 237509}