{"OBBTTime": 1.89275, "rootBTTime": 1.93469, "TotalTime": 3600.05, "LinearTime": 1733.3, "LowerBound": 1085.83, "UpperBound": 1358.66, "SolveResult": 402, "FirstLowerBound": 964.444, "VisitedNodes": 219705}