{"OBBTTime": 6.86983, "rootBTTime": 6.93145, "TotalTime": 1912.05, "LinearTime": 760.244, "LowerBound": 511.015, "UpperBound": 511.527, "SolveResult": 0, "FirstLowerBound": 500.462, "VisitedNodes": 73053}