{"OBBTTime": 8.09579, "rootBTTime": 8.15037, "TotalTime": 3599.73, "LinearTime": 1748.37, "LowerBound": 5.87054, "UpperBound": 11.9945, "SolveResult": 402, "FirstLowerBound": 5, "VisitedNodes": 109711}