{"OBBTTime": 7.13559, "rootBTTime": 7.39095, "TotalTime": 3600.02, "LinearTime": 3051.31, "LowerBound": 596.1, "UpperBound": 662.807, "SolveResult": 402, "FirstLowerBound": 545.272, "VisitedNodes": 31543}