{"OBBTTime": 0.722164, "rootBTTime": 0.746681, "TotalTime": 3600.02, "LinearTime": 1753.89, "LowerBound": 535.483, "UpperBound": 586.68, "SolveResult": 402, "FirstLowerBound": 225, "VisitedNodes": 440807}