{"OBBTTime": 8.65187, "rootBTTime": 8.83754, "TotalTime": 3600.01, "LinearTime": 2992.51, "LowerBound": 525.31, "UpperBound": 556.675, "SolveResult": 402, "FirstLowerBound": 455.137, "VisitedNodes": 38259}