{"OBBTTime": 0.246954, "rootBTTime": 0.247659, "TotalTime": 0.360641, "LinearTime": 0.0180542, "LowerBound": -1.76638, "UpperBound": -1.765, "SolveResult": 0, "FirstLowerBound": -1.87537, "VisitedNodes": 21}