{"OBBTTime": 0.265972, "rootBTTime": 0.267052, "TotalTime": 0.315514, "LinearTime": 0.00071232, "LowerBound": 88.4854, "UpperBound": 88.4854, "SolveResult": 0, "FirstLowerBound": 88.4854, "VisitedNodes": 1}