{"OBBTTime": 3.02778, "rootBTTime": 3.03867, "TotalTime": 1552.23, "LinearTime": 1127.24, "LowerBound": 1385.18, "UpperBound": 1386.56, "SolveResult": 0, "FirstLowerBound": 1045.18, "VisitedNodes": 62891}