{"OBBTTime": 0.656912, "rootBTTime": 0.658617, "TotalTime": 0.751935, "LinearTime": 0.0137686, "LowerBound": 139.207, "UpperBound": 139.299, "SolveResult": 0, "FirstLowerBound": 138.721, "VisitedNodes": 9}