{"OBBTTime": 6.94352, "rootBTTime": 6.96546, "TotalTime": 3600.08, "LinearTime": 2973.13, "LowerBound": 3196.75, "UpperBound": 3309.87, "SolveResult": 402, "FirstLowerBound": 2416.01, "VisitedNodes": 62247}