{"OBBTTime": 0.686086, "rootBTTime": 0.688416, "TotalTime": 0.984775, "LinearTime": 0.102372, "LowerBound": 96.5683, "UpperBound": 96.6548, "SolveResult": 0, "FirstLowerBound": 94.4088, "VisitedNodes": 67}