{"OBBTTime": 0.650203, "rootBTTime": 0.652587, "TotalTime": 0.83926, "LinearTime": 0.0462585, "LowerBound": 389.816, "UpperBound": 390.178, "SolveResult": 0, "FirstLowerBound": 386.148, "VisitedNodes": 31}