{"OBBTTime": 0.408672, "rootBTTime": 0.410509, "TotalTime": 0.466279, "LinearTime": 0.00610044, "LowerBound": 122.049, "UpperBound": 122.111, "SolveResult": 0, "FirstLowerBound": 122.019, "VisitedNodes": 3}