{"OBBTTime": 2.95719, "rootBTTime": 2.96818, "TotalTime": 3600.01, "LinearTime": 2893.69, "LowerBound": 2065.56, "UpperBound": 2086.45, "SolveResult": 402, "FirstLowerBound": 1610.26, "VisitedNodes": 143707}