{"OBBTTime": 0.383441, "rootBTTime": 0.38523, "TotalTime": 0.438785, "LinearTime": 0.00495877, "LowerBound": 144.022, "UpperBound": 144.022, "SolveResult": 0, "FirstLowerBound": 144.022, "VisitedNodes": 1}