{"OBBTTime": 7.04641, "rootBTTime": 7.06912, "TotalTime": 3600.04, "LinearTime": 3054.81, "LowerBound": 3255.83, "UpperBound": 3435.05, "SolveResult": 402, "FirstLowerBound": 2272.25, "VisitedNodes": 51337}