{"OBBTTime": 0.95385, "rootBTTime": 0.95672, "TotalTime": 9.52481, "LinearTime": 4.92574, "LowerBound": 327.801, "UpperBound": 328.129, "SolveResult": 0, "FirstLowerBound": 297.269, "VisitedNodes": 2299}