{"OBBTTime": 0.200856, "rootBTTime": 0.202249, "TotalTime": 0.249583, "LinearTime": 0.00117527, "LowerBound": 121.834, "UpperBound": 121.834, "SolveResult": 0, "FirstLowerBound": 121.834, "VisitedNodes": 1}