{"OBBTTime": 6.99986, "rootBTTime": 7.02173, "TotalTime": 892.368, "LinearTime": 690.753, "LowerBound": 3109.53, "UpperBound": 3112.64, "SolveResult": 0, "FirstLowerBound": 2397.75, "VisitedNodes": 13367}