{"OBBTTime": 0.921013, "rootBTTime": 0.924604, "TotalTime": 43.7359, "LinearTime": 27.0727, "LowerBound": 387.12, "UpperBound": 387.507, "SolveResult": 0, "FirstLowerBound": 337.043, "VisitedNodes": 9015}