{"OBBTTime": 0.430969, "rootBTTime": 0.432521, "TotalTime": 0.508494, "LinearTime": 0.0088565, "LowerBound": 175.083, "UpperBound": 175.257, "SolveResult": 0, "FirstLowerBound": 174.681, "VisitedNodes": 7}