{"OBBTTime": 6.99011, "rootBTTime": 7.01239, "TotalTime": 3600.07, "LinearTime": 3045.34, "LowerBound": 2775.63, "UpperBound": 2965.35, "SolveResult": 402, "FirstLowerBound": 1822.88, "VisitedNodes": 54389}