{"OBBTTime": 0.442938, "rootBTTime": 0.4448, "TotalTime": 0.500124, "LinearTime": 0.00752939, "LowerBound": 136.931, "UpperBound": 136.955, "SolveResult": 0, "FirstLowerBound": 136.881, "VisitedNodes": 3}