{"OBBTTime": 0.431126, "rootBTTime": 0.433887, "TotalTime": 0.883825, "LinearTime": 0.148139, "LowerBound": 135.937, "UpperBound": 136.07, "SolveResult": 0, "FirstLowerBound": 130.314, "VisitedNodes": 161}