{"OBBTTime": 0.395317, "rootBTTime": 0.397763, "TotalTime": 0.498307, "LinearTime": 0.0117765, "LowerBound": 148.501, "UpperBound": 148.636, "SolveResult": 0, "FirstLowerBound": 147.857, "VisitedNodes": 9}