{"OBBTTime": 0.953448, "rootBTTime": 0.956037, "TotalTime": 1.07894, "LinearTime": 0.0261728, "LowerBound": 250.597, "UpperBound": 250.841, "SolveResult": 0, "FirstLowerBound": 249.846, "VisitedNodes": 9}