{"OBBTTime": 2.97488, "rootBTTime": 2.98638, "TotalTime": 3600.01, "LinearTime": 2809.34, "LowerBound": 1798.02, "UpperBound": 1833.29, "SolveResult": 402, "FirstLowerBound": 1288.6, "VisitedNodes": 155391}