{"OBBTTime": 0.184567, "rootBTTime": 0.185729, "TotalTime": 0.232998, "LinearTime": 0.000915148, "LowerBound": 92.4734, "UpperBound": 92.4734, "SolveResult": 0, "FirstLowerBound": 92.4734, "VisitedNodes": 1}