{"OBBTTime": 0.425313, "rootBTTime": 0.427184, "TotalTime": 0.480536, "LinearTime": 0.00599416, "LowerBound": 175.407, "UpperBound": 175.407, "SolveResult": 0, "FirstLowerBound": 175.406, "VisitedNodes": 3}