{"OBBTTime": 0.872933, "rootBTTime": 0.87587, "TotalTime": 238.675, "LinearTime": 148.422, "LowerBound": 503.975, "UpperBound": 504.479, "SolveResult": 0, "FirstLowerBound": 411.26, "VisitedNodes": 56821}