{"OBBTTime": 7.08002, "rootBTTime": 7.10235, "TotalTime": 3600.02, "LinearTime": 3021.31, "LowerBound": 3720.7, "UpperBound": 3854.19, "SolveResult": 402, "FirstLowerBound": 2667.84, "VisitedNodes": 53863}