{"OBBTTime": 0.674583, "rootBTTime": 0.677519, "TotalTime": 1.45295, "LinearTime": 0.348921, "LowerBound": 335.631, "UpperBound": 335.962, "SolveResult": 0, "FirstLowerBound": 326.299, "VisitedNodes": 215}