{"OBBTTime": 2.98125, "rootBTTime": 2.99201, "TotalTime": 211.166, "LinearTime": 153.391, "LowerBound": 1572.47, "UpperBound": 1574.04, "SolveResult": 0, "FirstLowerBound": 1367.87, "VisitedNodes": 8871}