{"OBBTTime": 7.33177, "rootBTTime": 7.35153, "TotalTime": 3600.26, "LinearTime": 3290.96, "LowerBound": 4454.93, "UpperBound": 4473.67, "SolveResult": 402, "FirstLowerBound": 3108.52, "VisitedNodes": 11087}