{"OBBTTime": 1.53351, "rootBTTime": 1.53569, "TotalTime": 119.336, "LinearTime": 92.6524, "LowerBound": 706.477, "UpperBound": 707.183, "SolveResult": 0, "FirstLowerBound": 529.735, "VisitedNodes": 10265}