{"OBBTTime": 1.46121, "rootBTTime": 1.46437, "TotalTime": 165.876, "LinearTime": 128.796, "LowerBound": 1173.88, "UpperBound": 1175.06, "SolveResult": 0, "FirstLowerBound": 837.397, "VisitedNodes": 5741}