{"OBBTTime": 0.358612, "rootBTTime": 0.359646, "TotalTime": 8.55052, "LinearTime": 4.91815, "LowerBound": 11.5017, "UpperBound": 11.5132, "SolveResult": 0, "FirstLowerBound": -7.61123, "VisitedNodes": 2969}