{"OBBTTime": 0.376288, "rootBTTime": 0.377662, "TotalTime": 9.03035, "LinearTime": 5.86973, "LowerBound": 304.728, "UpperBound": 305.031, "SolveResult": 0, "FirstLowerBound": 229.039, "VisitedNodes": 3321}