{"OBBTTime": 0.291641, "rootBTTime": 0.292585, "TotalTime": 0.363191, "LinearTime": 0.0113427, "LowerBound": -2.50177, "UpperBound": -2.50177, "SolveResult": 0, "FirstLowerBound": -2.83391, "VisitedNodes": 5}