{"OBBTTime": 7.20249, "rootBTTime": 7.22113, "TotalTime": 3600.01, "LinearTime": 3269.41, "LowerBound": 5554.63, "UpperBound": 5619.98, "SolveResult": 402, "FirstLowerBound": 4479.29, "VisitedNodes": 11445}