{"OBBTTime": 0.340471, "rootBTTime": 0.341575, "TotalTime": 1.77007, "LinearTime": 0.828879, "LowerBound": 234.52, "UpperBound": 234.752, "SolveResult": 0, "FirstLowerBound": 216.121, "VisitedNodes": 549}