{"OBBTTime": 0.27675, "rootBTTime": 0.27745, "TotalTime": 0.327386, "LinearTime": 0.00477996, "LowerBound": 40.8849, "UpperBound": 40.8849, "SolveResult": 0, "FirstLowerBound": 40.8849, "VisitedNodes": 1}