{"OBBTTime": 0.333916, "rootBTTime": 0.334785, "TotalTime": 0.389845, "LinearTime": 0.0083693, "LowerBound": 103.648, "UpperBound": 103.676, "SolveResult": 0, "FirstLowerBound": 103.604, "VisitedNodes": 3}