{"OBBTTime": 0.290614, "rootBTTime": 0.291737, "TotalTime": 0.461384, "LinearTime": 0.0420057, "LowerBound": 128.358, "UpperBound": 128.479, "SolveResult": 0, "FirstLowerBound": 125.157, "VisitedNodes": 39}