{"OBBTTime": 0.334738, "rootBTTime": 0.335892, "TotalTime": 0.706109, "LinearTime": 0.178636, "LowerBound": 105.596, "UpperBound": 105.7, "SolveResult": 0, "FirstLowerBound": 72.885, "VisitedNodes": 111}