{"OBBTTime": 0.851442, "rootBTTime": 0.85344, "TotalTime": 17.3019, "LinearTime": 12.572, "LowerBound": 656.092, "UpperBound": 656.734, "SolveResult": 0, "FirstLowerBound": 490.741, "VisitedNodes": 1657}