{"OBBTTime": 1.41886, "rootBTTime": 1.42225, "TotalTime": 192.852, "LinearTime": 156.395, "LowerBound": 1176.69, "UpperBound": 1177.87, "SolveResult": 0, "FirstLowerBound": 652.812, "VisitedNodes": 7295}