{"OBBTTime": 1.44265, "rootBTTime": 1.44583, "TotalTime": 86.5545, "LinearTime": 72.7666, "LowerBound": 1048.14, "UpperBound": 1049.19, "SolveResult": 0, "FirstLowerBound": 767.845, "VisitedNodes": 2957}