{"OBBTTime": 7.26635, "rootBTTime": 7.28504, "TotalTime": 3600.04, "LinearTime": 3203.25, "LowerBound": 6121.52, "UpperBound": 6136.55, "SolveResult": 402, "FirstLowerBound": 4998.8, "VisitedNodes": 12117}