{"OBBTTime": 0.439362, "rootBTTime": 0.440451, "TotalTime": 0.502538, "LinearTime": 0.00736511, "LowerBound": 138.006, "UpperBound": 138.006, "SolveResult": 0, "FirstLowerBound": 137.999, "VisitedNodes": 3}