{"OBBTTime": 0.778717, "rootBTTime": 0.780582, "TotalTime": 3.30625, "LinearTime": 1.77817, "LowerBound": 338.845, "UpperBound": 339.175, "SolveResult": 0, "FirstLowerBound": 256.991, "VisitedNodes": 241}