{"OBBTTime": 0.743908, "rootBTTime": 0.745642, "TotalTime": 1.3946, "LinearTime": 0.412824, "LowerBound": 321.735, "UpperBound": 321.997, "SolveResult": 0, "FirstLowerBound": 304.486, "VisitedNodes": 57}