{"OBBTTime": 0.292104, "rootBTTime": 0.293038, "TotalTime": 0.714647, "LinearTime": 0.189819, "LowerBound": 35.3854, "UpperBound": 35.4199, "SolveResult": 0, "FirstLowerBound": 27.2412, "VisitedNodes": 173}