{"OBBTTime": 6.05413, "rootBTTime": 6.05973, "TotalTime": 3600.13, "LinearTime": 3163.54, "LowerBound": 2749.94, "UpperBound": 2766.66, "SolveResult": 402, "FirstLowerBound": 1573.83, "VisitedNodes": 11347}