{"OBBTTime": 0.493312, "rootBTTime": 0.494044, "TotalTime": 1.05104, "LinearTime": 0.312966, "LowerBound": 85.2134, "UpperBound": 85.2595, "SolveResult": 0, "FirstLowerBound": 67.3179, "VisitedNodes": 143}