{"OBBTTime": 1.07922, "rootBTTime": 1.08008, "TotalTime": 15.2056, "LinearTime": 10.8936, "LowerBound": 179.118, "UpperBound": 179.291, "SolveResult": 0, "FirstLowerBound": 17.9361, "VisitedNodes": 1509}