{"OBBTTime": 0.327465, "rootBTTime": 0.328331, "TotalTime": 0.934026, "LinearTime": 0.370105, "LowerBound": 201.877, "UpperBound": 202.056, "SolveResult": 0, "FirstLowerBound": 179.755, "VisitedNodes": 145}