{"OBBTTime": 0.430298, "rootBTTime": 0.431175, "TotalTime": 2.24799, "LinearTime": 1.3632, "LowerBound": 73.1297, "UpperBound": 73.1801, "SolveResult": 0, "FirstLowerBound": 26.5473, "VisitedNodes": 169}