{"OBBTTime": 0.825039, "rootBTTime": 0.826079, "TotalTime": 18.0595, "LinearTime": 13.518, "LowerBound": 88.8778, "UpperBound": 88.9636, "SolveResult": 0, "FirstLowerBound": -70.2234, "VisitedNodes": 1407}