{"OBBTTime": 0.718969, "rootBTTime": 0.719748, "TotalTime": 1.15335, "LinearTime": 0.262625, "LowerBound": 83.5197, "UpperBound": 83.6011, "SolveResult": 0, "FirstLowerBound": 74.9799, "VisitedNodes": 33}