{"OBBTTime": 0.431185, "rootBTTime": 0.432311, "TotalTime": 0.544514, "LinearTime": 0.0298082, "LowerBound": 25.0633, "UpperBound": 25.0912, "SolveResult": 100, "FirstLowerBound": 24.977, "VisitedNodes": 7}