{"OBBTTime": 0.362546, "rootBTTime": 0.363286, "TotalTime": 0.470402, "LinearTime": 0.0304484, "LowerBound": -30.2893, "UpperBound": -30.2893, "SolveResult": 0, "FirstLowerBound": -32.3765, "VisitedNodes": 7}