{"OBBTTime": 1.79075, "rootBTTime": 1.79326, "TotalTime": 371.608, "LinearTime": 317.722, "LowerBound": 1704.26, "UpperBound": 1705.96, "SolveResult": 0, "FirstLowerBound": 1008.97, "VisitedNodes": 3475}