{"OBBTTime": 0.603008, "rootBTTime": 0.606518, "TotalTime": 1.9791, "LinearTime": 0.959166, "LowerBound": 283.398, "UpperBound": 283.659, "SolveResult": 0, "FirstLowerBound": 188.101, "VisitedNodes": 71}