{"OBBTTime": 0.263523, "rootBTTime": 0.264055, "TotalTime": 1.49622, "LinearTime": 0.843814, "LowerBound": 206.091, "UpperBound": 206.23, "SolveResult": 0, "FirstLowerBound": 158.651, "VisitedNodes": 229}