{"OBBTTime": 0.336413, "rootBTTime": 0.33731, "TotalTime": 2.20675, "LinearTime": 1.36927, "LowerBound": 90.9574, "UpperBound": 91.0453, "SolveResult": 0, "FirstLowerBound": 58.7378, "VisitedNodes": 213}