{"OBBTTime": 0.231807, "rootBTTime": 0.232233, "TotalTime": 0.675344, "LinearTime": 0.234653, "LowerBound": 64.3655, "UpperBound": 64.4017, "SolveResult": 0, "FirstLowerBound": 58.943, "VisitedNodes": 67}