{"OBBTTime": 0.21241, "rootBTTime": 0.213925, "TotalTime": 1.39824, "LinearTime": 0.789138, "LowerBound": -60.8583, "UpperBound": -60.8582, "SolveResult": 0, "FirstLowerBound": -155.428, "VisitedNodes": 201}