{"OBBTTime": 0.20516, "rootBTTime": 0.205967, "TotalTime": 0.581139, "LinearTime": 0.204605, "LowerBound": 190.383, "UpperBound": 190.554, "SolveResult": 0, "FirstLowerBound": 166.917, "VisitedNodes": 61}