{"OBBTTime": 0.518601, "rootBTTime": 0.519224, "TotalTime": 1.57746, "LinearTime": 0.772838, "LowerBound": 216.949, "UpperBound": 217.109, "SolveResult": 0, "FirstLowerBound": 148.546, "VisitedNodes": 61}