{"OBBTTime": 0.608697, "rootBTTime": 0.611907, "TotalTime": 0.727772, "LinearTime": 0.0428662, "LowerBound": -533.992, "UpperBound": -533.805, "SolveResult": 0, "FirstLowerBound": -534.017, "VisitedNodes": 3}