{"OBBTTime": 0.342687, "rootBTTime": 0.344665, "TotalTime": 1.40985, "LinearTime": 0.730901, "LowerBound": 141.161, "UpperBound": 141.287, "SolveResult": 0, "FirstLowerBound": 107.726, "VisitedNodes": 109}