{"OBBTTime": 0.164401, "rootBTTime": 0.164796, "TotalTime": 0.576512, "LinearTime": 0.197228, "LowerBound": 51.1139, "UpperBound": 51.1608, "SolveResult": 0, "FirstLowerBound": 38.1057, "VisitedNodes": 79}