{"OBBTTime": 0.486578, "rootBTTime": 0.486919, "TotalTime": 0.858166, "LinearTime": 0.192043, "LowerBound": 23.7664, "UpperBound": 23.77, "SolveResult": 0, "FirstLowerBound": 9.65858, "VisitedNodes": 41}