{"OBBTTime": 0.330967, "rootBTTime": 0.334663, "TotalTime": 0.944481, "LinearTime": 0.365009, "LowerBound": 253.099, "UpperBound": 253.099, "SolveResult": 0, "FirstLowerBound": 190.142, "VisitedNodes": 35}