{"OBBTTime": 0.418124, "rootBTTime": 0.421165, "TotalTime": 2.81376, "LinearTime": 1.77357, "LowerBound": 337.725, "UpperBound": 338.01, "SolveResult": 0, "FirstLowerBound": 239.419, "VisitedNodes": 127}