{"OBBTTime": 0.146808, "rootBTTime": 0.14736, "TotalTime": 0.210592, "LinearTime": 0.0104252, "LowerBound": 144.519, "UpperBound": 144.557, "SolveResult": 0, "FirstLowerBound": 141.048, "VisitedNodes": 3}