{"OBBTTime": 0.422067, "rootBTTime": 0.427702, "TotalTime": 0.661672, "LinearTime": 0.0986754, "LowerBound": -181.683, "UpperBound": -181.47, "SolveResult": 100, "FirstLowerBound": -185.45, "VisitedNodes": 11}