{"OBBTTime": 0.299759, "rootBTTime": 0.301978, "TotalTime": 0.463171, "LinearTime": 0.0575871, "LowerBound": 85.3687, "UpperBound": 85.3687, "SolveResult": 0, "FirstLowerBound": 80.6053, "VisitedNodes": 9}