{"OBBTTime": 0.167172, "rootBTTime": 0.167511, "TotalTime": 0.658918, "LinearTime": 0.281024, "LowerBound": 116.101, "UpperBound": 116.201, "SolveResult": 0, "FirstLowerBound": 89.458, "VisitedNodes": 79}