{"OBBTTime": 0.144465, "rootBTTime": 0.144797, "TotalTime": 0.534957, "LinearTime": 0.201815, "LowerBound": 220.61, "UpperBound": 220.819, "SolveResult": 0, "FirstLowerBound": 163.596, "VisitedNodes": 63}