{"OBBTTime": 0.230376, "rootBTTime": 0.241596, "TotalTime": 0.339827, "LinearTime": 0.0134193, "LowerBound": -52.1617, "UpperBound": -52.1463, "SolveResult": 0, "FirstLowerBound": -52.1617, "VisitedNodes": 3}