{"OBBTTime": 0.141451, "rootBTTime": 0.144254, "TotalTime": 0.42608, "LinearTime": 0.119582, "LowerBound": 231.546, "UpperBound": 231.604, "SolveResult": 0, "FirstLowerBound": 189.552, "VisitedNodes": 27}