{"OBBTTime": 0.716654, "rootBTTime": 0.740662, "TotalTime": 1.53053, "LinearTime": 0.558795, "LowerBound": 746.833, "UpperBound": 754.303, "SolveResult": 100, "FirstLowerBound": 699.178, "VisitedNodes": 9}