{"OBBTTime": 0.518597, "rootBTTime": 0.537296, "TotalTime": 1.92442, "LinearTime": 0.919796, "LowerBound": 446.942, "UpperBound": 447.336, "SolveResult": 0, "FirstLowerBound": 308.511, "VisitedNodes": 27}