{"OBBTTime": 0.225811, "rootBTTime": 0.230743, "TotalTime": 0.440637, "LinearTime": 0.0653646, "LowerBound": -2885.64, "UpperBound": -2477.2, "SolveResult": 100, "FirstLowerBound": -3178.54, "VisitedNodes": 11}