{"OBBTTime": 0.236085, "rootBTTime": 0.238104, "TotalTime": 0.865491, "LinearTime": 0.279329, "LowerBound": 57.7218, "UpperBound": 57.7218, "SolveResult": 0, "FirstLowerBound": 36.3961, "VisitedNodes": 33}