{"OBBTTime": 0.275145, "rootBTTime": 0.275538, "TotalTime": 2.42468, "LinearTime": 1.18492, "LowerBound": 89.0257, "UpperBound": 89.0765, "SolveResult": 0, "FirstLowerBound": -233.755, "VisitedNodes": 139}