{"OBBTTime": 0.228355, "rootBTTime": 0.236589, "TotalTime": 0.3958, "LinearTime": 0.0619657, "LowerBound": 724.108, "UpperBound": 728.332, "SolveResult": 100, "FirstLowerBound": 720.795, "VisitedNodes": 5}