{"OBBTTime": 0.284489, "rootBTTime": 0.288012, "TotalTime": 3.83623, "LinearTime": 2.4145, "LowerBound": 349.617, "UpperBound": 349.925, "SolveResult": 0, "FirstLowerBound": 210.789, "VisitedNodes": 193}