{"OBBTTime": 0.371149, "rootBTTime": 0.371599, "TotalTime": 6.28185, "LinearTime": 4.19125, "LowerBound": 565.257, "UpperBound": 565.762, "SolveResult": 0, "FirstLowerBound": 269.198, "VisitedNodes": 201}