{"OBBTTime": 0.150896, "rootBTTime": 0.151478, "TotalTime": 0.196428, "LinearTime": 0.00477742, "LowerBound": -268.016, "UpperBound": -268.015, "SolveResult": 0, "FirstLowerBound": -268.017, "VisitedNodes": 3}