{"OBBTTime": 0.449582, "rootBTTime": 0.450422, "TotalTime": 0.576926, "LinearTime": 0.0198329, "LowerBound": 15626.1, "UpperBound": 15639, "SolveResult": 0, "FirstLowerBound": 14438.6, "VisitedNodes": 29}