{"OBBTTime": 0.168222, "rootBTTime": 0.168473, "TotalTime": 121.952, "LinearTime": 56.7756, "LowerBound": 7042.2, "UpperBound": 7049.25, "SolveResult": 0, "FirstLowerBound": 2861.73, "VisitedNodes": 186067}