{"OBBTTime": 0.093497, "rootBTTime": 0.0937399, "TotalTime": 0.142389, "LinearTime": 0.00499435, "LowerBound": -30665.5, "UpperBound": -30665.5, "SolveResult": 0, "FirstLowerBound": -30665.5, "VisitedNodes": 3}