{"OBBTTime": 0.0411622, "rootBTTime": 0.0412317, "TotalTime": 0.129682, "LinearTime": 0.00686811, "LowerBound": -443.711, "UpperBound": -443.652, "SolveResult": 0, "FirstLowerBound": -3001, "VisitedNodes": 13}