{"OBBTTime": 0.0281049, "rootBTTime": 0.0281711, "TotalTime": 0.179148, "LinearTime": 0.00907416, "LowerBound": -8.34216e-05, "UpperBound": 2.49631e-06, "SolveResult": 0, "FirstLowerBound": -875, "VisitedNodes": 27}