{"OBBTTime": 0.039775, "rootBTTime": 0.0399133, "TotalTime": 0.0822227, "LinearTime": 0.00495272, "LowerBound": -5.50801, "UpperBound": -5.50801, "SolveResult": 0, "FirstLowerBound": -5.72043, "VisitedNodes": 3}