{"OBBTTime": 0.0298238, "rootBTTime": 0.0299004, "TotalTime": 0.180235, "LinearTime": 0.0114038, "LowerBound": 10.4655, "UpperBound": 10.4655, "SolveResult": 0, "FirstLowerBound": -17385, "VisitedNodes": 23}