{"OBBTTime": 0.0399635, "rootBTTime": 0.0402758, "TotalTime": 0.0812333, "LinearTime": 0.00437867, "LowerBound": -16.7403, "UpperBound": -16.7389, "SolveResult": 0, "FirstLowerBound": -16.7429, "VisitedNodes": 3}