{"OBBTTime": 0.0283363, "rootBTTime": 0.0283991, "TotalTime": 0.131484, "LinearTime": 0.0071257, "LowerBound": -7.49965, "UpperBound": -7.49965, "SolveResult": 0, "FirstLowerBound": -837.5, "VisitedNodes": 17}