{"OBBTTime": 0.0298093, "rootBTTime": 0.0298858, "TotalTime": 0.153311, "LinearTime": 0.0099819, "LowerBound": -7.47505, "UpperBound": -7.47505, "SolveResult": 0, "FirstLowerBound": -322096, "VisitedNodes": 21}