{"OBBTTime": 0.380528, "rootBTTime": 0.38106, "TotalTime": 0.697871, "LinearTime": 0.0766303, "LowerBound": 1.86301, "UpperBound": 1.86417, "SolveResult": 0, "FirstLowerBound": 0.9979, "VisitedNodes": 131}