{"OBBTTime": 0.120517, "rootBTTime": 0.120763, "TotalTime": 7.09226, "LinearTime": 3.35503, "LowerBound": 7504.73, "UpperBound": 7512.23, "SolveResult": 0, "FirstLowerBound": 3118.73, "VisitedNodes": 11261}