{"OBBTTime": 0.114734, "rootBTTime": 0.114931, "TotalTime": 0.406684, "LinearTime": 0.0962885, "LowerBound": -450.229, "UpperBound": -450, "SolveResult": 0, "FirstLowerBound": -2907.15, "VisitedNodes": 261}