{"OBBTTime": 0.301076, "rootBTTime": 0.302465, "TotalTime": 3599.97, "LinearTime": 2659.21, "LowerBound": 2.32129, "UpperBound": 3.23402, "SolveResult": 402, "FirstLowerBound": 1.63219, "VisitedNodes": 803923}