{"OBBTTime": 0.0673448, "rootBTTime": 0.0682844, "TotalTime": 10.6568, "LinearTime": 7.08936, "LowerBound": 0.0283152, "UpperBound": 0.0293108, "SolveResult": 0, "FirstLowerBound": -14108.3, "VisitedNodes": 4655}