{"OBBTTime": 0.857722, "rootBTTime": 0.861578, "TotalTime": 3599.67, "LinearTime": 2466.66, "LowerBound": -10, "UpperBound": -0.0691196, "SolveResult": 402, "FirstLowerBound": -10, "VisitedNodes": 493965}