{"OBBTTime": 0.931313, "rootBTTime": 0.933227, "TotalTime": 3600.01, "LinearTime": 3138.8, "LowerBound": -1.36541, "UpperBound": 0.485152, "SolveResult": 402, "FirstLowerBound": -3.33333, "VisitedNodes": 572661}