{"OBBTTime": 0.521366, "rootBTTime": 0.522472, "TotalTime": 3599.98, "LinearTime": 2363.21, "LowerBound": 0.545617, "UpperBound": 0.618573, "SolveResult": 402, "FirstLowerBound": -3.46484, "VisitedNodes": 2596089}