{"OBBTTime": 0.957862, "rootBTTime": 0.960994, "TotalTime": 2698.95, "LinearTime": 1692.65, "LowerBound": 2.53838, "UpperBound": 2.54092, "SolveResult": 0, "FirstLowerBound": 0, "VisitedNodes": 582041}