{"OBBTTime": 0.567942, "rootBTTime": 0.569926, "TotalTime": 1146.22, "LinearTime": 744.308, "LowerBound": 1.50206, "UpperBound": 1.50206, "SolveResult": 0, "FirstLowerBound": 0, "VisitedNodes": 405365}