{"OBBTTime": 0.988314, "rootBTTime": 0.993633, "TotalTime": 3615.6, "LinearTime": 2468.22, "LowerBound": 13.3483, "UpperBound": 13.3503, "SolveResult": 402, "FirstLowerBound": 0, "VisitedNodes": 1009391}