{"OBBTTime": 0.742281, "rootBTTime": 0.746186, "TotalTime": 1015.54, "LinearTime": 660.411, "LowerBound": 14.4811, "UpperBound": 14.4811, "SolveResult": 0, "FirstLowerBound": 0, "VisitedNodes": 346693}