{"OBBTTime": 0.225845, "rootBTTime": 0.226545, "TotalTime": 0.625752, "LinearTime": 0.0888931, "LowerBound": 0.857886, "UpperBound": 0.858407, "SolveResult": 0, "FirstLowerBound": 0, "VisitedNodes": 123}