{"OBBTTime": 1.19236, "rootBTTime": 1.19425, "TotalTime": 1.3085, "LinearTime": 0.019306, "LowerBound": 0.199602, "UpperBound": 0.199602, "SolveResult": 0, "FirstLowerBound": 0.199602, "VisitedNodes": 3}