{"OBBTTime": 0.971743, "rootBTTime": 0.973207, "TotalTime": 1.15887, "LinearTime": 0.021212, "LowerBound": 0.199602, "UpperBound": 0.199602, "SolveResult": 0, "FirstLowerBound": 0.199602, "VisitedNodes": 5}