{"OBBTTime": 0.963642, "rootBTTime": 0.964671, "TotalTime": 38.1045, "LinearTime": 17.3326, "LowerBound": 0.338606, "UpperBound": 0.339602, "SolveResult": 0, "FirstLowerBound": 0, "VisitedNodes": 14987}