{"OBBTTime": 0.712798, "rootBTTime": 0.717026, "TotalTime": 3600, "LinearTime": 2520.03, "LowerBound": 0.320018, "UpperBound": 3.03029, "SolveResult": 402, "FirstLowerBound": 0, "VisitedNodes": 1117991}