{"OBBTTime": 0.0300926, "rootBTTime": 0.0301697, "TotalTime": 0.115109, "LinearTime": 0.00617979, "LowerBound": -0.665012, "UpperBound": -0.665012, "SolveResult": 0, "FirstLowerBound": -27.9708, "VisitedNodes": 9}