{"OBBTTime": 0.0287372, "rootBTTime": 0.0288068, "TotalTime": 0.111058, "LinearTime": 0.00652753, "LowerBound": -4.43712, "UpperBound": -4.43653, "SolveResult": 0, "FirstLowerBound": -11.8862, "VisitedNodes": 11}