{"OBBTTime": 0.0319433, "rootBTTime": 0.032029, "TotalTime": 0.200424, "LinearTime": 0.017182, "LowerBound": -0.0410494, "UpperBound": 0.00190251, "SolveResult": 100, "FirstLowerBound": -7661.68, "VisitedNodes": 19}