{"OBBTTime": 0.0797065, "rootBTTime": 0.079855, "TotalTime": 0.192283, "LinearTime": 0.0162378, "LowerBound": -2.61236e-07, "UpperBound": 0, "SolveResult": 0, "FirstLowerBound": -210855, "VisitedNodes": 37}