{"OBBTTime": 0.704032, "rootBTTime": 0.709344, "TotalTime": 1.38357, "LinearTime": 0.19152, "LowerBound": -550.343, "UpperBound": -549.803, "SolveResult": 0, "FirstLowerBound": -570.135, "VisitedNodes": 187}