{"OBBTTime": 0.745246, "rootBTTime": 0.746593, "TotalTime": 1.06285, "LinearTime": 0.0241905, "LowerBound": -4395.13, "UpperBound": -4391.83, "SolveResult": 0, "FirstLowerBound": -5528.25, "VisitedNodes": 21}