{"OBBTTime": 0.707719, "rootBTTime": 0.709065, "TotalTime": 1.12292, "LinearTime": 0.0584801, "LowerBound": -4393.98, "UpperBound": -4391.83, "SolveResult": 0, "FirstLowerBound": -6028.82, "VisitedNodes": 53}