{"OBBTTime": 0.981742, "rootBTTime": 0.984316, "TotalTime": 4.70565, "LinearTime": 0.181379, "LowerBound": -550.289, "UpperBound": -549.803, "SolveResult": 0, "FirstLowerBound": -852.378, "VisitedNodes": 151}