{"OBBTTime": 0.041578, "rootBTTime": 0.041826, "TotalTime": 0.084611, "LinearTime": 0.00400787, "LowerBound": 1.17712, "UpperBound": 1.17712, "SolveResult": 0, "FirstLowerBound": 1.17711, "VisitedNodes": 3}