{"OBBTTime": 0.0441515, "rootBTTime": 0.0442489, "TotalTime": 1.3992, "LinearTime": 0.521341, "LowerBound": -8.9431e-05, "UpperBound": -8.9431e-05, "SolveResult": 0, "FirstLowerBound": -100, "VisitedNodes": 1771}