{"OBBTTime": 0.0553628, "rootBTTime": 0.0554554, "TotalTime": 2.05031, "LinearTime": 0.733986, "LowerBound": -0.000992925, "UpperBound": 2.32831e-10, "SolveResult": 0, "FirstLowerBound": -318392, "VisitedNodes": 3007}