{"OBBTTime": 0.157609, "rootBTTime": 0.158054, "TotalTime": 0.205093, "LinearTime": 0.00598138, "LowerBound": -45.3797, "UpperBound": -45.3797, "SolveResult": 0, "FirstLowerBound": -45.3813, "VisitedNodes": 3}