{"OBBTTime": 0.175533, "rootBTTime": 0.176719, "TotalTime": 0.222742, "LinearTime": 0.00400642, "LowerBound": -42.9626, "UpperBound": -42.9626, "SolveResult": 0, "FirstLowerBound": -42.9626, "VisitedNodes": 1}