{"OBBTTime": 0.0896616, "rootBTTime": 0.0897839, "TotalTime": 0.140514, "LinearTime": 0.00350379, "LowerBound": -86768.6, "UpperBound": -86768.6, "SolveResult": 0, "FirstLowerBound": -86768.6, "VisitedNodes": 1}