{"OBBTTime": 0.0994848, "rootBTTime": 0.0996509, "TotalTime": 0.177134, "LinearTime": 0.00493674, "LowerBound": -70262.1, "UpperBound": -70262.1, "SolveResult": 0, "FirstLowerBound": -72700.1, "VisitedNodes": 5}