{"OBBTTime": 0.0519466, "rootBTTime": 0.0520297, "TotalTime": 0.275779, "LinearTime": 0.026237, "LowerBound": -12.501, "UpperBound": -12.4999, "SolveResult": 0, "FirstLowerBound": -18, "VisitedNodes": 117}