{"OBBTTime": 0.0422111, "rootBTTime": 0.0423073, "TotalTime": 0.132721, "LinearTime": 0.0102359, "LowerBound": -118.768, "UpperBound": -118.705, "SolveResult": 0, "FirstLowerBound": -2586.73, "VisitedNodes": 25}