{"OBBTTime": 0.0988899, "rootBTTime": 0.0992112, "TotalTime": 0.147401, "LinearTime": 0.00570457, "LowerBound": 0.0156195, "UpperBound": 0.0156195, "SolveResult": 0, "FirstLowerBound": 0.0156195, "VisitedNodes": 1}