{"OBBTTime": 0.0507797, "rootBTTime": 0.0511274, "TotalTime": 0.0966039, "LinearTime": 0.00369244, "LowerBound": 201.159, "UpperBound": 201.159, "SolveResult": 0, "FirstLowerBound": 201.159, "VisitedNodes": 1}