{"OBBTTime": 0.107082, "rootBTTime": 0.10825, "TotalTime": 0.374521, "LinearTime": 0.070313, "LowerBound": -1162.47, "UpperBound": -1161.34, "SolveResult": 0, "FirstLowerBound": -1500.02, "VisitedNodes": 135}