{"OBBTTime": 0.0475258, "rootBTTime": 0.0476439, "TotalTime": 0.0906047, "LinearTime": 0.00334175, "LowerBound": -6.66667, "UpperBound": -6.66667, "SolveResult": 0, "FirstLowerBound": -6.66667, "VisitedNodes": 1}