{"OBBTTime": 0.0389955, "rootBTTime": 0.0390731, "TotalTime": 0.112676, "LinearTime": 0.00561819, "LowerBound": -0.500586, "UpperBound": -0.5, "SolveResult": 0, "FirstLowerBound": -0.543292, "VisitedNodes": 11}