{"OBBTTime": 0.0466255, "rootBTTime": 0.0467736, "TotalTime": 0.0901208, "LinearTime": 0.003986, "LowerBound": -2.82874, "UpperBound": -2.82843, "SolveResult": 0, "FirstLowerBound": -2.82903, "VisitedNodes": 3}