{"OBBTTime": 0.101414, "rootBTTime": 0.101567, "TotalTime": 0.194988, "LinearTime": 0.00688899, "LowerBound": -1.08371, "UpperBound": -1.08333, "SolveResult": 0, "FirstLowerBound": -1.27856, "VisitedNodes": 17}