{"OBBTTime": 0.040073, "rootBTTime": 0.0403478, "TotalTime": 0.0870886, "LinearTime": 0.00381466, "LowerBound": -185.779, "UpperBound": -185.779, "SolveResult": 0, "FirstLowerBound": -185.779, "VisitedNodes": 1}