{"OBBTTime": 0.0425756, "rootBTTime": 0.0427034, "TotalTime": 0.103329, "LinearTime": 0.00515811, "LowerBound": 0.741782, "UpperBound": 0.741782, "SolveResult": 0, "FirstLowerBound": 0.531737, "VisitedNodes": 7}