{"OBBTTime": 0.030194, "rootBTTime": 0.0303417, "TotalTime": 0.272466, "LinearTime": 0.0610945, "LowerBound": 7042.21, "UpperBound": 7049.25, "SolveResult": 0, "FirstLowerBound": 5342.14, "VisitedNodes": 279}