{"OBBTTime": 0.1903, "rootBTTime": 0.191107, "TotalTime": 0.343772, "LinearTime": 0.0379107, "LowerBound": -1195.33, "UpperBound": -1195.23, "SolveResult": 0, "FirstLowerBound": -2916.81, "VisitedNodes": 31}