{"OBBTTime": 0.191146, "rootBTTime": 0.191964, "TotalTime": 0.333482, "LinearTime": 0.033494, "LowerBound": -621.533, "UpperBound": -621.488, "SolveResult": 0, "FirstLowerBound": -1456.2, "VisitedNodes": 27}