{"OBBTTime": 0.157634, "rootBTTime": 0.158166, "TotalTime": 0.300542, "LinearTime": 0.0128119, "LowerBound": -794.856, "UpperBound": -794.856, "SolveResult": 0, "FirstLowerBound": -833.422, "VisitedNodes": 23}