{"OBBTTime": 0.074474, "rootBTTime": 0.0759117, "TotalTime": 0.264373, "LinearTime": 0.0348529, "LowerBound": 89.7677, "UpperBound": 89.8361, "SolveResult": 0, "FirstLowerBound": 69.2386, "VisitedNodes": 39}