{"OBBTTime": 0.174279, "rootBTTime": 0.177917, "TotalTime": 242.064, "LinearTime": 111.136, "LowerBound": 229.472, "UpperBound": 229.701, "SolveResult": 0, "FirstLowerBound": 99.8976, "VisitedNodes": 53817}