{"OBBTTime": 0.51259, "rootBTTime": 0.541058, "TotalTime": 3600, "LinearTime": 1743.54, "LowerBound": 1489.64, "UpperBound": 179769000000000000000000000000000000000000000000000000000000000000000000000000000000000000000000000000000000000000000000000000000000000000000000000000000000000000000000000000000000000000000000000000000000000000000000000000000000000000000000000000000000000000000000000000000000000000000000000000000000000000000, "SolveResult": 402, "FirstLowerBound": 1212.71, "VisitedNodes": 444975}