{"OBBTTime": 0.163152, "rootBTTime": 0.16635, "TotalTime": 0.496517, "LinearTime": 0.0819636, "LowerBound": 89.8361, "UpperBound": 89.8361, "SolveResult": 0, "FirstLowerBound": 71.9174, "VisitedNodes": 63}