{"OBBTTime": 0.635489, "rootBTTime": 0.652625, "TotalTime": 3599.99, "LinearTime": 1562.61, "LowerBound": 100.108, "UpperBound": 179769000000000000000000000000000000000000000000000000000000000000000000000000000000000000000000000000000000000000000000000000000000000000000000000000000000000000000000000000000000000000000000000000000000000000000000000000000000000000000000000000000000000000000000000000000000000000000000000000000000000000000, "SolveResult": 402, "FirstLowerBound": 99.8976, "VisitedNodes": 392919}