{"OBBTTime": 0.553949, "rootBTTime": 0.560657, "TotalTime": 3600, "LinearTime": 2122.48, "LowerBound": 1875.74, "UpperBound": 2127.12, "SolveResult": 402, "FirstLowerBound": 1024.8, "VisitedNodes": 761423}