{"OBBTTime": 0.0589711, "rootBTTime": 0.0597831, "TotalTime": 0.170912, "LinearTime": 0.00841863, "LowerBound": 130.692, "UpperBound": 130.703, "SolveResult": 0, "FirstLowerBound": 82.0003, "VisitedNodes": 13}