{"OBBTTime": 0.207269, "rootBTTime": 0.211156, "TotalTime": 656.072, "LinearTime": 363.996, "LowerBound": 2443.98, "UpperBound": 2446.43, "SolveResult": 0, "FirstLowerBound": 975.484, "VisitedNodes": 160327}