{"OBBTTime": 0.105685, "rootBTTime": 0.108903, "TotalTime": 0.287745, "LinearTime": 0.0128314, "LowerBound": 130.701, "UpperBound": 130.703, "SolveResult": 0, "FirstLowerBound": 83.5372, "VisitedNodes": 15}