{"OBBTTime": 1.03534, "rootBTTime": 1.05062, "TotalTime": 3600.01, "LinearTime": 2026.49, "LowerBound": 1090.79, "UpperBound": 1201.04, "SolveResult": 402, "FirstLowerBound": 648, "VisitedNodes": 424917}