{"OBBTTime": 3.94315, "rootBTTime": 3.99708, "TotalTime": 3599.97, "LinearTime": 1679.14, "LowerBound": 1282.12, "UpperBound": 1564.96, "SolveResult": 402, "FirstLowerBound": 1017.2, "VisitedNodes": 200563}