{"OBBTTime": 0.324481, "rootBTTime": 0.330587, "TotalTime": 3600.01, "LinearTime": 2571.49, "LowerBound": 453.532, "UpperBound": 513.001, "SolveResult": 402, "FirstLowerBound": 213.266, "VisitedNodes": 749781}