{"OBBTTime": 2.29562, "rootBTTime": 2.33295, "TotalTime": 3596.5, "LinearTime": 1833.73, "LowerBound": 1340.44, "UpperBound": 2127.12, "SolveResult": 402, "FirstLowerBound": 1024.8, "VisitedNodes": 290229}