{"OBBTTime": 0.23491, "rootBTTime": 0.240694, "TotalTime": 3600.01, "LinearTime": 2479.64, "LowerBound": 237.553, "UpperBound": 238.733, "SolveResult": 402, "FirstLowerBound": 213.851, "VisitedNodes": 617963}