{"OBBTTime": 8.32919, "rootBTTime": 8.59201, "TotalTime": 3600.02, "LinearTime": 2890.31, "LowerBound": 524.54, "UpperBound": 556.675, "SolveResult": 402, "FirstLowerBound": 454.29, "VisitedNodes": 35921}