{"OBBTTime": 0.474515, "rootBTTime": 0.491948, "TotalTime": 9.70198, "LinearTime": 4.39195, "LowerBound": 164.325, "UpperBound": 164.49, "SolveResult": 0, "FirstLowerBound": 133.033, "VisitedNodes": 921}