{"OBBTTime": 0.324759, "rootBTTime": 0.330658, "TotalTime": 2852.29, "LinearTime": 1596.45, "LowerBound": 104.781, "UpperBound": 104.886, "SolveResult": 0, "FirstLowerBound": 85.5094, "VisitedNodes": 397079}