{"OBBTTime": 0.866999, "rootBTTime": 0.884011, "TotalTime": 3600.01, "LinearTime": 2733.16, "LowerBound": 398.44, "UpperBound": 410.635, "SolveResult": 402, "FirstLowerBound": 289.018, "VisitedNodes": 240311}