{"OBBTTime": 6.89395, "rootBTTime": 6.93306, "TotalTime": 3600.02, "LinearTime": 2280.31, "LowerBound": 328.084, "UpperBound": 329.57, "SolveResult": 402, "FirstLowerBound": 308.811, "VisitedNodes": 181719}