{"OBBTTime": 0.330316, "rootBTTime": 0.338045, "TotalTime": 3600, "LinearTime": 2449.36, "LowerBound": 156.103, "UpperBound": 157.094, "SolveResult": 402, "FirstLowerBound": 139.511, "VisitedNodes": 553959}