{"OBBTTime": 6.85489, "rootBTTime": 7.20915, "TotalTime": 3600.02, "LinearTime": 2909.04, "LowerBound": 593.097, "UpperBound": 662.807, "SolveResult": 402, "FirstLowerBound": 543.753, "VisitedNodes": 28657}