{"OBBTTime": 6.88222, "rootBTTime": 6.92511, "TotalTime": 3600.01, "LinearTime": 2309.92, "LowerBound": 318.885, "UpperBound": 323.682, "SolveResult": 402, "FirstLowerBound": 250.114, "VisitedNodes": 154377}