{"OBBTTime": 0.12411, "rootBTTime": 0.126207, "TotalTime": 3600, "LinearTime": 2415.83, "LowerBound": 86.6719, "UpperBound": 86.8333, "SolveResult": 402, "FirstLowerBound": 69.1544, "VisitedNodes": 1125673}