{"OBBTTime": 6.76798, "rootBTTime": 7.17867, "TotalTime": 3600.04, "LinearTime": 1638.52, "LowerBound": -61.0233, "UpperBound": -32.1476, "SolveResult": 402, "FirstLowerBound": -79.709, "VisitedNodes": 14751}