{"OBBTTime": 4.28641, "rootBTTime": 4.30881, "TotalTime": 3600.04, "LinearTime": 2390.81, "LowerBound": -11.0046, "UpperBound": -10.9482, "SolveResult": 402, "FirstLowerBound": -14.8046, "VisitedNodes": 34273}