{"OBBTTime": 4.12023, "rootBTTime": 4.15786, "TotalTime": 3600.1, "LinearTime": 2826.15, "LowerBound": -11.2788, "UpperBound": -7.71416, "SolveResult": 402, "FirstLowerBound": -16.5155, "VisitedNodes": 23223}