{"OBBTTime": 3.89721, "rootBTTime": 4.11294, "TotalTime": 3600.03, "LinearTime": 2119.04, "LowerBound": -19.0245, "UpperBound": -14.9675, "SolveResult": 402, "FirstLowerBound": -25.6776, "VisitedNodes": 21367}