{"OBBTTime": 5.26905, "rootBTTime": 5.30945, "TotalTime": 3600.27, "LinearTime": 3043.03, "LowerBound": -10.4897, "UpperBound": -7.78917, "SolveResult": 402, "FirstLowerBound": -15.4878, "VisitedNodes": 17533}