{"OBBTTime": 2.67607, "rootBTTime": 2.69958, "TotalTime": 3600.1, "LinearTime": 2938.43, "LowerBound": -55.1955, "UpperBound": -43.1604, "SolveResult": 402, "FirstLowerBound": -85.6492, "VisitedNodes": 38239}