{"OBBTTime": 3.60245, "rootBTTime": 4.00931, "TotalTime": 3600.03, "LinearTime": 1494.13, "LowerBound": -117.559, "UpperBound": -78.6716, "SolveResult": 402, "FirstLowerBound": -155.747, "VisitedNodes": 18621}