{"OBBTTime": 2.59982, "rootBTTime": 2.64166, "TotalTime": 3598.01, "LinearTime": 1650.4, "LowerBound": 1113.94, "UpperBound": 1358.66, "SolveResult": 402, "FirstLowerBound": 964.444, "VisitedNodes": 196769}