{"OBBTTime": 1.50171, "rootBTTime": 1.57317, "TotalTime": 3600, "LinearTime": 1745.33, "LowerBound": 312.298, "UpperBound": 312.922, "SolveResult": 402, "FirstLowerBound": 304.146, "VisitedNodes": 109347}