{"OBBTTime": 0.848339, "rootBTTime": 0.872903, "TotalTime": 3600.05, "LinearTime": 1027.4, "LowerBound": 532.317, "UpperBound": 586.68, "SolveResult": 402, "FirstLowerBound": 233.547, "VisitedNodes": 258323}