{"OBBTTime": 7.02334, "rootBTTime": 7.05929, "TotalTime": 3600.02, "LinearTime": 1507.97, "LowerBound": -693.309, "UpperBound": -689.161, "SolveResult": 402, "FirstLowerBound": -799.275, "VisitedNodes": 85275}