{"OBBTTime": 0.0233539, "rootBTTime": 0.0239032, "TotalTime": 0.119849, "LinearTime": 0.0134322, "LowerBound": -1.76671, "UpperBound": -1.765, "SolveResult": 0, "FirstLowerBound": -1.90759, "VisitedNodes": 19}