{"OBBTTime": 0.0706225, "rootBTTime": 0.0723879, "TotalTime": 0.107595, "LinearTime": 0.00302496, "LowerBound": 136.858, "UpperBound": 136.955, "SolveResult": 0, "FirstLowerBound": 136.691, "VisitedNodes": 3}