{"OBBTTime": 0.180611, "rootBTTime": 0.183153, "TotalTime": 0.357421, "LinearTime": 0.0258439, "LowerBound": 250.596, "UpperBound": 250.841, "SolveResult": 0, "FirstLowerBound": 249.848, "VisitedNodes": 11}