{"OBBTTime": 0.19545, "rootBTTime": 0.198242, "TotalTime": 238.213, "LinearTime": 147.072, "LowerBound": 503.974, "UpperBound": 504.479, "SolveResult": 0, "FirstLowerBound": 409.819, "VisitedNodes": 56405}