{"OBBTTime": 1.17244, "rootBTTime": 1.18415, "TotalTime": 3600, "LinearTime": 2807.84, "LowerBound": 1798.09, "UpperBound": 1833.29, "SolveResult": 402, "FirstLowerBound": 1288.04, "VisitedNodes": 155047}