{"OBBTTime": 0.0538942, "rootBTTime": 0.0556557, "TotalTime": 0.0958274, "LinearTime": 0.00118894, "LowerBound": 144.022, "UpperBound": 144.022, "SolveResult": 0, "FirstLowerBound": 144.022, "VisitedNodes": 1}