{"OBBTTime": 0.036326, "rootBTTime": 0.0374248, "TotalTime": 0.0708779, "LinearTime": 0.00113832, "LowerBound": 92.4734, "UpperBound": 92.4734, "SolveResult": 0, "FirstLowerBound": 92.4734, "VisitedNodes": 1}