{"OBBTTime": 0.0727955, "rootBTTime": 0.0751642, "TotalTime": 0.153468, "LinearTime": 0.00805287, "LowerBound": 148.526, "UpperBound": 148.636, "SolveResult": 0, "FirstLowerBound": 147.964, "VisitedNodes": 9}