{"OBBTTime": 2.42315, "rootBTTime": 2.44403, "TotalTime": 3600.08, "LinearTime": 2975.28, "LowerBound": 3196.73, "UpperBound": 3309.87, "SolveResult": 402, "FirstLowerBound": 2416.01, "VisitedNodes": 62223}