{"OBBTTime": 1.12918, "rootBTTime": 1.14028, "TotalTime": 1537.47, "LinearTime": 1122.61, "LowerBound": 1385.18, "UpperBound": 1386.56, "SolveResult": 0, "FirstLowerBound": 1045.18, "VisitedNodes": 62891}