{"OBBTTime": 3.16371, "rootBTTime": 3.18627, "TotalTime": 3600.04, "LinearTime": 3024.47, "LowerBound": 3720.8, "UpperBound": 3854.19, "SolveResult": 402, "FirstLowerBound": 2667.84, "VisitedNodes": 53971}