{"OBBTTime": 1.13909, "rootBTTime": 1.14978, "TotalTime": 210.023, "LinearTime": 153.498, "LowerBound": 1572.47, "UpperBound": 1574.04, "SolveResult": 0, "FirstLowerBound": 1367.87, "VisitedNodes": 8871}