{"OBBTTime": 0.0790478, "rootBTTime": 0.0806696, "TotalTime": 0.141661, "LinearTime": 0.00731205, "LowerBound": 139.161, "UpperBound": 139.299, "SolveResult": 0, "FirstLowerBound": 138.728, "VisitedNodes": 7}