{"OBBTTime": 0.067266, "rootBTTime": 0.0690023, "TotalTime": 0.106476, "LinearTime": 0.00282206, "LowerBound": 122.057, "UpperBound": 122.111, "SolveResult": 0, "FirstLowerBound": 122.029, "VisitedNodes": 3}