{"OBBTTime": 0.179761, "rootBTTime": 0.182552, "TotalTime": 9.96421, "LinearTime": 5.54236, "LowerBound": 327.801, "UpperBound": 328.129, "SolveResult": 0, "FirstLowerBound": 293.226, "VisitedNodes": 2609}