{"OBBTTime": 0.0594899, "rootBTTime": 0.0609554, "TotalTime": 0.16272, "LinearTime": 0.0122366, "LowerBound": 175.252, "UpperBound": 175.257, "SolveResult": 0, "FirstLowerBound": 174.648, "VisitedNodes": 17}