{"OBBTTime": 0.138417, "rootBTTime": 0.140634, "TotalTime": 0.320592, "LinearTime": 0.047248, "LowerBound": 201.176, "UpperBound": 201.287, "SolveResult": 0, "FirstLowerBound": 193.821, "VisitedNodes": 27}