{"OBBTTime": 0.0596184, "rootBTTime": 0.0606333, "TotalTime": 0.425552, "LinearTime": 0.177121, "LowerBound": 105.601, "UpperBound": 105.7, "SolveResult": 0, "FirstLowerBound": 72.326, "VisitedNodes": 111}