{"OBBTTime": 0.737735, "rootBTTime": 0.740652, "TotalTime": 185.102, "LinearTime": 145.05, "LowerBound": 1262.53, "UpperBound": 1263.8, "SolveResult": 0, "FirstLowerBound": 954.841, "VisitedNodes": 6751}