{"OBBTTime": 9.31445, "rootBTTime": 9.33287, "TotalTime": 3600, "LinearTime": 3307.04, "LowerBound": 4456.13, "UpperBound": 4497.49, "SolveResult": 402, "FirstLowerBound": 3103.56, "VisitedNodes": 11067}