{"OBBTTime": 0.281965, "rootBTTime": 0.283888, "TotalTime": 16.8329, "LinearTime": 12.5584, "LowerBound": 656.097, "UpperBound": 656.734, "SolveResult": 0, "FirstLowerBound": 487.176, "VisitedNodes": 1671}