{"OBBTTime": 0.286644, "rootBTTime": 0.288486, "TotalTime": 3.0313, "LinearTime": 1.92243, "LowerBound": 338.841, "UpperBound": 339.175, "SolveResult": 0, "FirstLowerBound": 250.219, "VisitedNodes": 267}