{"OBBTTime": 0.252463, "rootBTTime": 0.254232, "TotalTime": 0.838962, "LinearTime": 0.357753, "LowerBound": 321.715, "UpperBound": 321.997, "SolveResult": 0, "FirstLowerBound": 299.047, "VisitedNodes": 53}