{"OBBTTime": 9.02213, "rootBTTime": 9.04135, "TotalTime": 3600.08, "LinearTime": 3198.49, "LowerBound": 6121.9, "UpperBound": 6136.55, "SolveResult": 402, "FirstLowerBound": 5004.2, "VisitedNodes": 12083}