{"OBBTTime": 5.22581, "rootBTTime": 5.27519, "TotalTime": 3600.46, "LinearTime": 2189.21, "LowerBound": 11263.9, "UpperBound": 11287.6, "SolveResult": 402, "FirstLowerBound": 9052.54, "VisitedNodes": 8881}