{"OBBTTime": 0.0260861, "rootBTTime": 0.0267739, "TotalTime": 0.0615948, "LinearTime": 0.00130116, "LowerBound": 40.8849, "UpperBound": 40.8849, "SolveResult": 0, "FirstLowerBound": 40.8849, "VisitedNodes": 1}