{"OBBTTime": 0.0502908, "rootBTTime": 0.0510743, "TotalTime": 0.0858511, "LinearTime": 0.00492842, "LowerBound": 103.587, "UpperBound": 103.676, "SolveResult": 0, "FirstLowerBound": 103.482, "VisitedNodes": 3}