{"OBBTTime": 0.0609778, "rootBTTime": 0.0619956, "TotalTime": 1.56721, "LinearTime": 0.870099, "LowerBound": 234.523, "UpperBound": 234.752, "SolveResult": 0, "FirstLowerBound": 215.627, "VisitedNodes": 575}