{"OBBTTime": 0.0458486, "rootBTTime": 0.0467193, "TotalTime": 0.460036, "LinearTime": 0.188469, "LowerBound": 35.39, "UpperBound": 35.4199, "SolveResult": 0, "FirstLowerBound": 27.672, "VisitedNodes": 179}