{"OBBTTime": 0.0672061, "rootBTTime": 0.0681372, "TotalTime": 5.35012, "LinearTime": 3.12955, "LowerBound": 11.5017, "UpperBound": 11.5132, "SolveResult": 0, "FirstLowerBound": -6.98305, "VisitedNodes": 1909}