{"OBBTTime": 0.0642948, "rootBTTime": 0.0651102, "TotalTime": 0.672959, "LinearTime": 0.370066, "LowerBound": 201.859, "UpperBound": 202.056, "SolveResult": 0, "FirstLowerBound": 179.143, "VisitedNodes": 147}