{"OBBTTime": 0.176069, "rootBTTime": 0.176936, "TotalTime": 0.70072, "LinearTime": 0.345809, "LowerBound": 83.5221, "UpperBound": 83.6011, "SolveResult": 0, "FirstLowerBound": 75.4423, "VisitedNodes": 47}