{"OBBTTime": 1.85478, "rootBTTime": 1.85721, "TotalTime": 371.061, "LinearTime": 317.327, "LowerBound": 1704.29, "UpperBound": 1705.96, "SolveResult": 0, "FirstLowerBound": 1008.09, "VisitedNodes": 3477}