{"OBBTTime": 0.0752535, "rootBTTime": 0.0763731, "TotalTime": 0.388783, "LinearTime": 0.164798, "LowerBound": -286.877, "UpperBound": -286.72, "SolveResult": 0, "FirstLowerBound": -312.965, "VisitedNodes": 57}