{"OBBTTime": 8.01489, "rootBTTime": 8.04859, "TotalTime": 2677.11, "LinearTime": 1043.46, "LowerBound": 15472.3, "UpperBound": 15487.8, "SolveResult": 0, "FirstLowerBound": 12367.7, "VisitedNodes": 2265}