{"OBBTTime": 0.170813, "rootBTTime": 0.171745, "TotalTime": 21.2598, "LinearTime": 15.9488, "LowerBound": 70.2294, "UpperBound": 70.2981, "SolveResult": 0, "FirstLowerBound": -105.834, "VisitedNodes": 2045}