{"OBBTTime": 5.40859, "rootBTTime": 5.41413, "TotalTime": 3600.13, "LinearTime": 3155.77, "LowerBound": 2749.86, "UpperBound": 2766.66, "SolveResult": 402, "FirstLowerBound": 1575.98, "VisitedNodes": 11277}