{"OBBTTime": 0.201432, "rootBTTime": 0.204898, "TotalTime": 1.67009, "LinearTime": 1.07398, "LowerBound": 283.418, "UpperBound": 283.659, "SolveResult": 0, "FirstLowerBound": 188.512, "VisitedNodes": 69}