{"OBBTTime": 0.0858275, "rootBTTime": 0.0867061, "TotalTime": 1.9515, "LinearTime": 1.36636, "LowerBound": 90.9635, "UpperBound": 91.0453, "SolveResult": 0, "FirstLowerBound": 55.9054, "VisitedNodes": 213}