{"OBBTTime": 0.161953, "rootBTTime": 0.162663, "TotalTime": 15.7624, "LinearTime": 12.3713, "LowerBound": 349.248, "UpperBound": 349.59, "SolveResult": 0, "FirstLowerBound": 144.333, "VisitedNodes": 1049}