{"OBBTTime": 0.0651353, "rootBTTime": 0.066603, "TotalTime": 1.13519, "LinearTime": 0.731837, "LowerBound": -60.8925, "UpperBound": -60.8582, "SolveResult": 0, "FirstLowerBound": -156.25, "VisitedNodes": 189}