{"OBBTTime": 0.0581348, "rootBTTime": 0.0586951, "TotalTime": 1.24179, "LinearTime": 0.814586, "LowerBound": 206.087, "UpperBound": 206.23, "SolveResult": 0, "FirstLowerBound": 159.388, "VisitedNodes": 221}