{"OBBTTime": 0.0539637, "rootBTTime": 0.0543108, "TotalTime": 0.425575, "LinearTime": 0.197108, "LowerBound": 23.7664, "UpperBound": 23.77, "SolveResult": 0, "FirstLowerBound": 9.59385, "VisitedNodes": 43}