{"OBBTTime": 0.0414483, "rootBTTime": 0.0417807, "TotalTime": 0.451263, "LinearTime": 0.230086, "LowerBound": 116.098, "UpperBound": 116.201, "SolveResult": 0, "FirstLowerBound": 89.6231, "VisitedNodes": 65}