{"OBBTTime": 0.0331479, "rootBTTime": 0.0335251, "TotalTime": 0.367217, "LinearTime": 0.150988, "LowerBound": 51.1444, "UpperBound": 51.1608, "SolveResult": 0, "FirstLowerBound": 37.7817, "VisitedNodes": 67}