{"OBBTTime": 0.0978446, "rootBTTime": 0.101338, "TotalTime": 0.249839, "LinearTime": 0.07427, "LowerBound": 269.408, "UpperBound": 269.623, "SolveResult": 0, "FirstLowerBound": 235.682, "VisitedNodes": 7}