{"OBBTTime": 0.0363497, "rootBTTime": 0.0366888, "TotalTime": 0.431113, "LinearTime": 0.203643, "LowerBound": 220.732, "UpperBound": 220.819, "SolveResult": 0, "FirstLowerBound": 164.048, "VisitedNodes": 63}