{"OBBTTime": 0.109582, "rootBTTime": 0.115265, "TotalTime": 0.752137, "LinearTime": 0.323346, "LowerBound": -181.551, "UpperBound": -181.47, "SolveResult": 0, "FirstLowerBound": -185.949, "VisitedNodes": 61}