{"OBBTTime": 0.0642193, "rootBTTime": 0.0690943, "TotalTime": 0.305008, "LinearTime": 0.0684143, "LowerBound": -2485.54, "UpperBound": -2477.2, "SolveResult": 100, "FirstLowerBound": -3478.93, "VisitedNodes": 13}