{"OBBTTime": 0.324043, "rootBTTime": 0.350415, "TotalTime": 0.694134, "LinearTime": 0.193876, "LowerBound": 709.406, "UpperBound": 754.303, "SolveResult": 100, "FirstLowerBound": 709.406, "VisitedNodes": 3}