{"OBBTTime": 0.267656, "rootBTTime": 0.286374, "TotalTime": 1.80176, "LinearTime": 1.01896, "LowerBound": 446.947, "UpperBound": 447.336, "SolveResult": 0, "FirstLowerBound": 310.696, "VisitedNodes": 29}