{"OBBTTime": 0.0460187, "rootBTTime": 0.057422, "TotalTime": 0.131813, "LinearTime": 0.00930725, "LowerBound": -52.1617, "UpperBound": -52.1463, "SolveResult": 0, "FirstLowerBound": -52.1617, "VisitedNodes": 3}