{"OBBTTime": 0.0057598, "rootBTTime": 0.00587092, "TotalTime": 0.0644687, "LinearTime": 0.00308872, "LowerBound": -17, "UpperBound": -17, "SolveResult": 0, "FirstLowerBound": -18.3182, "VisitedNodes": 13}