{"OBBTTime": 0.0117866, "rootBTTime": 0.0123254, "TotalTime": 0.0366394, "LinearTime": 0.000648967, "LowerBound": -268.015, "UpperBound": -268.015, "SolveResult": 0, "FirstLowerBound": -268.015, "VisitedNodes": 1}