{"OBBTTime": 0.00730124, "rootBTTime": 0.00754368, "TotalTime": 0.0291301, "LinearTime": 0.00105501, "LowerBound": -30665.5, "UpperBound": -30665.5, "SolveResult": 0, "FirstLowerBound": -30670.4, "VisitedNodes": 3}