{"OBBTTime": 0.0116533, "rootBTTime": 0.011894, "TotalTime": 126.852, "LinearTime": 54.5359, "LowerBound": 7042.2, "UpperBound": 7049.25, "SolveResult": 0, "FirstLowerBound": 2870.93, "VisitedNodes": 181485}