{"OBBTTime": 0.00383596, "rootBTTime": 0.00391189, "TotalTime": 0.109231, "LinearTime": 0.00653041, "LowerBound": -7.47505, "UpperBound": -7.47505, "SolveResult": 0, "FirstLowerBound": -322096, "VisitedNodes": 21}