{"OBBTTime": 0.00574114, "rootBTTime": 0.00605195, "TotalTime": 0.0268246, "LinearTime": 0.00095489, "LowerBound": -16.7425, "UpperBound": -16.7389, "SolveResult": 0, "FirstLowerBound": -16.7453, "VisitedNodes": 3}