{"OBBTTime": 0.00381821, "rootBTTime": 0.00387775, "TotalTime": 0.105035, "LinearTime": 0.00549331, "LowerBound": -8.34216e-05, "UpperBound": 2.49631e-06, "SolveResult": 0, "FirstLowerBound": -875, "VisitedNodes": 27}