{"OBBTTime": 0.0104049, "rootBTTime": 0.0106394, "TotalTime": 7.14786, "LinearTime": 3.12, "LowerBound": 7504.72, "UpperBound": 7512.23, "SolveResult": 0, "FirstLowerBound": 3125.89, "VisitedNodes": 10717}