{"OBBTTime": 0.00938992, "rootBTTime": 0.00962133, "TotalTime": 0.0403946, "LinearTime": 0.0013275, "LowerBound": -750, "UpperBound": -750, "SolveResult": 0, "FirstLowerBound": -846.244, "VisitedNodes": 3}