{"OBBTTime": 0.0565997, "rootBTTime": 0.0576795, "TotalTime": 3600, "LinearTime": 2274.06, "LowerBound": 0.545617, "UpperBound": 0.618573, "SolveResult": 402, "FirstLowerBound": -3.44694, "VisitedNodes": 2503785}