{"OBBTTime": 0.837408, "rootBTTime": 0.841192, "TotalTime": 3599.84, "LinearTime": 2521.01, "LowerBound": -10, "UpperBound": -0.0691196, "SolveResult": 402, "FirstLowerBound": -10, "VisitedNodes": 464999}