{"OBBTTime": 0.254447, "rootBTTime": 0.256327, "TotalTime": 3600, "LinearTime": 3120.23, "LowerBound": -1.36639, "UpperBound": 0.485152, "SolveResult": 402, "FirstLowerBound": -3.33333, "VisitedNodes": 564609}