{"OBBTTime": 0.116549, "rootBTTime": 0.117805, "TotalTime": 26.5747, "LinearTime": 13.3858, "LowerBound": 0.213604, "UpperBound": 0.214602, "SolveResult": 0, "FirstLowerBound": 0, "VisitedNodes": 10671}