{"OBBTTime": 0.0281141, "rootBTTime": 0.0293721, "TotalTime": 3.05786, "LinearTime": 1.73595, "LowerBound": 5.11612, "UpperBound": 5.11612, "SolveResult": 0, "FirstLowerBound": 0, "VisitedNodes": 1875}