{"OBBTTime": 0.129057, "rootBTTime": 0.13091, "TotalTime": 0.228618, "LinearTime": 0.00402053, "LowerBound": 0.199602, "UpperBound": 0.199602, "SolveResult": 0, "FirstLowerBound": 0.199602, "VisitedNodes": 3}