{"OBBTTime": 0.126928, "rootBTTime": 0.12878, "TotalTime": 113.449, "LinearTime": 53.8237, "LowerBound": 0.338602, "UpperBound": 0.339602, "SolveResult": 0, "FirstLowerBound": 0, "VisitedNodes": 43353}