{"OBBTTime": 0.0429842, "rootBTTime": 0.0444199, "TotalTime": 3.13516, "LinearTime": 1.59738, "LowerBound": 1.28761, "UpperBound": 1.28761, "SolveResult": 0, "FirstLowerBound": 0, "VisitedNodes": 1171}