{"OBBTTime": 0.0131625, "rootBTTime": 0.0138118, "TotalTime": 0.228793, "LinearTime": 0.0584223, "LowerBound": 0.643303, "UpperBound": 0.643806, "SolveResult": 0, "FirstLowerBound": 0, "VisitedNodes": 119}