{"OBBTTime": 0.102445, "rootBTTime": 0.107689, "TotalTime": 3609.47, "LinearTime": 2323.26, "LowerBound": 13.3399, "UpperBound": 13.3504, "SolveResult": 402, "FirstLowerBound": 0, "VisitedNodes": 977299}