{"OBBTTime": 0.0581718, "rootBTTime": 0.0601183, "TotalTime": 23.5326, "LinearTime": 14.2058, "LowerBound": 1.96437, "UpperBound": 1.96631, "SolveResult": 0, "FirstLowerBound": 0, "VisitedNodes": 8075}