{"OBBTTime": 0.0572766, "rootBTTime": 0.0592099, "TotalTime": 1402.55, "LinearTime": 895.824, "LowerBound": 1.50213, "UpperBound": 1.50213, "SolveResult": 0, "FirstLowerBound": 0, "VisitedNodes": 495525}