{"OBBTTime": 0.0556153, "rootBTTime": 0.0586939, "TotalTime": 344.53, "LinearTime": 216.763, "LowerBound": 1.97348, "UpperBound": 1.97348, "SolveResult": 0, "FirstLowerBound": 0, "VisitedNodes": 120639}