{"OBBTTime": 0.0173359, "rootBTTime": 0.017976, "TotalTime": 0.153239, "LinearTime": 0.0127923, "LowerBound": 0.858407, "UpperBound": 0.858407, "SolveResult": 0, "FirstLowerBound": 0, "VisitedNodes": 21}