{"OBBTTime": 0.0445519, "rootBTTime": 0.0475095, "TotalTime": 15.6907, "LinearTime": 6.36589, "LowerBound": 7.78012, "UpperBound": 7.78789, "SolveResult": 0, "FirstLowerBound": 0, "VisitedNodes": 4925}