{"OBBTTime": 0.0274383, "rootBTTime": 0.0287359, "TotalTime": 12.9486, "LinearTime": 7.47758, "LowerBound": 5.11599, "UpperBound": 5.11618, "SolveResult": 0, "FirstLowerBound": 0, "VisitedNodes": 8191}