{"OBBTTime": 0.0953987, "rootBTTime": 0.0964335, "TotalTime": 18.5341, "LinearTime": 8.83173, "LowerBound": 0.338602, "UpperBound": 0.339602, "SolveResult": 0, "FirstLowerBound": 0, "VisitedNodes": 7751}