{"OBBTTime": 1.16752, "rootBTTime": 1.18234, "TotalTime": 3600.02, "LinearTime": 3179.81, "LowerBound": 0.134644, "UpperBound": 0.759315, "SolveResult": 402, "FirstLowerBound": 0, "VisitedNodes": 150035}