{"OBBTTime": 0.0144474, "rootBTTime": 0.0147477, "TotalTime": 0.0542261, "LinearTime": 0.00159682, "LowerBound": -450, "UpperBound": -450, "SolveResult": 0, "FirstLowerBound": -467.023, "VisitedNodes": 3}