{"OBBTTime": 0.104823, "rootBTTime": 0.111016, "TotalTime": 4.16952, "LinearTime": 0.309629, "LowerBound": -550.296, "UpperBound": -549.803, "SolveResult": 0, "FirstLowerBound": -574.783, "VisitedNodes": 215}