{"OBBTTime": 0.129843, "rootBTTime": 0.131411, "TotalTime": 0.867113, "LinearTime": 0.0291487, "LowerBound": -4395.13, "UpperBound": -4391.83, "SolveResult": 0, "FirstLowerBound": -5528.25, "VisitedNodes": 21}