{"OBBTTime": 0.0589611, "rootBTTime": 0.0611126, "TotalTime": 2.63645, "LinearTime": 0.185553, "LowerBound": -550.349, "UpperBound": -549.803, "SolveResult": 0, "FirstLowerBound": -837.688, "VisitedNodes": 193}