{"OBBTTime": 0.0137411, "rootBTTime": 0.0140684, "TotalTime": 0.137771, "LinearTime": 0.0053532, "LowerBound": -600.001, "UpperBound": -600, "SolveResult": 0, "FirstLowerBound": -1000, "VisitedNodes": 11}