{"OBBTTime": 0.0238961, "rootBTTime": 0.0243344, "TotalTime": 0.226919, "LinearTime": 0.00714343, "LowerBound": -450, "UpperBound": -450, "SolveResult": 0, "FirstLowerBound": -466.637, "VisitedNodes": 11}