{"OBBTTime": 0.264565, "rootBTTime": 0.271442, "TotalTime": 2.63526, "LinearTime": 0.541781, "LowerBound": -561.481, "UpperBound": -561.045, "SolveResult": 0, "FirstLowerBound": -574.783, "VisitedNodes": 277}