{"OBBTTime": 0.0662923, "rootBTTime": 0.0687773, "TotalTime": 4.88963, "LinearTime": 0.186214, "LowerBound": -550.291, "UpperBound": -549.803, "SolveResult": 0, "FirstLowerBound": -852.157, "VisitedNodes": 159}