{"OBBTTime": 0.0634286, "rootBTTime": 0.0687004, "TotalTime": 0.716412, "LinearTime": 0.171378, "LowerBound": -550.333, "UpperBound": -549.803, "SolveResult": 0, "FirstLowerBound": -569.882, "VisitedNodes": 171}