{"OBBTTime": 0.0714499, "rootBTTime": 0.0727454, "TotalTime": 0.354501, "LinearTime": 0.0266765, "LowerBound": -4395.13, "UpperBound": -4391.83, "SolveResult": 0, "FirstLowerBound": -5528.25, "VisitedNodes": 27}