{"OBBTTime": 0.00399394, "rootBTTime": 0.00426708, "TotalTime": 0.025299, "LinearTime": 0.000340782, "LowerBound": 1.17712, "UpperBound": 1.17712, "SolveResult": 0, "FirstLowerBound": 1.17712, "VisitedNodes": 1}