{"OBBTTime": 0.00489164, "rootBTTime": 0.00498659, "TotalTime": 1.4915, "LinearTime": 0.526776, "LowerBound": -8.94569e-05, "UpperBound": -8.94569e-05, "SolveResult": 0, "FirstLowerBound": -100, "VisitedNodes": 1771}