{"OBBTTime": 0.00453647, "rootBTTime": 0.00462948, "TotalTime": 2.19728, "LinearTime": 0.739657, "LowerBound": -0.000704054, "UpperBound": 2.32831e-10, "SolveResult": 0, "FirstLowerBound": -353621, "VisitedNodes": 3025}