{"OBBTTime": 0.0100446, "rootBTTime": 0.0104768, "TotalTime": 0.0417725, "LinearTime": 0.000800482, "LowerBound": -45.3797, "UpperBound": -45.3797, "SolveResult": 0, "FirstLowerBound": -45.3797, "VisitedNodes": 1}