{"OBBTTime": 0.00896382, "rootBTTime": 0.00912457, "TotalTime": 0.0655573, "LinearTime": 0.00135245, "LowerBound": -70262.1, "UpperBound": -70262.1, "SolveResult": 0, "FirstLowerBound": -72700.1, "VisitedNodes": 5}