{"OBBTTime": 0.0101867, "rootBTTime": 0.0113472, "TotalTime": 0.0381243, "LinearTime": 0.000779636, "LowerBound": -42.9626, "UpperBound": -42.9626, "SolveResult": 0, "FirstLowerBound": -42.9626, "VisitedNodes": 1}