{"OBBTTime": 0.00396131, "rootBTTime": 0.00404213, "TotalTime": 0.205706, "LinearTime": 0.0232699, "LowerBound": -12.501, "UpperBound": -12.4999, "SolveResult": 0, "FirstLowerBound": -18, "VisitedNodes": 117}