{"OBBTTime": 0.00620764, "rootBTTime": 0.00634502, "TotalTime": 0.0436166, "LinearTime": 0.00147197, "LowerBound": -2.82843, "UpperBound": -2.82843, "SolveResult": 0, "FirstLowerBound": -2.89599, "VisitedNodes": 7}