{"OBBTTime": 0.00398351, "rootBTTime": 0.00423614, "TotalTime": 0.0263535, "LinearTime": 0.000183846, "LowerBound": -185.779, "UpperBound": -185.779, "SolveResult": 0, "FirstLowerBound": -185.779, "VisitedNodes": 1}