{"OBBTTime": 0.00499174, "rootBTTime": 0.00511389, "TotalTime": 0.0441677, "LinearTime": 0.00155236, "LowerBound": 0.741782, "UpperBound": 0.741782, "SolveResult": 0, "FirstLowerBound": 0.531737, "VisitedNodes": 7}