{"OBBTTime": 0.00420422, "rootBTTime": 0.00468166, "TotalTime": 0.0261538, "LinearTime": 0.000183173, "LowerBound": 2.99995, "UpperBound": 3, "SolveResult": 0, "FirstLowerBound": 2.99995, "VisitedNodes": 1}