{"OBBTTime": 0.00696026, "rootBTTime": 0.00704975, "TotalTime": 0.0773845, "LinearTime": 0.00672391, "LowerBound": -118.786, "UpperBound": -118.705, "SolveResult": 0, "FirstLowerBound": -3053.59, "VisitedNodes": 25}