{"OBBTTime": 0.00569653, "rootBTTime": 0.00583739, "TotalTime": 0.243853, "LinearTime": 0.0606668, "LowerBound": 7042.21, "UpperBound": 7049.25, "SolveResult": 0, "FirstLowerBound": 5383.17, "VisitedNodes": 271}