{"OBBTTime": 0.0204169, "rootBTTime": 0.0212269, "TotalTime": 0.166511, "LinearTime": 0.036597, "LowerBound": -1195.3, "UpperBound": -1195.23, "SolveResult": 0, "FirstLowerBound": -2937.72, "VisitedNodes": 33}