{"OBBTTime": 0.0196926, "rootBTTime": 0.0204943, "TotalTime": 0.152571, "LinearTime": 0.0305106, "LowerBound": -621.534, "UpperBound": -621.488, "SolveResult": 0, "FirstLowerBound": -1467.02, "VisitedNodes": 27}