{"OBBTTime": 0.0115085, "rootBTTime": 0.0119951, "TotalTime": 0.107635, "LinearTime": 0.00946615, "LowerBound": -795.009, "UpperBound": -794.856, "SolveResult": 0, "FirstLowerBound": -830.676, "VisitedNodes": 23}