{"OBBTTime": 0.0209898, "rootBTTime": 0.0218136, "TotalTime": 0.112906, "LinearTime": 0.00720279, "LowerBound": 130.698, "UpperBound": 130.703, "SolveResult": 0, "FirstLowerBound": 84.8404, "VisitedNodes": 11}