{"OBBTTime": 3.39876, "rootBTTime": 3.43644, "TotalTime": 3599.65, "LinearTime": 1349.26, "LowerBound": 1359.21, "UpperBound": 2127.12, "SolveResult": 402, "FirstLowerBound": 1024.8, "VisitedNodes": 206249}