{"OBBTTime": 1.23721, "rootBTTime": 1.25349, "TotalTime": 3600, "LinearTime": 2011.78, "LowerBound": 1105.15, "UpperBound": 1201.04, "SolveResult": 402, "FirstLowerBound": 648, "VisitedNodes": 424767}