{"OBBTTime": 0.264422, "rootBTTime": 0.27059, "TotalTime": 3600.01, "LinearTime": 2426.57, "LowerBound": 455.846, "UpperBound": 513.001, "SolveResult": 402, "FirstLowerBound": 213.266, "VisitedNodes": 714339}