{"OBBTTime": 0.707906, "rootBTTime": 0.725306, "TotalTime": 3600.01, "LinearTime": 1544.16, "LowerBound": 100.098, "UpperBound": 179769000000000000000000000000000000000000000000000000000000000000000000000000000000000000000000000000000000000000000000000000000000000000000000000000000000000000000000000000000000000000000000000000000000000000000000000000000000000000000000000000000000000000000000000000000000000000000000000000000000000000000, "SolveResult": 402, "FirstLowerBound": 99.8976, "VisitedNodes": 389031}