{"OBBTTime": 1.74439, "rootBTTime": 1.77622, "TotalTime": 3600.04, "LinearTime": 1833.59, "LowerBound": 375.571, "UpperBound": 513.001, "SolveResult": 402, "FirstLowerBound": 337.735, "VisitedNodes": 282199}