{"OBBTTime": 1.29385, "rootBTTime": 1.33631, "TotalTime": 3600.01, "LinearTime": 2299.25, "LowerBound": 318.975, "UpperBound": 323.682, "SolveResult": 402, "FirstLowerBound": 250.114, "VisitedNodes": 152505}