{"OBBTTime": 0.301508, "rootBTTime": 0.309008, "TotalTime": 3600, "LinearTime": 2443.13, "LowerBound": 156.103, "UpperBound": 157.094, "SolveResult": 402, "FirstLowerBound": 139.511, "VisitedNodes": 553079}