{"OBBTTime": 0.0828049, "rootBTTime": 0.0849097, "TotalTime": 3600, "LinearTime": 2391.36, "LowerBound": 86.6714, "UpperBound": 86.8333, "SolveResult": 402, "FirstLowerBound": 69.1544, "VisitedNodes": 1122073}