{"OBBTTime": 0.228441, "rootBTTime": 0.234332, "TotalTime": 2751.9, "LinearTime": 1560.23, "LowerBound": 104.781, "UpperBound": 104.886, "SolveResult": 0, "FirstLowerBound": 85.5094, "VisitedNodes": 397079}