{"OBBTTime": 0.503893, "rootBTTime": 0.521109, "TotalTime": 10.1964, "LinearTime": 4.48761, "LowerBound": 164.325, "UpperBound": 164.49, "SolveResult": 0, "FirstLowerBound": 133.033, "VisitedNodes": 921}