{"OBBTTime": 6.49727, "rootBTTime": 6.51896, "TotalTime": 3600.28, "LinearTime": 786.11, "LowerBound": -95.4977, "UpperBound": -6.38601, "SolveResult": 402, "FirstLowerBound": -146.392, "VisitedNodes": 16507}