{"OBBTTime": 4.09693, "rootBTTime": 4.18769, "TotalTime": 3600.01, "LinearTime": 2019.98, "LowerBound": -59.1056, "UpperBound": -37.8535, "SolveResult": 402, "FirstLowerBound": -78.7596, "VisitedNodes": 33149}