{"OBBTTime": 3.36236, "rootBTTime": 3.57844, "TotalTime": 3600.03, "LinearTime": 2281.96, "LowerBound": -94.2544, "UpperBound": -57.2467, "SolveResult": 402, "FirstLowerBound": -140.358, "VisitedNodes": 18767}