{"OBBTTime": 0.935368, "rootBTTime": 1.07732, "TotalTime": 3600.02, "LinearTime": 1633.93, "LowerBound": -11.5927, "UpperBound": -8.30138, "SolveResult": 402, "FirstLowerBound": -18.1057, "VisitedNodes": 45523}