{"OBBTTime": 0.714343, "rootBTTime": 0.840096, "TotalTime": 1324.95, "LinearTime": 437.46, "LowerBound": -35.9519, "UpperBound": -35.9161, "SolveResult": 0, "FirstLowerBound": -57.575, "VisitedNodes": 22547}