{"OBBTTime": 2.96217, "rootBTTime": 3.24873, "TotalTime": 3600.04, "LinearTime": 1569.71, "LowerBound": -44.8398, "UpperBound": -38.3101, "SolveResult": 402, "FirstLowerBound": -62.18, "VisitedNodes": 24213}