{"OBBTTime": 0.633371, "rootBTTime": 0.688808, "TotalTime": 3599.74, "LinearTime": 1800.65, "LowerBound": 6.04876, "UpperBound": 179769000000000000000000000000000000000000000000000000000000000000000000000000000000000000000000000000000000000000000000000000000000000000000000000000000000000000000000000000000000000000000000000000000000000000000000000000000000000000000000000000000000000000000000000000000000000000000000000000000000000000000, "SolveResult": 402, "FirstLowerBound": 5, "VisitedNodes": 104823}