{"OBBTTime": 1.33926, "rootBTTime": 1.35392, "TotalTime": 3599.98, "LinearTime": 2260.64, "LowerBound": 1002.59, "UpperBound": 1201.04, "SolveResult": 402, "FirstLowerBound": 648, "VisitedNodes": 444339}