{"OBBTTime": 0.208236, "rootBTTime": 0.233714, "TotalTime": 3600.04, "LinearTime": 1591.39, "LowerBound": 4.73023, "UpperBound": 179769000000000000000000000000000000000000000000000000000000000000000000000000000000000000000000000000000000000000000000000000000000000000000000000000000000000000000000000000000000000000000000000000000000000000000000000000000000000000000000000000000000000000000000000000000000000000000000000000000000000000000, "SolveResult": 402, "FirstLowerBound": 2.36788, "VisitedNodes": 223835}