{"OBBTTime": 1.72574, "rootBTTime": 1.75732, "TotalTime": 3594.72, "LinearTime": 1828.23, "LowerBound": 376.077, "UpperBound": 513.001, "SolveResult": 402, "FirstLowerBound": 337.735, "VisitedNodes": 284999}