{"OBBTTime": 0.612069, "rootBTTime": 0.667394, "TotalTime": 3600.04, "LinearTime": 1745.06, "LowerBound": 5.75604, "UpperBound": 11.9187, "SolveResult": 402, "FirstLowerBound": 5, "VisitedNodes": 108647}