{"OBBTTime": 1.75595, "rootBTTime": 1.79567, "TotalTime": 3600.01, "LinearTime": 2123.2, "LowerBound": 394.344, "UpperBound": 403.196, "SolveResult": 402, "FirstLowerBound": 375.079, "VisitedNodes": 142819}