{"OBBTTime": 0.278555, "rootBTTime": 6.30198, "TotalTime": 3600.22, "LinearTime": 1965.26, "LowerBound": -8084520.0, "UpperBound": 179769000000000000000000000000000000000000000000000000000000000000000000000000000000000000000000000000000000000000000000000000000000000000000000000000000000000000000000000000000000000000000000000000000000000000000000000000000000000000000000000000000000000000000000000000000000000000000000000000000000000000000, "SolveResult": 402, "FirstLowerBound": -15598300.0, "VisitedNodes": 1619}