{"OBBTTime": 0.0489557, "rootBTTime": 0.0503759, "TotalTime": 0.0854972, "LinearTime": 0.00122122, "LowerBound": 121.834, "UpperBound": 121.834, "SolveResult": 0, "FirstLowerBound": 121.834, "VisitedNodes": 1}