{"OBBTTime": 0.0573472, "rootBTTime": 0.0590979, "TotalTime": 0.0992518, "LinearTime": 0.00272926, "LowerBound": 175.407, "UpperBound": 175.407, "SolveResult": 0, "FirstLowerBound": 175.407, "VisitedNodes": 3}