{"OBBTTime": 0.109151, "rootBTTime": 0.111371, "TotalTime": 0.262779, "LinearTime": 0.0375949, "LowerBound": 389.789, "UpperBound": 390.178, "SolveResult": 0, "FirstLowerBound": 386.275, "VisitedNodes": 27}