{"OBBTTime": 0.0991768, "rootBTTime": 0.101108, "TotalTime": 0.168403, "LinearTime": 0.00896793, "LowerBound": 184.939, "UpperBound": 185.07, "SolveResult": 0, "FirstLowerBound": 183.779, "VisitedNodes": 7}