{"OBBTTime": 0.204974, "rootBTTime": 0.20846, "TotalTime": 41.6044, "LinearTime": 26.0071, "LowerBound": 387.12, "UpperBound": 387.507, "SolveResult": 0, "FirstLowerBound": 337.052, "VisitedNodes": 8779}