{"OBBTTime": 3.20559, "rootBTTime": 3.22902, "TotalTime": 3600.08, "LinearTime": 3057.51, "LowerBound": 3255.89, "UpperBound": 3435.05, "SolveResult": 402, "FirstLowerBound": 2272.25, "VisitedNodes": 51403}