{"OBBTTime": 0.133871, "rootBTTime": 0.136728, "TotalTime": 0.936173, "LinearTime": 0.368826, "LowerBound": 335.626, "UpperBound": 335.962, "SolveResult": 0, "FirstLowerBound": 326.4, "VisitedNodes": 233}