{"OBBTTime": 0.123713, "rootBTTime": 0.125962, "TotalTime": 0.467941, "LinearTime": 0.130487, "LowerBound": 96.5687, "UpperBound": 96.6548, "SolveResult": 0, "FirstLowerBound": 94.0535, "VisitedNodes": 91}