{"OBBTTime": 0.0315137, "rootBTTime": 0.0325761, "TotalTime": 0.0626297, "LinearTime": 0.000758786, "LowerBound": 88.4854, "UpperBound": 88.4854, "SolveResult": 0, "FirstLowerBound": 88.4854, "VisitedNodes": 1}