{"OBBTTime": 3.10374, "rootBTTime": 3.12472, "TotalTime": 884.027, "LinearTime": 687.765, "LowerBound": 3109.53, "UpperBound": 3112.64, "SolveResult": 0, "FirstLowerBound": 2397.75, "VisitedNodes": 13367}