{"OBBTTime": 0.081538, "rootBTTime": 0.0839151, "TotalTime": 0.50281, "LinearTime": 0.136411, "LowerBound": 135.935, "UpperBound": 136.07, "SolveResult": 0, "FirstLowerBound": 130.396, "VisitedNodes": 155}