{"OBBTTime": 1.19523, "rootBTTime": 1.20611, "TotalTime": 3600.01, "LinearTime": 2889, "LowerBound": 2065.55, "UpperBound": 2086.45, "SolveResult": 402, "FirstLowerBound": 1610.07, "VisitedNodes": 143577}