{"OBBTTime": 4.95584, "rootBTTime": 5.00157, "TotalTime": 2674.32, "LinearTime": 1833.44, "LowerBound": 11545.6, "UpperBound": 11557.2, "SolveResult": 0, "FirstLowerBound": 9060.48, "VisitedNodes": 6981}