{"OBBTTime": 0.0393144, "rootBTTime": 0.0402322, "TotalTime": 0.0828352, "LinearTime": 0.00504254, "LowerBound": -2.50177, "UpperBound": -2.50177, "SolveResult": 0, "FirstLowerBound": -2.83544, "VisitedNodes": 5}