{"OBBTTime": 0.788794, "rootBTTime": 0.791805, "TotalTime": 17.6314, "LinearTime": 14.069, "LowerBound": 1024.81, "UpperBound": 1025.84, "SolveResult": 0, "FirstLowerBound": 913.471, "VisitedNodes": 631}