{"OBBTTime": 8.27037, "rootBTTime": 8.28925, "TotalTime": 3600.13, "LinearTime": 3314.16, "LowerBound": 5374.59, "UpperBound": 5407, "SolveResult": 402, "FirstLowerBound": 4652.03, "VisitedNodes": 10865}