{"OBBTTime": 8.98836, "rootBTTime": 9.00685, "TotalTime": 3600.05, "LinearTime": 3268.92, "LowerBound": 5554.21, "UpperBound": 5619.98, "SolveResult": 402, "FirstLowerBound": 4479.29, "VisitedNodes": 11363}