{"OBBTTime": 5.45054, "rootBTTime": 5.49652, "TotalTime": 3600.31, "LinearTime": 2514.96, "LowerBound": 11942.3, "UpperBound": 12103.7, "SolveResult": 402, "FirstLowerBound": 9191.35, "VisitedNodes": 10287}