{"OBBTTime": 0.777243, "rootBTTime": 0.780272, "TotalTime": 86.5112, "LinearTime": 73.2286, "LowerBound": 1048.14, "UpperBound": 1049.19, "SolveResult": 0, "FirstLowerBound": 766.269, "VisitedNodes": 2973}