{"OBBTTime": 0.740639, "rootBTTime": 0.743907, "TotalTime": 189.119, "LinearTime": 153.287, "LowerBound": 1176.69, "UpperBound": 1177.87, "SolveResult": 0, "FirstLowerBound": 654.853, "VisitedNodes": 7175}