{"OBBTTime": 0.305526, "rootBTTime": 0.307503, "TotalTime": 3.03585, "LinearTime": 2.01693, "LowerBound": 233.808, "UpperBound": 233.986, "SolveResult": 0, "FirstLowerBound": 102.364, "VisitedNodes": 255}