{"OBBTTime": 0.343643, "rootBTTime": 0.345781, "TotalTime": 117.207, "LinearTime": 91.3915, "LowerBound": 706.477, "UpperBound": 707.183, "SolveResult": 0, "FirstLowerBound": 530.887, "VisitedNodes": 10091}