{"OBBTTime": 0.0363028, "rootBTTime": 0.0371204, "TotalTime": 0.0734525, "LinearTime": 0.00343559, "LowerBound": 138.006, "UpperBound": 138.006, "SolveResult": 0, "FirstLowerBound": 138.004, "VisitedNodes": 3}