{"OBBTTime": 4.92154, "rootBTTime": 4.96761, "TotalTime": 3600.53, "LinearTime": 1961.8, "LowerBound": 10630.4, "UpperBound": 10642.1, "SolveResult": 402, "FirstLowerBound": 8940.4, "VisitedNodes": 7407}