{"OBBTTime": 0.0666196, "rootBTTime": 0.0678153, "TotalTime": 9.25672, "LinearTime": 6.13402, "LowerBound": 304.726, "UpperBound": 305.031, "SolveResult": 0, "FirstLowerBound": 228.352, "VisitedNodes": 3503}