{"OBBTTime": 0.044127, "rootBTTime": 0.0452935, "TotalTime": 0.179395, "LinearTime": 0.0314896, "LowerBound": 128.365, "UpperBound": 128.479, "SolveResult": 0, "FirstLowerBound": 125.536, "VisitedNodes": 31}