{"OBBTTime": 0.167996, "rootBTTime": 0.168872, "TotalTime": 1.96487, "LinearTime": 1.35157, "LowerBound": 73.1324, "UpperBound": 73.1801, "SolveResult": 0, "FirstLowerBound": 26.5907, "VisitedNodes": 169}