{"OBBTTime": 0.0619396, "rootBTTime": 0.0631159, "TotalTime": 0.143688, "LinearTime": 0.0204979, "LowerBound": 25.0473, "UpperBound": 25.0912, "SolveResult": 100, "FirstLowerBound": 25.0066, "VisitedNodes": 7}