{"OBBTTime": 1.89204, "rootBTTime": 1.89464, "TotalTime": 285.646, "LinearTime": 238.568, "LowerBound": 1213.87, "UpperBound": 1215.08, "SolveResult": 0, "FirstLowerBound": 577.545, "VisitedNodes": 3139}