{"OBBTTime": 0.145514, "rootBTTime": 0.146347, "TotalTime": 14.294, "LinearTime": 10.9547, "LowerBound": 179.118, "UpperBound": 179.291, "SolveResult": 0, "FirstLowerBound": 15.4225, "VisitedNodes": 1519}