{"OBBTTime": 0.0534036, "rootBTTime": 0.0541535, "TotalTime": 0.626145, "LinearTime": 0.325166, "LowerBound": 85.1857, "UpperBound": 85.2595, "SolveResult": 0, "FirstLowerBound": 67.0544, "VisitedNodes": 153}