{"OBBTTime": 0.0973593, "rootBTTime": 0.0980442, "TotalTime": 0.191669, "LinearTime": 0.0285381, "LowerBound": -30.2893, "UpperBound": -30.2893, "SolveResult": 0, "FirstLowerBound": -32.2531, "VisitedNodes": 7}