{"OBBTTime": 8.78828, "rootBTTime": 8.82234, "TotalTime": 3600.12, "LinearTime": 1663.9, "LowerBound": 12916.6, "UpperBound": 12944.4, "SolveResult": 402, "FirstLowerBound": 10495.8, "VisitedNodes": 4005}