{"OBBTTime": 5.68318, "rootBTTime": 5.68874, "TotalTime": 734.086, "LinearTime": 644.525, "LowerBound": 3272.45, "UpperBound": 3275.72, "SolveResult": 0, "FirstLowerBound": 2485.53, "VisitedNodes": 2651}