{"OBBTTime": 1.93317, "rootBTTime": 1.93559, "TotalTime": 206.476, "LinearTime": 173.304, "LowerBound": 953.642, "UpperBound": 954.594, "SolveResult": 0, "FirstLowerBound": 374.398, "VisitedNodes": 2063}