{"OBBTTime": 0.0558592, "rootBTTime": 0.0562859, "TotalTime": 0.487737, "LinearTime": 0.233381, "LowerBound": 64.3664, "UpperBound": 64.4017, "SolveResult": 0, "FirstLowerBound": 58.9802, "VisitedNodes": 67}