{"OBBTTime": 0.100139, "rootBTTime": 0.102132, "TotalTime": 1.25389, "LinearTime": 0.811526, "LowerBound": 141.159, "UpperBound": 141.287, "SolveResult": 0, "FirstLowerBound": 105.957, "VisitedNodes": 121}