{"OBBTTime": 0.177226, "rootBTTime": 0.177839, "TotalTime": 1.23088, "LinearTime": 0.767482, "LowerBound": 216.949, "UpperBound": 217.109, "SolveResult": 0, "FirstLowerBound": 148.701, "VisitedNodes": 61}