{"OBBTTime": 0.0479062, "rootBTTime": 0.048699, "TotalTime": 0.354655, "LinearTime": 0.16242, "LowerBound": 190.404, "UpperBound": 190.554, "SolveResult": 0, "FirstLowerBound": 168.171, "VisitedNodes": 47}