{"OBBTTime": 0.153685, "rootBTTime": 0.156867, "TotalTime": 0.254186, "LinearTime": 0.0392092, "LowerBound": -533.903, "UpperBound": -533.805, "SolveResult": 0, "FirstLowerBound": -534.019, "VisitedNodes": 3}