{"OBBTTime": 0.0776224, "rootBTTime": 0.0798399, "TotalTime": 0.226751, "LinearTime": 0.0570599, "LowerBound": 85.3687, "UpperBound": 85.3687, "SolveResult": 0, "FirstLowerBound": 79.7814, "VisitedNodes": 9}