{"OBBTTime": 0.113835, "rootBTTime": 0.11737, "TotalTime": 0.694332, "LinearTime": 0.343198, "LowerBound": 252.884, "UpperBound": 253.099, "SolveResult": 0, "FirstLowerBound": 191.264, "VisitedNodes": 35}