{"OBBTTime": 0.0292847, "rootBTTime": 0.0298368, "TotalTime": 0.0779017, "LinearTime": 0.00875147, "LowerBound": 144.536, "UpperBound": 144.557, "SolveResult": 0, "FirstLowerBound": 141.743, "VisitedNodes": 3}