{"OBBTTime": 0.092817, "rootBTTime": 0.0932144, "TotalTime": 2.22878, "LinearTime": 1.18906, "LowerBound": 88.9887, "UpperBound": 89.0765, "SolveResult": 0, "FirstLowerBound": -233.755, "VisitedNodes": 133}