{"OBBTTime": 0.15825, "rootBTTime": 0.158684, "TotalTime": 6.18216, "LinearTime": 4.22354, "LowerBound": 565.252, "UpperBound": 565.762, "SolveResult": 0, "FirstLowerBound": 271.948, "VisitedNodes": 205}