{"OBBTTime": 0.0746078, "rootBTTime": 0.0827121, "TotalTime": 2.24998, "LinearTime": 0.620751, "LowerBound": 727.715, "UpperBound": 728.332, "SolveResult": 0, "FirstLowerBound": 719.253, "VisitedNodes": 191}