{"OBBTTime": 0.0409906, "rootBTTime": 0.04379, "TotalTime": 0.415243, "LinearTime": 0.131381, "LowerBound": 231.448, "UpperBound": 231.604, "SolveResult": 0, "FirstLowerBound": 187.462, "VisitedNodes": 39}