{"OBBTTime": 0.109002, "rootBTTime": 0.112547, "TotalTime": 3.74693, "LinearTime": 2.47797, "LowerBound": 349.605, "UpperBound": 349.925, "SolveResult": 0, "FirstLowerBound": 210.277, "VisitedNodes": 197}