{"OBBTTime": 0.0796148, "rootBTTime": 0.0816435, "TotalTime": 0.708522, "LinearTime": 0.307832, "LowerBound": 57.7218, "UpperBound": 57.7218, "SolveResult": 0, "FirstLowerBound": 36.639, "VisitedNodes": 37}