{"OBBTTime": 0.0308904, "rootBTTime": 0.0317118, "TotalTime": 0.158495, "LinearTime": 0.0203794, "LowerBound": 15625, "UpperBound": 15639, "SolveResult": 0, "FirstLowerBound": 14438.6, "VisitedNodes": 39}