{"OBBTTime": 0.00391759, "rootBTTime": 0.00399575, "TotalTime": 0.135515, "LinearTime": 0.00767418, "LowerBound": 10.4655, "UpperBound": 10.4655, "SolveResult": 0, "FirstLowerBound": -17385, "VisitedNodes": 23}