{"OBBTTime": 0.00335401, "rootBTTime": 0.00341892, "TotalTime": 0.0709621, "LinearTime": 0.00329025, "LowerBound": -443.711, "UpperBound": -443.652, "SolveResult": 0, "FirstLowerBound": -3001, "VisitedNodes": 13}