{"OBBTTime": 0.00413311, "rootBTTime": 0.00426935, "TotalTime": 0.0251813, "LinearTime": 0.000843096, "LowerBound": -5.50801, "UpperBound": -5.50801, "SolveResult": 0, "FirstLowerBound": -5.70114, "VisitedNodes": 3}