{"OBBTTime": 0.00404576, "rootBTTime": 0.00410276, "TotalTime": 0.0851701, "LinearTime": 0.00357067, "LowerBound": -7.49965, "UpperBound": -7.49965, "SolveResult": 0, "FirstLowerBound": -837.5, "VisitedNodes": 17}