{"OBBTTime": 0.0851462, "rootBTTime": 0.0865778, "TotalTime": 3600, "LinearTime": 2413.87, "LowerBound": -6028, "UpperBound": -3500, "SolveResult": 402, "FirstLowerBound": -9700, "VisitedNodes": 1240495}