{"OBBTTime": 0.0290403, "rootBTTime": 0.0295497, "TotalTime": 0.422628, "LinearTime": 0.072427, "LowerBound": 1.86326, "UpperBound": 1.86417, "SolveResult": 0, "FirstLowerBound": 0.9979, "VisitedNodes": 131}