{"OBBTTime": 0.246058, "rootBTTime": 0.247374, "TotalTime": 3599.97, "LinearTime": 2593.85, "LowerBound": 2.33835, "UpperBound": 3.23402, "SolveResult": 402, "FirstLowerBound": 1.63219, "VisitedNodes": 802617}