{"OBBTTime": 0.00805039, "rootBTTime": 0.00823548, "TotalTime": 0.302752, "LinearTime": 0.0916796, "LowerBound": -450.23, "UpperBound": -450, "SolveResult": 0, "FirstLowerBound": -2905.95, "VisitedNodes": 261}