{"OBBTTime": 0.0091374, "rootBTTime": 0.00937279, "TotalTime": 0.0457375, "LinearTime": 0.00184529, "LowerBound": -400, "UpperBound": -400, "SolveResult": 0, "FirstLowerBound": -578.384, "VisitedNodes": 5}