{"OBBTTime": 0.0162961, "rootBTTime": 0.0172157, "TotalTime": 10.6819, "LinearTime": 6.95959, "LowerBound": 0.0283162, "UpperBound": 0.0293108, "SolveResult": 0, "FirstLowerBound": -14081.7, "VisitedNodes": 4485}