{"OBBTTime": 0.138412, "rootBTTime": 0.141927, "TotalTime": 3600.01, "LinearTime": 2280.67, "LowerBound": 9.94662, "UpperBound": 14.0412, "SolveResult": 402, "FirstLowerBound": 0, "VisitedNodes": 751603}