{"OBBTTime": 0.103006, "rootBTTime": 0.104472, "TotalTime": 0.243692, "LinearTime": 0.00553879, "LowerBound": 0.199602, "UpperBound": 0.199602, "SolveResult": 0, "FirstLowerBound": 0.199602, "VisitedNodes": 5}