{"OBBTTime": 0.0418899, "rootBTTime": 0.0441645, "TotalTime": 134.575, "LinearTime": 82.3039, "LowerBound": 1.28633, "UpperBound": 1.28761, "SolveResult": 0, "FirstLowerBound": 0, "VisitedNodes": 60401}