{"OBBTTime": 0.105861, "rootBTTime": 0.106887, "TotalTime": 37.7798, "LinearTime": 17.2159, "LowerBound": 0.338602, "UpperBound": 0.339602, "SolveResult": 0, "FirstLowerBound": 0, "VisitedNodes": 14917}