{"OBBTTime": 0.0561023, "rootBTTime": 0.059191, "TotalTime": 672.603, "LinearTime": 412.584, "LowerBound": 2.10961, "UpperBound": 2.11172, "SolveResult": 0, "FirstLowerBound": 0, "VisitedNodes": 226315}