{"OBBTTime": 0.0138683, "rootBTTime": 0.0143136, "TotalTime": 0.209882, "LinearTime": 0.0420805, "LowerBound": 1.37519, "UpperBound": 1.37586, "SolveResult": 0, "FirstLowerBound": 0, "VisitedNodes": 79}