{"OBBTTime": 0.0292509, "rootBTTime": 0.0302573, "TotalTime": 1.19406, "LinearTime": 0.421802, "LowerBound": 1.53585, "UpperBound": 1.53711, "SolveResult": 0, "FirstLowerBound": 0, "VisitedNodes": 435}