{"OBBTTime": 0.0803906, "rootBTTime": 0.0846532, "TotalTime": 3599.98, "LinearTime": 2482.8, "LowerBound": 0.267495, "UpperBound": 2.91461, "SolveResult": 402, "FirstLowerBound": 0, "VisitedNodes": 1102143}