{"OBBTTime": 0.0549286, "rootBTTime": 0.0565208, "TotalTime": 33.1639, "LinearTime": 20.3372, "LowerBound": 7.15295, "UpperBound": 7.15295, "SolveResult": 0, "FirstLowerBound": 0, "VisitedNodes": 12911}