{"OBBTTime": 0.0440433, "rootBTTime": 0.0462891, "TotalTime": 1.53759, "LinearTime": 0.643307, "LowerBound": 1.28756, "UpperBound": 1.28761, "SolveResult": 0, "FirstLowerBound": 0, "VisitedNodes": 505}