{"OBBTTime": 0.0198479, "rootBTTime": 0.0205396, "TotalTime": 0.388101, "LinearTime": 0.0849695, "LowerBound": 0.858162, "UpperBound": 0.858407, "SolveResult": 0, "FirstLowerBound": 0, "VisitedNodes": 121}