{"OBBTTime": 0.076147, "rootBTTime": 0.0800155, "TotalTime": 884.035, "LinearTime": 550.036, "LowerBound": 14.4812, "UpperBound": 14.4812, "SolveResult": 0, "FirstLowerBound": 0, "VisitedNodes": 284947}