{"OBBTTime": 0.0793898, "rootBTTime": 0.0832954, "TotalTime": 231.237, "LinearTime": 146.232, "LowerBound": 2.66266, "UpperBound": 2.66266, "SolveResult": 0, "FirstLowerBound": 0, "VisitedNodes": 67423}