{"OBBTTime": 0.00401642, "rootBTTime": 0.00408969, "TotalTime": 0.065571, "LinearTime": 0.00282496, "LowerBound": -0.665012, "UpperBound": -0.665012, "SolveResult": 0, "FirstLowerBound": -27.9708, "VisitedNodes": 9}