{"OBBTTime": 0.00360299, "rootBTTime": 0.00367257, "TotalTime": 0.0714556, "LinearTime": 0.002802, "LowerBound": -4.43712, "UpperBound": -4.43653, "SolveResult": 0, "FirstLowerBound": -11.8862, "VisitedNodes": 11}