{"OBBTTime": 0.00427737, "rootBTTime": 0.00441722, "TotalTime": 0.100217, "LinearTime": 0.0141619, "LowerBound": -2.18279e-08, "UpperBound": 0, "SolveResult": 0, "FirstLowerBound": -198839, "VisitedNodes": 41}