{"OBBTTime": 0.00488758, "rootBTTime": 0.00498191, "TotalTime": 0.147537, "LinearTime": 0.013613, "LowerBound": -0.0410494, "UpperBound": 0.00190251, "SolveResult": 100, "FirstLowerBound": -7661.68, "VisitedNodes": 19}