{"OBBTTime": 0.0633601, "rootBTTime": 0.0687029, "TotalTime": 3.54694, "LinearTime": 0.140873, "LowerBound": -550.303, "UpperBound": -549.803, "SolveResult": 0, "FirstLowerBound": -573.46, "VisitedNodes": 127}