{"OBBTTime": 0.166145, "rootBTTime": 0.171853, "TotalTime": 11.6993, "LinearTime": 0.95207, "LowerBound": -878.517, "UpperBound": -877.646, "SolveResult": 0, "FirstLowerBound": -976.439, "VisitedNodes": 589}