{"OBBTTime": 0.189783, "rootBTTime": 0.195989, "TotalTime": 0.478749, "LinearTime": 0.00543431, "LowerBound": -877.704, "UpperBound": -877.646, "SolveResult": 0, "FirstLowerBound": -877.71, "VisitedNodes": 3}