{"OBBTTime": 0.104943, "rootBTTime": 0.107778, "TotalTime": 3.9202, "LinearTime": 0.419513, "LowerBound": -550.277, "UpperBound": -549.803, "SolveResult": 0, "FirstLowerBound": -837.687, "VisitedNodes": 279}