{"OBBTTime": 0.308269, "rootBTTime": 0.313754, "TotalTime": 9.14236, "LinearTime": 0.137358, "LowerBound": -561.395, "UpperBound": -561.045, "SolveResult": 0, "FirstLowerBound": -574.783, "VisitedNodes": 87}