{"OBBTTime": 0.13465, "rootBTTime": 0.144853, "TotalTime": 4.99438, "LinearTime": 0.172655, "LowerBound": -561.546, "UpperBound": -561.045, "SolveResult": 0, "FirstLowerBound": -574.783, "VisitedNodes": 125}