{"OBBTTime": 0.309596, "rootBTTime": 0.316796, "TotalTime": 1.20552, "LinearTime": 0.350234, "LowerBound": -877.646, "UpperBound": -877.646, "SolveResult": 0, "FirstLowerBound": -961.694, "VisitedNodes": 143}