{"OBBTTime": 0.0672448, "rootBTTime": 0.0685596, "TotalTime": 0.477842, "LinearTime": 0.0512334, "LowerBound": -4393.95, "UpperBound": -4391.83, "SolveResult": 0, "FirstLowerBound": -6028.78, "VisitedNodes": 51}