{"OBBTTime": 0.00555972, "rootBTTime": 0.005688, "TotalTime": 0.0323071, "LinearTime": 0.000204917, "LowerBound": -86768.6, "UpperBound": -86768.6, "SolveResult": 0, "FirstLowerBound": -86768.6, "VisitedNodes": 1}