{"OBBTTime": 0.00468657, "rootBTTime": 0.00503538, "TotalTime": 0.0279478, "LinearTime": 0.000238552, "LowerBound": 201.159, "UpperBound": 201.159, "SolveResult": 0, "FirstLowerBound": 201.159, "VisitedNodes": 1}