{"OBBTTime": 0.0146473, "rootBTTime": 0.0158106, "TotalTime": 0.335183, "LinearTime": 0.0897433, "LowerBound": -1162.33, "UpperBound": -1161.34, "SolveResult": 0, "FirstLowerBound": -1510.13, "VisitedNodes": 179}