{"OBBTTime": 0.00916046, "rootBTTime": 0.00934425, "TotalTime": 0.0340342, "LinearTime": 0.000729824, "LowerBound": -400, "UpperBound": -400, "SolveResult": 0, "FirstLowerBound": -400, "VisitedNodes": 1}