{"OBBTTime": 0.00644272, "rootBTTime": 0.00675465, "TotalTime": 0.0338658, "LinearTime": 0.000257924, "LowerBound": 0.0156195, "UpperBound": 0.0156195, "SolveResult": 0, "FirstLowerBound": 0.0156195, "VisitedNodes": 1}