{"OBBTTime": 0.00604303, "rootBTTime": 0.00618899, "TotalTime": 0.0693444, "LinearTime": 0.00326417, "LowerBound": -1.08366, "UpperBound": -1.08333, "SolveResult": 0, "FirstLowerBound": -1.26132, "VisitedNodes": 17}