{"OBBTTime": 0.00394165, "rootBTTime": 0.00405773, "TotalTime": 0.0234735, "LinearTime": 0.000172656, "LowerBound": -6.66667, "UpperBound": -6.66667, "SolveResult": 0, "FirstLowerBound": -6.66667, "VisitedNodes": 1}