{"OBBTTime": 0.00389288, "rootBTTime": 0.00396632, "TotalTime": 0.0556263, "LinearTime": 0.00214717, "LowerBound": -0.500553, "UpperBound": -0.5, "SolveResult": 0, "FirstLowerBound": -0.540159, "VisitedNodes": 11}