{"OBBTTime": 0.11411, "rootBTTime": 0.117988, "TotalTime": 396.645, "LinearTime": 221.987, "LowerBound": 2443.98, "UpperBound": 2446.43, "SolveResult": 0, "FirstLowerBound": 975.484, "VisitedNodes": 97115}