{"OBBTTime": 0.0733585, "rootBTTime": 0.0766201, "TotalTime": 0.223405, "LinearTime": 0.0108272, "LowerBound": 130.666, "UpperBound": 130.706, "SolveResult": 0, "FirstLowerBound": 83.5774, "VisitedNodes": 13}