{"OBBTTime": 0.135615, "rootBTTime": 0.138755, "TotalTime": 0.454649, "LinearTime": 0.0817313, "LowerBound": 89.8361, "UpperBound": 89.8361, "SolveResult": 0, "FirstLowerBound": 71.9174, "VisitedNodes": 63}