{"OBBTTime": 0.032005, "rootBTTime": 0.0334173, "TotalTime": 0.185017, "LinearTime": 0.0264168, "LowerBound": 89.8264, "UpperBound": 89.8361, "SolveResult": 0, "FirstLowerBound": 69.2386, "VisitedNodes": 29}