{"OBBTTime": 0.696856, "rootBTTime": 0.72554, "TotalTime": 3600, "LinearTime": 1733.4, "LowerBound": 1489.35, "UpperBound": 179769000000000000000000000000000000000000000000000000000000000000000000000000000000000000000000000000000000000000000000000000000000000000000000000000000000000000000000000000000000000000000000000000000000000000000000000000000000000000000000000000000000000000000000000000000000000000000000000000000000000000000, "SolveResult": 402, "FirstLowerBound": 1212.71, "VisitedNodes": 442857}