{"OBBTTime": 0.113361, "rootBTTime": 0.117012, "TotalTime": 56.4761, "LinearTime": 24.1285, "LowerBound": 229.473, "UpperBound": 229.701, "SolveResult": 0, "FirstLowerBound": 99.8976, "VisitedNodes": 13431}