{"OBBTTime": 0.475484, "rootBTTime": 0.481985, "TotalTime": 3600, "LinearTime": 2096.24, "LowerBound": 1936.14, "UpperBound": 2127.12, "SolveResult": 402, "FirstLowerBound": 1024.8, "VisitedNodes": 750277}