{"OBBTTime": 0.202043, "rootBTTime": 0.207778, "TotalTime": 3600, "LinearTime": 2456.91, "LowerBound": 237.552, "UpperBound": 238.733, "SolveResult": 402, "FirstLowerBound": 213.851, "VisitedNodes": 616895}