{"OBBTTime": 0.743362, "rootBTTime": 0.759974, "TotalTime": 3600.02, "LinearTime": 2724.68, "LowerBound": 398.435, "UpperBound": 410.635, "SolveResult": 402, "FirstLowerBound": 289.018, "VisitedNodes": 239905}