{"OBBTTime": 1.05166, "rootBTTime": 1.09026, "TotalTime": 3600.01, "LinearTime": 2282.68, "LowerBound": 328.085, "UpperBound": 329.57, "SolveResult": 402, "FirstLowerBound": 308.811, "VisitedNodes": 182429}