{"OBBTTime": 6.67252, "rootBTTime": 6.69549, "TotalTime": 3600.61, "LinearTime": 778.466, "LowerBound": -95.4933, "UpperBound": -6.38601, "SolveResult": 402, "FirstLowerBound": -146.724, "VisitedNodes": 16525}