{"OBBTTime": 6.41538, "rootBTTime": 6.82974, "TotalTime": 3600.05, "LinearTime": 1643.08, "LowerBound": -61.0142, "UpperBound": -32.1476, "SolveResult": 402, "FirstLowerBound": -79.709, "VisitedNodes": 14827}