{"OBBTTime": 3.75008, "rootBTTime": 3.84206, "TotalTime": 3600.06, "LinearTime": 2012.69, "LowerBound": -59.1189, "UpperBound": -37.8535, "SolveResult": 402, "FirstLowerBound": -78.7596, "VisitedNodes": 32871}