{"OBBTTime": 3.01764, "rootBTTime": 3.24173, "TotalTime": 3600.03, "LinearTime": 2283.07, "LowerBound": -94.2458, "UpperBound": -57.2467, "SolveResult": 402, "FirstLowerBound": -140.358, "VisitedNodes": 18795}