{"OBBTTime": 3.52988, "rootBTTime": 3.5663, "TotalTime": 3600.05, "LinearTime": 2830.08, "LowerBound": -11.2771, "UpperBound": -7.71416, "SolveResult": 402, "FirstLowerBound": -16.5155, "VisitedNodes": 23277}