{"OBBTTime": 3.73343, "rootBTTime": 3.94725, "TotalTime": 3600.04, "LinearTime": 2126.77, "LowerBound": -19.0206, "UpperBound": -14.9675, "SolveResult": 402, "FirstLowerBound": -25.6776, "VisitedNodes": 21489}