{"OBBTTime": 4.90571, "rootBTTime": 4.94473, "TotalTime": 3600, "LinearTime": 3038.79, "LowerBound": -10.4948, "UpperBound": -7.78917, "SolveResult": 402, "FirstLowerBound": -15.4878, "VisitedNodes": 17353}