{"OBBTTime": 2.51136, "rootBTTime": 2.53538, "TotalTime": 3600.03, "LinearTime": 2946.88, "LowerBound": -55.1871, "UpperBound": -43.1604, "SolveResult": 402, "FirstLowerBound": -85.6492, "VisitedNodes": 38359}