{"OBBTTime": 0.837937, "rootBTTime": 0.981963, "TotalTime": 3600.03, "LinearTime": 1640.64, "LowerBound": -11.5905, "UpperBound": -8.30138, "SolveResult": 402, "FirstLowerBound": -18.1057, "VisitedNodes": 45687}