{"OBBTTime": 9.12602, "rootBTTime": 9.19356, "TotalTime": 3600.29, "LinearTime": 2844.9, "LowerBound": -22.9034, "UpperBound": -15.9549, "SolveResult": 402, "FirstLowerBound": -30.1118, "VisitedNodes": 12919}