{"OBBTTime": 7.88383, "rootBTTime": 7.91443, "TotalTime": 3600.21, "LinearTime": 3196.5, "LowerBound": -113.093, "UpperBound": -75.6687, "SolveResult": 402, "FirstLowerBound": -149.309, "VisitedNodes": 13093}