{"OBBTTime": 5.15878, "rootBTTime": 5.22181, "TotalTime": 3600.1, "LinearTime": 2916.15, "LowerBound": -29.4452, "UpperBound": -14.6419, "SolveResult": 402, "FirstLowerBound": -37.2054, "VisitedNodes": 11849}