{"OBBTTime": 3.36894, "rootBTTime": 3.75932, "TotalTime": 3599.96, "LinearTime": 1500.68, "LowerBound": -117.542, "UpperBound": -78.6716, "SolveResult": 402, "FirstLowerBound": -155.747, "VisitedNodes": 18701}