{"OBBTTime": 1.92355, "rootBTTime": 2.06734, "TotalTime": 3600.02, "LinearTime": 1656.75, "LowerBound": -55.5274, "UpperBound": -51.4782, "SolveResult": 402, "FirstLowerBound": -75.555, "VisitedNodes": 42203}