{"OBBTTime": 0.684783, "rootBTTime": 0.809769, "TotalTime": 1193.11, "LinearTime": 427.989, "LowerBound": -35.9519, "UpperBound": -35.9161, "SolveResult": 0, "FirstLowerBound": -57.575, "VisitedNodes": 22551}