{"OBBTTime": 2.86231, "rootBTTime": 3.14373, "TotalTime": 3600.04, "LinearTime": 1567.27, "LowerBound": -44.8337, "UpperBound": -38.3101, "SolveResult": 402, "FirstLowerBound": -62.18, "VisitedNodes": 24303}