{"OBBTTime": 0.652407, "rootBTTime": 0.711506, "TotalTime": 3600.04, "LinearTime": 1818.94, "LowerBound": 5.68931, "UpperBound": 11.6738, "SolveResult": 402, "FirstLowerBound": 5, "VisitedNodes": 100695}