{"OBBTTime": 1.05463, "rootBTTime": 1.08405, "TotalTime": 3600.01, "LinearTime": 2429.36, "LowerBound": 320.815, "UpperBound": 323.682, "SolveResult": 402, "FirstLowerBound": 251.171, "VisitedNodes": 179747}