{"OBBTTime": 6.84307, "rootBTTime": 6.93224, "TotalTime": 3600.04, "LinearTime": 2309.17, "LowerBound": 79.8909, "UpperBound": 179769000000000000000000000000000000000000000000000000000000000000000000000000000000000000000000000000000000000000000000000000000000000000000000000000000000000000000000000000000000000000000000000000000000000000000000000000000000000000000000000000000000000000000000000000000000000000000000000000000000000000000, "SolveResult": 402, "FirstLowerBound": 77.6442, "VisitedNodes": 104621}