{"OBBTTime": 0.59487, "rootBTTime": 0.650412, "TotalTime": 3599.26, "LinearTime": 1822.47, "LowerBound": 6.05357, "UpperBound": 179769000000000000000000000000000000000000000000000000000000000000000000000000000000000000000000000000000000000000000000000000000000000000000000000000000000000000000000000000000000000000000000000000000000000000000000000000000000000000000000000000000000000000000000000000000000000000000000000000000000000000000, "SolveResult": 402, "FirstLowerBound": 5, "VisitedNodes": 105953}