{"OBBTTime": 0.927329, "rootBTTime": 0.941897, "TotalTime": 3600.01, "LinearTime": 2337.5, "LowerBound": 995.145, "UpperBound": 1201.04, "SolveResult": 402, "FirstLowerBound": 648, "VisitedNodes": 450919}