{"OBBTTime": 8.47141, "rootBTTime": 8.84378, "TotalTime": 3600.02, "LinearTime": 2704.93, "LowerBound": 778.753, "UpperBound": 797.977, "SolveResult": 402, "FirstLowerBound": 753.253, "VisitedNodes": 28259}