{"OBBTTime": 1.35246, "rootBTTime": 1.43205, "TotalTime": 3600.02, "LinearTime": 2023.93, "LowerBound": 365.387, "UpperBound": 365.784, "SolveResult": 402, "FirstLowerBound": 353.872, "VisitedNodes": 131569}