{"OBBTTime": 0.199563, "rootBTTime": 0.225084, "TotalTime": 3600, "LinearTime": 1606.42, "LowerBound": 4.73168, "UpperBound": 179769000000000000000000000000000000000000000000000000000000000000000000000000000000000000000000000000000000000000000000000000000000000000000000000000000000000000000000000000000000000000000000000000000000000000000000000000000000000000000000000000000000000000000000000000000000000000000000000000000000000000000, "SolveResult": 402, "FirstLowerBound": 2.36788, "VisitedNodes": 224685}