{"OBBTTime": 1.12618, "rootBTTime": 1.15822, "TotalTime": 3598.54, "LinearTime": 1811.07, "LowerBound": 368.892, "UpperBound": 513.001, "SolveResult": 402, "FirstLowerBound": 337.654, "VisitedNodes": 277495}