{"OBBTTime": 1.76778, "rootBTTime": 1.79275, "TotalTime": 3600.01, "LinearTime": 2041.74, "LowerBound": 90.9574, "UpperBound": 179769000000000000000000000000000000000000000000000000000000000000000000000000000000000000000000000000000000000000000000000000000000000000000000000000000000000000000000000000000000000000000000000000000000000000000000000000000000000000000000000000000000000000000000000000000000000000000000000000000000000000000, "SolveResult": 402, "FirstLowerBound": 66.1983, "VisitedNodes": 239119}