{"OBBTTime": 1.18678, "rootBTTime": 1.25832, "TotalTime": 3600, "LinearTime": 2126.47, "LowerBound": 312.295, "UpperBound": 312.922, "SolveResult": 402, "FirstLowerBound": 304.146, "VisitedNodes": 136769}