{"OBBTTime": 0.982764, "rootBTTime": 1.04299, "TotalTime": 846.044, "LinearTime": 413.122, "LowerBound": 511.015, "UpperBound": 511.527, "SolveResult": 0, "FirstLowerBound": 500.462, "VisitedNodes": 40511}