{"OBBTTime": 5.89668, "rootBTTime": 5.98671, "TotalTime": 3598.76, "LinearTime": 1697.96, "LowerBound": 704.062, "UpperBound": 1201.04, "SolveResult": 402, "FirstLowerBound": 648, "VisitedNodes": 136339}