{"OBBTTime": 0.579841, "rootBTTime": 0.633493, "TotalTime": 3599.41, "LinearTime": 1755.1, "LowerBound": 5.87999, "UpperBound": 11.9945, "SolveResult": 402, "FirstLowerBound": 5, "VisitedNodes": 111101}