{"OBBTTime": 6.60353, "rootBTTime": 6.85812, "TotalTime": 3599.99, "LinearTime": 3066.43, "LowerBound": 596.081, "UpperBound": 662.807, "SolveResult": 402, "FirstLowerBound": 545.272, "VisitedNodes": 31391}