{"OBBTTime": 0.564697, "rootBTTime": 0.589155, "TotalTime": 3600.03, "LinearTime": 1903.66, "LowerBound": 535.932, "UpperBound": 586.68, "SolveResult": 402, "FirstLowerBound": 225, "VisitedNodes": 484099}