{"OBBTTime": 1.33657, "rootBTTime": 1.37659, "TotalTime": 3600.01, "LinearTime": 2449.89, "LowerBound": 394.562, "UpperBound": 403.196, "SolveResult": 402, "FirstLowerBound": 375.079, "VisitedNodes": 192413}