{"OBBTTime": 8.23729, "rootBTTime": 8.42244, "TotalTime": 3600.02, "LinearTime": 3036.62, "LowerBound": 525.244, "UpperBound": 556.675, "SolveResult": 402, "FirstLowerBound": 455.137, "VisitedNodes": 37507}