{"OBBTTime": 0.0210027, "rootBTTime": 0.0215465, "TotalTime": 0.176014, "LinearTime": 0.0466979, "LowerBound": -1.76641, "UpperBound": -1.765, "SolveResult": 0, "FirstLowerBound": -1.93046, "VisitedNodes": 73}