{"OBBTTime": 2.05402, "rootBTTime": 8.71574, "TotalTime": 3600.21, "LinearTime": 2565.12, "LowerBound": -8351950.0, "UpperBound": 179769000000000000000000000000000000000000000000000000000000000000000000000000000000000000000000000000000000000000000000000000000000000000000000000000000000000000000000000000000000000000000000000000000000000000000000000000000000000000000000000000000000000000000000000000000000000000000000000000000000000000000, "SolveResult": 402, "FirstLowerBound": -15598300.0, "VisitedNodes": 481}