{"OBBTTime": 0.0284918, "rootBTTime": 0.0295332, "TotalTime": 0.058786, "LinearTime": 0.000379387, "LowerBound": 88.4854, "UpperBound": 88.4854, "SolveResult": 0, "FirstLowerBound": 88.4854, "VisitedNodes": 1}