{"OBBTTime": 3.17972, "rootBTTime": 3.20211, "TotalTime": 3600.01, "LinearTime": 3069.57, "LowerBound": 3256.07, "UpperBound": 3435.05, "SolveResult": 402, "FirstLowerBound": 2272.25, "VisitedNodes": 51597}