{"OBBTTime": 0.131196, "rootBTTime": 0.133366, "TotalTime": 0.286311, "LinearTime": 0.041201, "LowerBound": 201.095, "UpperBound": 201.287, "SolveResult": 0, "FirstLowerBound": 193.821, "VisitedNodes": 23}