{"OBBTTime": 0.0533032, "rootBTTime": 0.0550196, "TotalTime": 0.0849109, "LinearTime": 0.00199063, "LowerBound": 122.049, "UpperBound": 122.111, "SolveResult": 0, "FirstLowerBound": 122.019, "VisitedNodes": 3}