{"OBBTTime": 0.160237, "rootBTTime": 0.16312, "TotalTime": 9.98499, "LinearTime": 6.83524, "LowerBound": 327.801, "UpperBound": 328.129, "SolveResult": 0, "FirstLowerBound": 293.059, "VisitedNodes": 2827}