{"OBBTTime": 0.978423, "rootBTTime": 0.988742, "TotalTime": 2.14674, "LinearTime": 0.749468, "LowerBound": 1013.4, "UpperBound": 1014.39, "SolveResult": 0, "FirstLowerBound": 992.187, "VisitedNodes": 59}