{"OBBTTime": 0.0413419, "rootBTTime": 0.0430445, "TotalTime": 0.0839127, "LinearTime": 0.000695945, "LowerBound": 144.022, "UpperBound": 144.022, "SolveResult": 0, "FirstLowerBound": 144.022, "VisitedNodes": 1}