{"OBBTTime": 0.0734607, "rootBTTime": 0.0750496, "TotalTime": 0.16045, "LinearTime": 0.00844894, "LowerBound": 139.207, "UpperBound": 139.299, "SolveResult": 0, "FirstLowerBound": 138.721, "VisitedNodes": 9}