{"OBBTTime": 3.00426, "rootBTTime": 3.02632, "TotalTime": 3600, "LinearTime": 3062.19, "LowerBound": 2775.79, "UpperBound": 2965.35, "SolveResult": 402, "FirstLowerBound": 1822.88, "VisitedNodes": 54561}