{"OBBTTime": 0.174823, "rootBTTime": 0.178279, "TotalTime": 40.2999, "LinearTime": 28.6667, "LowerBound": 387.12, "UpperBound": 387.507, "SolveResult": 0, "FirstLowerBound": 337.042, "VisitedNodes": 9307}