{"OBBTTime": 1.14378, "rootBTTime": 1.15544, "TotalTime": 3600.02, "LinearTime": 2888.16, "LowerBound": 1798.75, "UpperBound": 1833.29, "SolveResult": 402, "FirstLowerBound": 1287.38, "VisitedNodes": 160161}