{"OBBTTime": 0.0323778, "rootBTTime": 0.0334729, "TotalTime": 0.0630854, "LinearTime": 0.000457572, "LowerBound": 92.4734, "UpperBound": 92.4734, "SolveResult": 0, "FirstLowerBound": 92.4734, "VisitedNodes": 1}