{"OBBTTime": 0.0548131, "rootBTTime": 0.0565728, "TotalTime": 0.0877027, "LinearTime": 0.00229381, "LowerBound": 136.826, "UpperBound": 136.955, "SolveResult": 0, "FirstLowerBound": 136.598, "VisitedNodes": 3}