{"OBBTTime": 0.0392369, "rootBTTime": 0.0405941, "TotalTime": 0.0673267, "LinearTime": 0.000541927, "LowerBound": 121.834, "UpperBound": 121.834, "SolveResult": 0, "FirstLowerBound": 121.834, "VisitedNodes": 1}