{"OBBTTime": 0.094078, "rootBTTime": 0.0963388, "TotalTime": 0.240526, "LinearTime": 0.0413069, "LowerBound": 389.816, "UpperBound": 390.178, "SolveResult": 0, "FirstLowerBound": 386.148, "VisitedNodes": 31}