{"OBBTTime": 0.110144, "rootBTTime": 0.112392, "TotalTime": 0.41222, "LinearTime": 0.115825, "LowerBound": 96.5947, "UpperBound": 96.6548, "SolveResult": 0, "FirstLowerBound": 94.0069, "VisitedNodes": 93}