{"OBBTTime": 0.111533, "rootBTTime": 0.11437, "TotalTime": 0.787199, "LinearTime": 0.358836, "LowerBound": 335.627, "UpperBound": 335.962, "SolveResult": 0, "FirstLowerBound": 326.221, "VisitedNodes": 217}