{"OBBTTime": 0.0628846, "rootBTTime": 0.0652272, "TotalTime": 0.435504, "LinearTime": 0.146269, "LowerBound": 135.937, "UpperBound": 136.07, "SolveResult": 0, "FirstLowerBound": 130.314, "VisitedNodes": 161}