{"OBBTTime": 0.169192, "rootBTTime": 0.172048, "TotalTime": 214.425, "LinearTime": 150.761, "LowerBound": 503.975, "UpperBound": 504.479, "SolveResult": 0, "FirstLowerBound": 409.755, "VisitedNodes": 58061}