{"OBBTTime": 0.0484208, "rootBTTime": 0.0498594, "TotalTime": 0.132286, "LinearTime": 0.0102292, "LowerBound": 175.229, "UpperBound": 175.257, "SolveResult": 0, "FirstLowerBound": 174.595, "VisitedNodes": 15}