{"OBBTTime": 0.0461696, "rootBTTime": 0.0478984, "TotalTime": 0.0785853, "LinearTime": 0.00194249, "LowerBound": 175.407, "UpperBound": 175.407, "SolveResult": 0, "FirstLowerBound": 175.406, "VisitedNodes": 3}