{"OBBTTime": 0.165396, "rootBTTime": 0.167903, "TotalTime": 0.285449, "LinearTime": 0.0288231, "LowerBound": 250.608, "UpperBound": 250.841, "SolveResult": 0, "FirstLowerBound": 249.826, "VisitedNodes": 13}