{"OBBTTime": 0.0559779, "rootBTTime": 0.0583191, "TotalTime": 0.126096, "LinearTime": 0.00730635, "LowerBound": 148.501, "UpperBound": 148.636, "SolveResult": 0, "FirstLowerBound": 147.857, "VisitedNodes": 9}