{"OBBTTime": 0.0857169, "rootBTTime": 0.0876068, "TotalTime": 0.153832, "LinearTime": 0.00821818, "LowerBound": 184.923, "UpperBound": 185.07, "SolveResult": 0, "FirstLowerBound": 183.668, "VisitedNodes": 7}