{"OBBTTime": 1.11456, "rootBTTime": 1.12529, "TotalTime": 1419.33, "LinearTime": 1139.85, "LowerBound": 1385.18, "UpperBound": 1386.56, "SolveResult": 0, "FirstLowerBound": 1045.18, "VisitedNodes": 63107}