{"OBBTTime": 0.640149, "rootBTTime": 0.643056, "TotalTime": 190.419, "LinearTime": 160.368, "LowerBound": 1262.54, "UpperBound": 1263.8, "SolveResult": 0, "FirstLowerBound": 953.856, "VisitedNodes": 7767}