{"OBBTTime": 0.053419, "rootBTTime": 0.0544878, "TotalTime": 0.380299, "LinearTime": 0.177944, "LowerBound": 105.601, "UpperBound": 105.7, "SolveResult": 0, "FirstLowerBound": 71.4802, "VisitedNodes": 107}