{"OBBTTime": 0.0256699, "rootBTTime": 0.0263485, "TotalTime": 0.0780844, "LinearTime": 0.000573817, "LowerBound": 40.8849, "UpperBound": 40.8849, "SolveResult": 0, "FirstLowerBound": 40.8849, "VisitedNodes": 1}