{"OBBTTime": 0.247004, "rootBTTime": 0.248734, "TotalTime": 0.791358, "LinearTime": 0.357755, "LowerBound": 321.705, "UpperBound": 321.997, "SolveResult": 0, "FirstLowerBound": 298.739, "VisitedNodes": 57}