{"OBBTTime": 0.0519553, "rootBTTime": 0.0529644, "TotalTime": 1.51799, "LinearTime": 0.975511, "LowerBound": 234.519, "UpperBound": 234.752, "SolveResult": 0, "FirstLowerBound": 215.279, "VisitedNodes": 653}