{"OBBTTime": 0.261303, "rootBTTime": 0.263236, "TotalTime": 17.5733, "LinearTime": 14.0544, "LowerBound": 656.101, "UpperBound": 656.734, "SolveResult": 0, "FirstLowerBound": 486.238, "VisitedNodes": 1879}