{"OBBTTime": 0.0583196, "rootBTTime": 0.0592493, "TotalTime": 38.6305, "LinearTime": 30.0554, "LowerBound": 11.5017, "UpperBound": 11.5132, "SolveResult": 0, "FirstLowerBound": -7.61127, "VisitedNodes": 15823}