{"OBBTTime": 4.84543, "rootBTTime": 4.89331, "TotalTime": 3600.29, "LinearTime": 2493.14, "LowerBound": 11271.3, "UpperBound": 11287.6, "SolveResult": 402, "FirstLowerBound": 9052.54, "VisitedNodes": 9935}