{"OBBTTime": 0.0415917, "rootBTTime": 0.04252, "TotalTime": 0.351081, "LinearTime": 0.149125, "LowerBound": 35.3845, "UpperBound": 35.4199, "SolveResult": 0, "FirstLowerBound": 27.0393, "VisitedNodes": 149}