{"OBBTTime": 0.0305433, "rootBTTime": 0.0313488, "TotalTime": 0.0756462, "LinearTime": 0.00256748, "LowerBound": 138.002, "UpperBound": 138.006, "SolveResult": 0, "FirstLowerBound": 137.966, "VisitedNodes": 3}