{"OBBTTime": 0.033471, "rootBTTime": 0.0343338, "TotalTime": 0.0731112, "LinearTime": 0.00426296, "LowerBound": -2.50177, "UpperBound": -2.50177, "SolveResult": 0, "FirstLowerBound": -2.8812, "VisitedNodes": 5}