{"OBBTTime": 0.323066, "rootBTTime": 0.325196, "TotalTime": 106.199, "LinearTime": 89.6437, "LowerBound": 706.476, "UpperBound": 707.183, "SolveResult": 0, "FirstLowerBound": 529.25, "VisitedNodes": 10315}