{"OBBTTime": 0.0477404, "rootBTTime": 0.0485347, "TotalTime": 0.099897, "LinearTime": 0.00904702, "LowerBound": 103.676, "UpperBound": 103.676, "SolveResult": 0, "FirstLowerBound": 103.44, "VisitedNodes": 7}