{"OBBTTime": 0.686871, "rootBTTime": 0.689979, "TotalTime": 160.361, "LinearTime": 136.417, "LowerBound": 1173.88, "UpperBound": 1175.06, "SolveResult": 0, "FirstLowerBound": 831.858, "VisitedNodes": 6001}