{"OBBTTime": 0.739443, "rootBTTime": 0.742531, "TotalTime": 83.683, "LinearTime": 74.4624, "LowerBound": 1048.15, "UpperBound": 1049.19, "SolveResult": 0, "FirstLowerBound": 765.689, "VisitedNodes": 3045}