{"OBBTTime": 0.0583583, "rootBTTime": 0.0595434, "TotalTime": 8.69765, "LinearTime": 6.42424, "LowerBound": 304.726, "UpperBound": 305.031, "SolveResult": 0, "FirstLowerBound": 228.062, "VisitedNodes": 3679}