{"OBBTTime": 0.0374535, "rootBTTime": 0.0385505, "TotalTime": 0.174177, "LinearTime": 0.0374399, "LowerBound": 128.358, "UpperBound": 128.479, "SolveResult": 0, "FirstLowerBound": 125.157, "VisitedNodes": 39}