{"OBBTTime": 0.782944, "rootBTTime": 0.785863, "TotalTime": 16.3716, "LinearTime": 13.8901, "LowerBound": 1024.83, "UpperBound": 1025.84, "SolveResult": 0, "FirstLowerBound": 913.135, "VisitedNodes": 627}