{"OBBTTime": 8.90734, "rootBTTime": 8.92537, "TotalTime": 3600.14, "LinearTime": 3321.7, "LowerBound": 4456.54, "UpperBound": 4497.49, "SolveResult": 402, "FirstLowerBound": 3102.55, "VisitedNodes": 11155}