{"OBBTTime": 0.260075, "rootBTTime": 0.261896, "TotalTime": 2.70314, "LinearTime": 1.93066, "LowerBound": 338.876, "UpperBound": 339.175, "SolveResult": 0, "FirstLowerBound": 248.018, "VisitedNodes": 271}