{"OBBTTime": 0.278903, "rootBTTime": 0.280871, "TotalTime": 2.78697, "LinearTime": 2.01114, "LowerBound": 233.789, "UpperBound": 233.986, "SolveResult": 0, "FirstLowerBound": 102.181, "VisitedNodes": 259}