{"OBBTTime": 0.711892, "rootBTTime": 0.715163, "TotalTime": 174.19, "LinearTime": 152.097, "LowerBound": 1176.69, "UpperBound": 1177.87, "SolveResult": 0, "FirstLowerBound": 651.463, "VisitedNodes": 7373}