{"OBBTTime": 4.92696, "rootBTTime": 4.97389, "TotalTime": 2651.12, "LinearTime": 1844.49, "LowerBound": 11545.6, "UpperBound": 11557.2, "SolveResult": 0, "FirstLowerBound": 9060.48, "VisitedNodes": 6983}