{"OBBTTime": 8.70276, "rootBTTime": 8.72208, "TotalTime": 3600.11, "LinearTime": 3256.89, "LowerBound": 6122.38, "UpperBound": 6136.55, "SolveResult": 402, "FirstLowerBound": 4995.33, "VisitedNodes": 12429}