{"OBBTTime": 0.153202, "rootBTTime": 0.154095, "TotalTime": 1.78878, "LinearTime": 1.30983, "LowerBound": 73.1127, "UpperBound": 73.1801, "SolveResult": 0, "FirstLowerBound": 26.292, "VisitedNodes": 177}