{"OBBTTime": 0.224391, "rootBTTime": 0.225415, "TotalTime": 14.8642, "LinearTime": 12.6362, "LowerBound": 88.8768, "UpperBound": 88.9636, "SolveResult": 0, "FirstLowerBound": -71.1674, "VisitedNodes": 1405}