{"OBBTTime": 0.0561496, "rootBTTime": 0.0569719, "TotalTime": 0.652983, "LinearTime": 0.39205, "LowerBound": 201.87, "UpperBound": 202.056, "SolveResult": 0, "FirstLowerBound": 178.798, "VisitedNodes": 159}