{"OBBTTime": 0.15664, "rootBTTime": 0.157567, "TotalTime": 23.5911, "LinearTime": 18.8826, "LowerBound": 70.228, "UpperBound": 70.2981, "SolveResult": 0, "FirstLowerBound": -108.324, "VisitedNodes": 2371}