{"OBBTTime": 5.62552, "rootBTTime": 5.63128, "TotalTime": 722.189, "LinearTime": 656.607, "LowerBound": 3272.46, "UpperBound": 3275.72, "SolveResult": 0, "FirstLowerBound": 2476.09, "VisitedNodes": 2719}