{"OBBTTime": 0.0754329, "rootBTTime": 0.0766905, "TotalTime": 0.377763, "LinearTime": 0.165461, "LowerBound": -286.868, "UpperBound": -286.72, "SolveResult": 0, "FirstLowerBound": -313.114, "VisitedNodes": 57}