{"OBBTTime": 0.0856755, "rootBTTime": 0.0863551, "TotalTime": 0.167262, "LinearTime": 0.0243699, "LowerBound": -30.2893, "UpperBound": -30.2893, "SolveResult": 0, "FirstLowerBound": -32.8297, "VisitedNodes": 7}