{"OBBTTime": 1.68102, "rootBTTime": 1.68341, "TotalTime": 210.988, "LinearTime": 182.476, "LowerBound": 953.642, "UpperBound": 954.594, "SolveResult": 0, "FirstLowerBound": 371.437, "VisitedNodes": 2231}