{"OBBTTime": 5.21356, "rootBTTime": 5.21896, "TotalTime": 3600, "LinearTime": 3179.86, "LowerBound": 2749.73, "UpperBound": 2766.66, "SolveResult": 402, "FirstLowerBound": 1572.12, "VisitedNodes": 11407}