{"OBBTTime": 8.99603, "rootBTTime": 9.03069, "TotalTime": 3601.75, "LinearTime": 1888.1, "LowerBound": 12923.1, "UpperBound": 12944.4, "SolveResult": 402, "FirstLowerBound": 10460.6, "VisitedNodes": 4677}