{"OBBTTime": 0.131773, "rootBTTime": 0.132668, "TotalTime": 14.9384, "LinearTime": 12.085, "LowerBound": 179.113, "UpperBound": 179.291, "SolveResult": 0, "FirstLowerBound": 15.3552, "VisitedNodes": 1681}