{"OBBTTime": 0.0533906, "rootBTTime": 0.0545072, "TotalTime": 0.140603, "LinearTime": 0.0217162, "LowerBound": 25.0663, "UpperBound": 25.0912, "SolveResult": 0, "FirstLowerBound": 24.9769, "VisitedNodes": 9}