{"OBBTTime": 0.172972, "rootBTTime": 0.173794, "TotalTime": 0.544597, "LinearTime": 0.253477, "LowerBound": 83.5227, "UpperBound": 83.6011, "SolveResult": 0, "FirstLowerBound": 74.9798, "VisitedNodes": 35}