{"OBBTTime": 0.0479636, "rootBTTime": 0.048685, "TotalTime": 0.605625, "LinearTime": 0.358829, "LowerBound": 85.1804, "UpperBound": 85.2595, "SolveResult": 0, "FirstLowerBound": 66.4387, "VisitedNodes": 175}