{"OBBTTime": 0.175707, "rootBTTime": 0.176313, "TotalTime": 1.18648, "LinearTime": 0.76867, "LowerBound": 216.949, "UpperBound": 217.109, "SolveResult": 0, "FirstLowerBound": 148.398, "VisitedNodes": 61}