{"OBBTTime": 0.137107, "rootBTTime": 0.140301, "TotalTime": 0.216786, "LinearTime": 0.0316648, "LowerBound": -534.122, "UpperBound": -533.805, "SolveResult": 0, "FirstLowerBound": -534.523, "VisitedNodes": 3}