{"OBBTTime": 0.14954, "rootBTTime": 0.150253, "TotalTime": 14.3655, "LinearTime": 11.7892, "LowerBound": 349.241, "UpperBound": 349.59, "SolveResult": 0, "FirstLowerBound": 135.366, "VisitedNodes": 1027}