{"OBBTTime": 0.0830714, "rootBTTime": 0.0839499, "TotalTime": 2.14117, "LinearTime": 1.60014, "LowerBound": 90.9547, "UpperBound": 91.0453, "SolveResult": 0, "FirstLowerBound": 55.8054, "VisitedNodes": 263}