{"OBBTTime": 0.0910092, "rootBTTime": 0.0929919, "TotalTime": 1.30542, "LinearTime": 0.902024, "LowerBound": 141.147, "UpperBound": 141.287, "SolveResult": 0, "FirstLowerBound": 104.995, "VisitedNodes": 125}