{"OBBTTime": 0.0486068, "rootBTTime": 0.0490346, "TotalTime": 0.452593, "LinearTime": 0.226312, "LowerBound": 64.3494, "UpperBound": 64.4017, "SolveResult": 0, "FirstLowerBound": 58.8586, "VisitedNodes": 69}