{"OBBTTime": 0.0598432, "rootBTTime": 0.0613196, "TotalTime": 1.15312, "LinearTime": 0.777102, "LowerBound": -60.9122, "UpperBound": -60.8582, "SolveResult": 0, "FirstLowerBound": -157.477, "VisitedNodes": 209}