{"OBBTTime": 0.0535731, "rootBTTime": 0.0540957, "TotalTime": 1.22657, "LinearTime": 0.838411, "LowerBound": 206.126, "UpperBound": 206.23, "SolveResult": 0, "FirstLowerBound": 158.595, "VisitedNodes": 233}