{"OBBTTime": 0.0441219, "rootBTTime": 0.0449163, "TotalTime": 0.40658, "LinearTime": 0.201052, "LowerBound": 190.374, "UpperBound": 190.554, "SolveResult": 0, "FirstLowerBound": 166.805, "VisitedNodes": 63}