{"OBBTTime": 0.0341826, "rootBTTime": 0.0345128, "TotalTime": 0.398853, "LinearTime": 0.197611, "LowerBound": 220.725, "UpperBound": 220.819, "SolveResult": 0, "FirstLowerBound": 163.216, "VisitedNodes": 63}