{"OBBTTime": 0.107239, "rootBTTime": 0.110766, "TotalTime": 0.547491, "LinearTime": 0.256423, "LowerBound": 252.866, "UpperBound": 253.099, "SolveResult": 0, "FirstLowerBound": 188.641, "VisitedNodes": 27}