{"OBBTTime": 0.050384, "rootBTTime": 0.0507245, "TotalTime": 0.413619, "LinearTime": 0.186502, "LowerBound": 23.7663, "UpperBound": 23.77, "SolveResult": 0, "FirstLowerBound": 9.43948, "VisitedNodes": 41}