{"OBBTTime": 0.0831057, "rootBTTime": 0.0865842, "TotalTime": 0.440186, "LinearTime": 0.214248, "LowerBound": 269.527, "UpperBound": 269.623, "SolveResult": 0, "FirstLowerBound": 233.565, "VisitedNodes": 25}