{"OBBTTime": 0.0393697, "rootBTTime": 0.0397009, "TotalTime": 0.551561, "LinearTime": 0.3104, "LowerBound": 116.09, "UpperBound": 116.201, "SolveResult": 0, "FirstLowerBound": 89.4383, "VisitedNodes": 91}