{"OBBTTime": 0.0783608, "rootBTTime": 0.0805945, "TotalTime": 2.21841, "LinearTime": 0.0550334, "LowerBound": 85.3687, "UpperBound": 85.3687, "SolveResult": 0, "FirstLowerBound": 79.3349, "VisitedNodes": 9}