{"OBBTTime": 0.0305924, "rootBTTime": 0.0309778, "TotalTime": 0.3517, "LinearTime": 0.166238, "LowerBound": 51.1112, "UpperBound": 51.1608, "SolveResult": 0, "FirstLowerBound": 37.4839, "VisitedNodes": 75}