{"OBBTTime": 0.0263336, "rootBTTime": 0.0268901, "TotalTime": 0.0699495, "LinearTime": 0.00665827, "LowerBound": 144.512, "UpperBound": 144.557, "SolveResult": 0, "FirstLowerBound": 140.858, "VisitedNodes": 3}