{"OBBTTime": 0.0443455, "rootBTTime": 0.0554258, "TotalTime": 0.144416, "LinearTime": 0.00955044, "LowerBound": -52.1617, "UpperBound": -52.1463, "SolveResult": 0, "FirstLowerBound": -52.1617, "VisitedNodes": 3}