{"OBBTTime": 0.073996, "rootBTTime": 0.0821237, "TotalTime": 0.29577, "LinearTime": 0.0877476, "LowerBound": 727.782, "UpperBound": 728.332, "SolveResult": 0, "FirstLowerBound": 717.152, "VisitedNodes": 11}