{"OBBTTime": 0.111437, "rootBTTime": 0.115055, "TotalTime": 3.77168, "LinearTime": 2.52404, "LowerBound": 349.599, "UpperBound": 349.925, "SolveResult": 0, "FirstLowerBound": 209.052, "VisitedNodes": 201}