{"OBBTTime": 0.265074, "rootBTTime": 0.283717, "TotalTime": 1.62974, "LinearTime": 0.908501, "LowerBound": 446.938, "UpperBound": 447.336, "SolveResult": 0, "FirstLowerBound": 303.201, "VisitedNodes": 27}