{"OBBTTime": 0.0810371, "rootBTTime": 0.0814341, "TotalTime": 2.1075, "LinearTime": 1.16423, "LowerBound": 89.0555, "UpperBound": 89.0765, "SolveResult": 0, "FirstLowerBound": -233.755, "VisitedNodes": 135}