{"OBBTTime": 0.0767334, "rootBTTime": 0.0787242, "TotalTime": 0.507315, "LinearTime": 0.215632, "LowerBound": 57.7195, "UpperBound": 57.7218, "SolveResult": 0, "FirstLowerBound": 36.158, "VisitedNodes": 27}