{"OBBTTime": 0.0645108, "rootBTTime": 0.0694157, "TotalTime": 0.283034, "LinearTime": 0.0628919, "LowerBound": -2486.65, "UpperBound": -2477.2, "SolveResult": 100, "FirstLowerBound": -3543.43, "VisitedNodes": 11}