{"OBBTTime": 0.143372, "rootBTTime": 0.143811, "TotalTime": 7.49412, "LinearTime": 5.32553, "LowerBound": 565.272, "UpperBound": 565.762, "SolveResult": 0, "FirstLowerBound": 264.031, "VisitedNodes": 233}