{"OBBTTime": 0.0404608, "rootBTTime": 0.043256, "TotalTime": 0.326952, "LinearTime": 0.124877, "LowerBound": 231.386, "UpperBound": 231.604, "SolveResult": 0, "FirstLowerBound": 185.395, "VisitedNodes": 29}