{"OBBTTime": 0.326227, "rootBTTime": 0.352698, "TotalTime": 1.50085, "LinearTime": 0.940503, "LowerBound": 743.727, "UpperBound": 754.303, "SolveResult": 100, "FirstLowerBound": 723.476, "VisitedNodes": 7}