{"OBBTTime": 0.0248217, "rootBTTime": 0.0256511, "TotalTime": 0.20913, "LinearTime": 0.0562289, "LowerBound": 15638.5, "UpperBound": 15639, "SolveResult": 0, "FirstLowerBound": 14438.5, "VisitedNodes": 113}