{"OBBTTime": 0.00593003, "rootBTTime": 0.00604272, "TotalTime": 0.0744334, "LinearTime": 0.00460841, "LowerBound": -17, "UpperBound": -17, "SolveResult": 0, "FirstLowerBound": -18.3182, "VisitedNodes": 21}