{"OBBTTime": 0.0103586, "rootBTTime": 0.010897, "TotalTime": 0.0340145, "LinearTime": 0.0010948, "LowerBound": -268.022, "UpperBound": -268.015, "SolveResult": 0, "FirstLowerBound": -268.047, "VisitedNodes": 3}