{"OBBTTime": 0.00732105, "rootBTTime": 0.00755197, "TotalTime": 0.0594213, "LinearTime": 0.0013415, "LowerBound": -30665.5, "UpperBound": -30665.5, "SolveResult": 0, "FirstLowerBound": -30670.3, "VisitedNodes": 3}