{"OBBTTime": 0.008263, "rootBTTime": 0.00849827, "TotalTime": 183.429, "LinearTime": 107.463, "LowerBound": 7042.2, "UpperBound": 7049.25, "SolveResult": 0, "FirstLowerBound": 2861.68, "VisitedNodes": 362873}