{"OBBTTime": 0.00419923, "rootBTTime": 0.00433921, "TotalTime": 0.0274948, "LinearTime": 0.0006708, "LowerBound": -5.50801, "UpperBound": -5.50801, "SolveResult": 0, "FirstLowerBound": -5.72048, "VisitedNodes": 3}