{"OBBTTime": 0.00412288, "rootBTTime": 0.00419529, "TotalTime": 0.130897, "LinearTime": 0.00758762, "LowerBound": 10.4655, "UpperBound": 10.4655, "SolveResult": 0, "FirstLowerBound": -17385, "VisitedNodes": 23}