{"OBBTTime": 0.0047096, "rootBTTime": 0.00502085, "TotalTime": 0.0252773, "LinearTime": 0.000929456, "LowerBound": -16.7466, "UpperBound": -16.7389, "SolveResult": 0, "FirstLowerBound": -16.758, "VisitedNodes": 3}