{"OBBTTime": 0.00432195, "rootBTTime": 0.00438262, "TotalTime": 0.084184, "LinearTime": 0.0036418, "LowerBound": -7.49965, "UpperBound": -7.49965, "SolveResult": 0, "FirstLowerBound": -837.5, "VisitedNodes": 17}