{"OBBTTime": 0.00350627, "rootBTTime": 0.00357199, "TotalTime": 0.0688911, "LinearTime": 0.00313808, "LowerBound": -443.711, "UpperBound": -443.652, "SolveResult": 0, "FirstLowerBound": -3001, "VisitedNodes": 13}