{"OBBTTime": 0.00382217, "rootBTTime": 0.00388371, "TotalTime": 0.101701, "LinearTime": 0.00540357, "LowerBound": -8.34216e-05, "UpperBound": 2.49631e-06, "SolveResult": 0, "FirstLowerBound": -875, "VisitedNodes": 27}