{"OBBTTime": 0.00435746, "rootBTTime": 0.00443505, "TotalTime": 0.11418, "LinearTime": 0.00659276, "LowerBound": -7.47505, "UpperBound": -7.47505, "SolveResult": 0, "FirstLowerBound": -322096, "VisitedNodes": 21}