{"OBBTTime": 0.00838936, "rootBTTime": 0.00862259, "TotalTime": 8.90943, "LinearTime": 5.27388, "LowerBound": 7504.72, "UpperBound": 7512.23, "SolveResult": 0, "FirstLowerBound": 3118.73, "VisitedNodes": 18727}