{"OBBTTime": 0.00783645, "rootBTTime": 0.00809498, "TotalTime": 0.0374553, "LinearTime": 0.00111223, "LowerBound": -750, "UpperBound": -750, "SolveResult": 0, "FirstLowerBound": -857.711, "VisitedNodes": 3}