{"OBBTTime": 0.191593, "rootBTTime": 0.192919, "TotalTime": 3600.01, "LinearTime": 2743.03, "LowerBound": 2.32513, "UpperBound": 3.23402, "SolveResult": 402, "FirstLowerBound": 1.63219, "VisitedNodes": 841027}