{"OBBTTime": 0.0231546, "rootBTTime": 0.0236476, "TotalTime": 0.331573, "LinearTime": 0.0778176, "LowerBound": 1.86386, "UpperBound": 1.86417, "SolveResult": 0, "FirstLowerBound": 0.9979, "VisitedNodes": 141}