{"OBBTTime": 0.00691063, "rootBTTime": 0.00709691, "TotalTime": 0.253611, "LinearTime": 0.0895455, "LowerBound": -450.229, "UpperBound": -450, "SolveResult": 0, "FirstLowerBound": -2907.15, "VisitedNodes": 261}