{"OBBTTime": 0.0697518, "rootBTTime": 0.0711929, "TotalTime": 3600, "LinearTime": 2531.98, "LowerBound": -6013.98, "UpperBound": -3500, "SolveResult": 402, "FirstLowerBound": -9700, "VisitedNodes": 1307813}