{"OBBTTime": 0.00743572, "rootBTTime": 0.00763422, "TotalTime": 0.0645831, "LinearTime": 0.00237331, "LowerBound": -600, "UpperBound": -600, "SolveResult": 0, "FirstLowerBound": -1200, "VisitedNodes": 7}