{"OBBTTime": 0.00813742, "rootBTTime": 0.00837533, "TotalTime": 0.0609866, "LinearTime": 0.00179756, "LowerBound": -400, "UpperBound": -400, "SolveResult": 0, "FirstLowerBound": -582.236, "VisitedNodes": 5}