{"OBBTTime": 0.0153146, "rootBTTime": 0.0162357, "TotalTime": 10.6217, "LinearTime": 7.42268, "LowerBound": 0.0283152, "UpperBound": 0.0293108, "SolveResult": 0, "FirstLowerBound": -14108.3, "VisitedNodes": 4873}