{"OBBTTime": 0.0548636, "rootBTTime": 0.0559506, "TotalTime": 3600, "LinearTime": 2610.1, "LowerBound": 0.558361, "UpperBound": 0.618573, "SolveResult": 402, "FirstLowerBound": -3.55374, "VisitedNodes": 2941259}