{"OBBTTime": 0.241756, "rootBTTime": 0.243648, "TotalTime": 3600.01, "LinearTime": 3186.86, "LowerBound": -1.37323, "UpperBound": 0.485152, "SolveResult": 402, "FirstLowerBound": -3.33333, "VisitedNodes": 570001}