{"OBBTTime": 0.0797301, "rootBTTime": 0.0812089, "TotalTime": 0.215021, "LinearTime": 0.00550382, "LowerBound": 0.199602, "UpperBound": 0.199602, "SolveResult": 0, "FirstLowerBound": 0.199602, "VisitedNodes": 5}