{"OBBTTime": 0.0683671, "rootBTTime": 0.0722647, "TotalTime": 990.918, "LinearTime": 688.698, "LowerBound": 14.4811, "UpperBound": 14.4811, "SolveResult": 0, "FirstLowerBound": 0, "VisitedNodes": 353505}