{"OBBTTime": 0.0514379, "rootBTTime": 0.0545278, "TotalTime": 339.336, "LinearTime": 227.448, "LowerBound": 1.97349, "UpperBound": 1.97349, "SolveResult": 0, "FirstLowerBound": 0, "VisitedNodes": 126545}