{"OBBTTime": 0.0153764, "rootBTTime": 0.0160177, "TotalTime": 0.144993, "LinearTime": 0.0116143, "LowerBound": 0.858407, "UpperBound": 0.858407, "SolveResult": 0, "FirstLowerBound": 0, "VisitedNodes": 21}