{"OBBTTime": 0.0259781, "rootBTTime": 0.0272836, "TotalTime": 19.5083, "LinearTime": 12.7213, "LowerBound": 5.11606, "UpperBound": 5.11606, "SolveResult": 0, "FirstLowerBound": 0, "VisitedNodes": 13509}