{"OBBTTime": 0.0971532, "rootBTTime": 0.0990073, "TotalTime": 163.265, "LinearTime": 93.126, "LowerBound": 0.338602, "UpperBound": 0.339602, "SolveResult": 0, "FirstLowerBound": 0, "VisitedNodes": 71581}