{"OBBTTime": 0.0162568, "rootBTTime": 0.0176712, "TotalTime": 0.294077, "LinearTime": 0.0514934, "LowerBound": 1.37517, "UpperBound": 1.37586, "SolveResult": 0, "FirstLowerBound": 0, "VisitedNodes": 79}