{"OBBTTime": 0.0956892, "rootBTTime": 0.0988227, "TotalTime": 2719.48, "LinearTime": 1816, "LowerBound": 2.53838, "UpperBound": 2.54092, "SolveResult": 0, "FirstLowerBound": 0, "VisitedNodes": 625331}