{"OBBTTime": 0.0509946, "rootBTTime": 0.0541033, "TotalTime": 653.703, "LinearTime": 432.173, "LowerBound": 2.10961, "UpperBound": 2.11172, "SolveResult": 0, "FirstLowerBound": 0, "VisitedNodes": 238385}