{"OBBTTime": 0.0385055, "rootBTTime": 0.0407708, "TotalTime": 131.073, "LinearTime": 86.0443, "LowerBound": 1.28632, "UpperBound": 1.28761, "SolveResult": 0, "FirstLowerBound": 0, "VisitedNodes": 62905}