{"OBBTTime": 0.0804413, "rootBTTime": 0.0814444, "TotalTime": 53.2988, "LinearTime": 28.5949, "LowerBound": 0.338603, "UpperBound": 0.339602, "SolveResult": 0, "FirstLowerBound": 0, "VisitedNodes": 24665}