{"OBBTTime": 0.0709218, "rootBTTime": 0.0719394, "TotalTime": 22.7854, "LinearTime": 12.6164, "LowerBound": 0.338603, "UpperBound": 0.339602, "SolveResult": 0, "FirstLowerBound": 0, "VisitedNodes": 11143}