{"OBBTTime": 0.0989249, "rootBTTime": 0.100756, "TotalTime": 0.188426, "LinearTime": 0.00395558, "LowerBound": 0.199602, "UpperBound": 0.199602, "SolveResult": 0, "FirstLowerBound": 0.199602, "VisitedNodes": 3}