{"OBBTTime": 0.0936496, "rootBTTime": 0.0989234, "TotalTime": 3601.11, "LinearTime": 2538.37, "LowerBound": 12.9872, "UpperBound": 15.2254, "SolveResult": 402, "FirstLowerBound": 0, "VisitedNodes": 1022041}