{"OBBTTime": 0.0218576, "rootBTTime": 0.022539, "TotalTime": 0.379327, "LinearTime": 0.0850134, "LowerBound": 0.857758, "UpperBound": 0.858407, "SolveResult": 0, "FirstLowerBound": 0, "VisitedNodes": 123}