{"OBBTTime": 0.0720269, "rootBTTime": 0.0759202, "TotalTime": 234.46, "LinearTime": 151.276, "LowerBound": 2.66016, "UpperBound": 2.66281, "SolveResult": 0, "FirstLowerBound": 0, "VisitedNodes": 69507}