{"OBBTTime": 0.0718818, "rootBTTime": 0.0761102, "TotalTime": 3600.01, "LinearTime": 2582.87, "LowerBound": 0.306015, "UpperBound": 2.91461, "SolveResult": 402, "FirstLowerBound": 0, "VisitedNodes": 1144577}