{"OBBTTime": 0.0857674, "rootBTTime": 0.0870279, "TotalTime": 28.0667, "LinearTime": 15.5269, "LowerBound": 0.213602, "UpperBound": 0.214602, "SolveResult": 0, "FirstLowerBound": 0, "VisitedNodes": 12471}