{"OBBTTime": 0.00446521, "rootBTTime": 0.00460655, "TotalTime": 0.0922073, "LinearTime": 0.0127299, "LowerBound": -2.61469e-07, "UpperBound": 0, "SolveResult": 0, "FirstLowerBound": -211707, "VisitedNodes": 37}