{"OBBTTime": 0.00403653, "rootBTTime": 0.00410159, "TotalTime": 0.0648364, "LinearTime": 0.00280777, "LowerBound": -4.43712, "UpperBound": -4.43653, "SolveResult": 0, "FirstLowerBound": -11.8862, "VisitedNodes": 11}