{"OBBTTime": 0.00439834, "rootBTTime": 0.00447915, "TotalTime": 0.143054, "LinearTime": 0.013833, "LowerBound": -0.0410494, "UpperBound": 0.00190251, "SolveResult": 100, "FirstLowerBound": -7661.68, "VisitedNodes": 19}