{"OBBTTime": 0.00400618, "rootBTTime": 0.00408096, "TotalTime": 0.0804628, "LinearTime": 0.00274029, "LowerBound": -0.665012, "UpperBound": -0.665012, "SolveResult": 0, "FirstLowerBound": -27.9708, "VisitedNodes": 9}