{"OBBTTime": 0.0118569, "rootBTTime": 0.0124083, "TotalTime": 0.705859, "LinearTime": 0.396249, "LowerBound": 5.23822, "UpperBound": 5.2434, "SolveResult": 0, "FirstLowerBound": 0, "VisitedNodes": 539}