{"OBBTTime": 1.11856, "rootBTTime": 1.13331, "TotalTime": 3600.02, "LinearTime": 3200.72, "LowerBound": 0.134837, "UpperBound": 0.759315, "SolveResult": 402, "FirstLowerBound": 0, "VisitedNodes": 150943}