{"OBBTTime": 0.0600927, "rootBTTime": 0.0613796, "TotalTime": 0.356339, "LinearTime": 0.0261471, "LowerBound": -4395.13, "UpperBound": -4391.83, "SolveResult": 0, "FirstLowerBound": -5528.25, "VisitedNodes": 27}