{"OBBTTime": 0.106424, "rootBTTime": 0.116497, "TotalTime": 2.63464, "LinearTime": 0.189623, "LowerBound": -561.585, "UpperBound": -561.045, "SolveResult": 0, "FirstLowerBound": -574.783, "VisitedNodes": 135}