{"OBBTTime": 0.0776826, "rootBTTime": 0.0805172, "TotalTime": 4.67479, "LinearTime": 0.480902, "LowerBound": -550.313, "UpperBound": -549.803, "SolveResult": 0, "FirstLowerBound": -837.811, "VisitedNodes": 323}