{"OBBTTime": 0.0512402, "rootBTTime": 0.056598, "TotalTime": 0.681985, "LinearTime": 0.187392, "LowerBound": -550.343, "UpperBound": -549.803, "SolveResult": 0, "FirstLowerBound": -570.135, "VisitedNodes": 189}