{"OBBTTime": 0.05437, "rootBTTime": 0.0568876, "TotalTime": 1.59479, "LinearTime": 0.172401, "LowerBound": -550.29, "UpperBound": -549.803, "SolveResult": 0, "FirstLowerBound": -852.378, "VisitedNodes": 169}