{"OBBTTime": 0.00836908, "rootBTTime": 0.00862401, "TotalTime": 0.0841168, "LinearTime": 0.00320054, "LowerBound": -600, "UpperBound": -600, "SolveResult": 0, "FirstLowerBound": -1000, "VisitedNodes": 9}