{"OBBTTime": 0.00948384, "rootBTTime": 0.00983515, "TotalTime": 0.0340092, "LinearTime": 0.000762145, "LowerBound": -750, "UpperBound": -750, "SolveResult": 0, "FirstLowerBound": -750, "VisitedNodes": 1}