{"OBBTTime": 0.0475324, "rootBTTime": 0.0497287, "TotalTime": 2.56307, "LinearTime": 0.202988, "LowerBound": -550.34, "UpperBound": -549.803, "SolveResult": 0, "FirstLowerBound": -837.811, "VisitedNodes": 213}