{"OBBTTime": 0.0809097, "rootBTTime": 0.0871032, "TotalTime": 11.3967, "LinearTime": 0.44023, "LowerBound": -550.268, "UpperBound": -549.803, "SolveResult": 0, "FirstLowerBound": -574.783, "VisitedNodes": 289}