{"OBBTTime": 0.0555978, "rootBTTime": 0.0568896, "TotalTime": 0.434378, "LinearTime": 0.0541152, "LowerBound": -4393.98, "UpperBound": -4391.83, "SolveResult": 0, "FirstLowerBound": -6028.82, "VisitedNodes": 53}