{"OBBTTime": 0.107778, "rootBTTime": 0.113256, "TotalTime": 8.4835, "LinearTime": 0.367792, "LowerBound": -561.045, "UpperBound": -561.045, "SolveResult": 0, "FirstLowerBound": -574.783, "VisitedNodes": 253}