{"OBBTTime": 0.104375, "rootBTTime": 0.105926, "TotalTime": 1.37718, "LinearTime": 0.0308204, "LowerBound": -4394.06, "UpperBound": -4391.83, "SolveResult": 0, "FirstLowerBound": -5528.25, "VisitedNodes": 23}