{"OBBTTime": 0.14919, "rootBTTime": 0.155383, "TotalTime": 0.247696, "LinearTime": 0.0058755, "LowerBound": -877.901, "UpperBound": -877.646, "SolveResult": 0, "FirstLowerBound": -877.901, "VisitedNodes": 3}