{"OBBTTime": 0.052285, "rootBTTime": 0.0576594, "TotalTime": 1.2021, "LinearTime": 0.122656, "LowerBound": -550.317, "UpperBound": -549.803, "SolveResult": 0, "FirstLowerBound": -573.541, "VisitedNodes": 121}