{"OBBTTime": 0.218171, "rootBTTime": 0.225591, "TotalTime": 1.12079, "LinearTime": 0.356275, "LowerBound": -877.646, "UpperBound": -877.646, "SolveResult": 0, "FirstLowerBound": -961.694, "VisitedNodes": 143}