{"OBBTTime": 0.00887432, "rootBTTime": 0.00924862, "TotalTime": 0.0723357, "LinearTime": 0.000628376, "LowerBound": -400, "UpperBound": -400, "SolveResult": 0, "FirstLowerBound": -400, "VisitedNodes": 1}