{"OBBTTime": 0.00898172, "rootBTTime": 0.00934039, "TotalTime": 0.0432976, "LinearTime": 0.000709211, "LowerBound": -400, "UpperBound": -400, "SolveResult": 0, "FirstLowerBound": -400, "VisitedNodes": 1}