{"OBBTTime": 0.00932754, "rootBTTime": 0.00970966, "TotalTime": 0.0352676, "LinearTime": 0.000789687, "LowerBound": -750, "UpperBound": -750, "SolveResult": 0, "FirstLowerBound": -750, "VisitedNodes": 1}