{"OBBTTime": 0.00462101, "rootBTTime": 0.00471398, "TotalTime": 1.24244, "LinearTime": 0.527915, "LowerBound": -8.94569e-05, "UpperBound": -8.94569e-05, "SolveResult": 0, "FirstLowerBound": -100, "VisitedNodes": 1771}