{"OBBTTime": 0.00393501, "rootBTTime": 0.0041981, "TotalTime": 0.0245022, "LinearTime": 0.000513164, "LowerBound": 1.17712, "UpperBound": 1.17712, "SolveResult": 0, "FirstLowerBound": 1.1771, "VisitedNodes": 3}