{"OBBTTime": 0.0043734, "rootBTTime": 0.00445909, "TotalTime": 1.80856, "LinearTime": 0.738165, "LowerBound": -0.000829655, "UpperBound": 2.32831e-10, "SolveResult": 0, "FirstLowerBound": -353621, "VisitedNodes": 3025}