{"OBBTTime": 0.00626116, "rootBTTime": 0.00641763, "TotalTime": 0.0623789, "LinearTime": 0.00118391, "LowerBound": -70262.1, "UpperBound": -70262.1, "SolveResult": 0, "FirstLowerBound": -72700.1, "VisitedNodes": 5}