{"OBBTTime": 0.00926109, "rootBTTime": 0.00968615, "TotalTime": 0.0322094, "LinearTime": 0.00102783, "LowerBound": -45.3797, "UpperBound": -45.3797, "SolveResult": 0, "FirstLowerBound": -45.4079, "VisitedNodes": 3}