{"OBBTTime": 0.0055005, "rootBTTime": 0.00562657, "TotalTime": 0.0313406, "LinearTime": 0.000208087, "LowerBound": -86768.6, "UpperBound": -86768.6, "SolveResult": 0, "FirstLowerBound": -86768.6, "VisitedNodes": 1}