{"OBBTTime": 0.00947149, "rootBTTime": 0.0106192, "TotalTime": 0.0333637, "LinearTime": 0.000312197, "LowerBound": -42.9626, "UpperBound": -42.9626, "SolveResult": 0, "FirstLowerBound": -42.9626, "VisitedNodes": 1}