{"OBBTTime": 0.00401807, "rootBTTime": 0.00409816, "TotalTime": 0.187915, "LinearTime": 0.0225684, "LowerBound": -12.501, "UpperBound": -12.4999, "SolveResult": 0, "FirstLowerBound": -18, "VisitedNodes": 117}