{"OBBTTime": 0.00513465, "rootBTTime": 0.00561061, "TotalTime": 0.0285718, "LinearTime": 0.000350175, "LowerBound": 2.99996, "UpperBound": 3, "SolveResult": 0, "FirstLowerBound": 2.99996, "VisitedNodes": 1}