{"OBBTTime": 0.00396839, "rootBTTime": 0.00407391, "TotalTime": 0.0255186, "LinearTime": 0.000182358, "LowerBound": -6.66667, "UpperBound": -6.66667, "SolveResult": 0, "FirstLowerBound": -6.66667, "VisitedNodes": 1}