{"OBBTTime": 0.00405369, "rootBTTime": 0.00415049, "TotalTime": 0.0716788, "LinearTime": 0.00706434, "LowerBound": -118.786, "UpperBound": -118.705, "SolveResult": 0, "FirstLowerBound": -3053.59, "VisitedNodes": 27}