{"OBBTTime": 0.00383448, "rootBTTime": 0.00395254, "TotalTime": 0.0556665, "LinearTime": 0.00186444, "LowerBound": -85, "UpperBound": -85, "SolveResult": 0, "FirstLowerBound": -96.1685, "VisitedNodes": 9}