{"OBBTTime": 0.00543751, "rootBTTime": 0.00557714, "TotalTime": 0.208629, "LinearTime": 0.0601859, "LowerBound": 7042.21, "UpperBound": 7049.25, "SolveResult": 0, "FirstLowerBound": 5342.14, "VisitedNodes": 279}