{"OBBTTime": 0.00938333, "rootBTTime": 0.00958164, "TotalTime": 0.0303932, "LinearTime": 0.000334206, "LowerBound": -400, "UpperBound": -400, "SolveResult": 0, "FirstLowerBound": -400, "VisitedNodes": 1}