{"OBBTTime": 0.00397633, "rootBTTime": 0.00413817, "TotalTime": 0.0418935, "LinearTime": 0.0015754, "LowerBound": -2.82843, "UpperBound": -2.82843, "SolveResult": 0, "FirstLowerBound": -2.89599, "VisitedNodes": 7}