{"OBBTTime": 0.00371818, "rootBTTime": 0.00379328, "TotalTime": 0.0643685, "LinearTime": 0.00210734, "LowerBound": -0.500586, "UpperBound": -0.5, "SolveResult": 0, "FirstLowerBound": -0.543292, "VisitedNodes": 11}