{"OBBTTime": 0.00601683, "rootBTTime": 0.00626885, "TotalTime": 0.0403235, "LinearTime": 0.000182105, "LowerBound": -185.779, "UpperBound": -185.779, "SolveResult": 0, "FirstLowerBound": -185.779, "VisitedNodes": 1}