{"OBBTTime": 0.00493543, "rootBTTime": 0.00528165, "TotalTime": 0.0273745, "LinearTime": 0.00023965, "LowerBound": 201.159, "UpperBound": 201.159, "SolveResult": 0, "FirstLowerBound": 201.159, "VisitedNodes": 1}