{"OBBTTime": 0.00423077, "rootBTTime": 0.0043781, "TotalTime": 0.0767765, "LinearTime": 0.00313598, "LowerBound": -1.08371, "UpperBound": -1.08333, "SolveResult": 0, "FirstLowerBound": -1.27856, "VisitedNodes": 17}