{"OBBTTime": 0.0149519, "rootBTTime": 0.0153504, "TotalTime": 0.223446, "LinearTime": 0.0259761, "LowerBound": -1.58208, "UpperBound": -1.58114, "SolveResult": 0, "FirstLowerBound": -3, "VisitedNodes": 53}