{"OBBTTime": 0.013543, "rootBTTime": 0.0147203, "TotalTime": 0.364402, "LinearTime": 0.125152, "LowerBound": -1162.48, "UpperBound": -1161.34, "SolveResult": 0, "FirstLowerBound": -1515.11, "VisitedNodes": 249}