{"OBBTTime": 0.00849476, "rootBTTime": 0.00861161, "TotalTime": 0.0458554, "LinearTime": 0.00154013, "LowerBound": 0.741782, "UpperBound": 0.741782, "SolveResult": 0, "FirstLowerBound": 0.531737, "VisitedNodes": 7}