{"OBBTTime": 0.00636286, "rootBTTime": 0.00666433, "TotalTime": 0.0314739, "LinearTime": 0.000234157, "LowerBound": 0.0156195, "UpperBound": 0.0156195, "SolveResult": 0, "FirstLowerBound": 0.0156195, "VisitedNodes": 1}