{"OBBTTime": 0.0507699, "rootBTTime": 0.0516046, "TotalTime": 0.213504, "LinearTime": 0.0365547, "LowerBound": -1195.3, "UpperBound": -1195.23, "SolveResult": 0, "FirstLowerBound": -2937.72, "VisitedNodes": 33}