{"OBBTTime": 0.0186648, "rootBTTime": 0.0194717, "TotalTime": 0.148104, "LinearTime": 0.0303091, "LowerBound": -621.534, "UpperBound": -621.488, "SolveResult": 0, "FirstLowerBound": -1467.02, "VisitedNodes": 27}