{"OBBTTime": 0.0117069, "rootBTTime": 0.0121809, "TotalTime": 0.10427, "LinearTime": 0.00996982, "LowerBound": -795.485, "UpperBound": -794.856, "SolveResult": 0, "FirstLowerBound": -833.422, "VisitedNodes": 25}