{"OBBTTime": 0.35237, "rootBTTime": 0.358987, "TotalTime": 3599.99, "LinearTime": 2113.33, "LowerBound": 1865.19, "UpperBound": 2127.12, "SolveResult": 402, "FirstLowerBound": 1024.8, "VisitedNodes": 779779}