{"OBBTTime": 0.0253983, "rootBTTime": 0.0268451, "TotalTime": 0.216615, "LinearTime": 0.0414384, "LowerBound": 89.7957, "UpperBound": 89.8361, "SolveResult": 0, "FirstLowerBound": 69.2386, "VisitedNodes": 47}