{"OBBTTime": 1.11837, "rootBTTime": 1.14969, "TotalTime": 3599.83, "LinearTime": 1815.16, "LowerBound": 369.069, "UpperBound": 513.001, "SolveResult": 402, "FirstLowerBound": 337.654, "VisitedNodes": 277837}