{"OBBTTime": 5.81797, "rootBTTime": 5.90729, "TotalTime": 3600.04, "LinearTime": 1687.57, "LowerBound": 704.292, "UpperBound": 1201.04, "SolveResult": 402, "FirstLowerBound": 648, "VisitedNodes": 136733}