{"OBBTTime": 0.828168, "rootBTTime": 0.84337, "TotalTime": 3599.96, "LinearTime": 2276.48, "LowerBound": 1089.7, "UpperBound": 1201.04, "SolveResult": 402, "FirstLowerBound": 648, "VisitedNodes": 480535}