{"OBBTTime": 0.0533069, "rootBTTime": 0.056545, "TotalTime": 0.319335, "LinearTime": 0.0191061, "LowerBound": 130.703, "UpperBound": 130.703, "SolveResult": 0, "FirstLowerBound": 83.5372, "VisitedNodes": 23}