{"OBBTTime": 1.97625, "rootBTTime": 2.01356, "TotalTime": 3600.24, "LinearTime": 1908.84, "LowerBound": 1336.19, "UpperBound": 2127.12, "SolveResult": 402, "FirstLowerBound": 1024.8, "VisitedNodes": 300611}