{"OBBTTime": 0.197028, "rootBTTime": 0.203124, "TotalTime": 3600, "LinearTime": 2674.32, "LowerBound": 453.541, "UpperBound": 513.001, "SolveResult": 402, "FirstLowerBound": 213.266, "VisitedNodes": 775347}