{"OBBTTime": 3.56599, "rootBTTime": 3.61825, "TotalTime": 3600.02, "LinearTime": 1997.58, "LowerBound": 1291.4, "UpperBound": 1564.96, "SolveResult": 402, "FirstLowerBound": 1017.2, "VisitedNodes": 246655}