{"OBBTTime": 0.461432, "rootBTTime": 0.490164, "TotalTime": 3600, "LinearTime": 1754.16, "LowerBound": 1490.24, "UpperBound": 179769000000000000000000000000000000000000000000000000000000000000000000000000000000000000000000000000000000000000000000000000000000000000000000000000000000000000000000000000000000000000000000000000000000000000000000000000000000000000000000000000000000000000000000000000000000000000000000000000000000000000000, "SolveResult": 402, "FirstLowerBound": 1212.71, "VisitedNodes": 449235}