{"OBBTTime": 0.0869751, "rootBTTime": 0.0907607, "TotalTime": 952.872, "LinearTime": 594.322, "LowerBound": 2443.98, "UpperBound": 2446.43, "SolveResult": 0, "FirstLowerBound": 975.484, "VisitedNodes": 252657}