{"OBBTTime": 0.525145, "rootBTTime": 0.566663, "TotalTime": 3600.01, "LinearTime": 929.656, "LowerBound": 99.9228, "UpperBound": 179769000000000000000000000000000000000000000000000000000000000000000000000000000000000000000000000000000000000000000000000000000000000000000000000000000000000000000000000000000000000000000000000000000000000000000000000000000000000000000000000000000000000000000000000000000000000000000000000000000000000000000, "SolveResult": 402, "FirstLowerBound": 99.8976, "VisitedNodes": 214529}