{"OBBTTime": 0.018283, "rootBTTime": 0.0190831, "TotalTime": 0.109432, "LinearTime": 0.00829972, "LowerBound": 130.646, "UpperBound": 130.703, "SolveResult": 0, "FirstLowerBound": 82.0003, "VisitedNodes": 13}