{"OBBTTime": 0.0986117, "rootBTTime": 0.101851, "TotalTime": 0.429837, "LinearTime": 0.0824327, "LowerBound": 89.8361, "UpperBound": 89.8361, "SolveResult": 0, "FirstLowerBound": 71.9174, "VisitedNodes": 63}