{"OBBTTime": 0.0868972, "rootBTTime": 0.090469, "TotalTime": 315.382, "LinearTime": 156.402, "LowerBound": 229.471, "UpperBound": 229.701, "SolveResult": 0, "FirstLowerBound": 99.8976, "VisitedNodes": 72531}