{"OBBTTime": 0.560182, "rootBTTime": 0.576939, "TotalTime": 3600, "LinearTime": 2786.35, "LowerBound": 398.647, "UpperBound": 410.635, "SolveResult": 402, "FirstLowerBound": 289.018, "VisitedNodes": 261373}