{"OBBTTime": 0.368057, "rootBTTime": 0.385279, "TotalTime": 7.34205, "LinearTime": 3.54145, "LowerBound": 164.326, "UpperBound": 164.49, "SolveResult": 0, "FirstLowerBound": 133.033, "VisitedNodes": 761}