{"OBBTTime": 6.32237, "rootBTTime": 6.67764, "TotalTime": 3600.06, "LinearTime": 2913.15, "LowerBound": 593.075, "UpperBound": 662.807, "SolveResult": 402, "FirstLowerBound": 543.753, "VisitedNodes": 28539}