{"OBBTTime": 0.813846, "rootBTTime": 0.852464, "TotalTime": 3600.01, "LinearTime": 2574.34, "LowerBound": 328.102, "UpperBound": 329.57, "SolveResult": 402, "FirstLowerBound": 308.811, "VisitedNodes": 199577}