{"OBBTTime": 0.983028, "rootBTTime": 1.02585, "TotalTime": 3600.01, "LinearTime": 2393.23, "LowerBound": 318.835, "UpperBound": 323.682, "SolveResult": 402, "FirstLowerBound": 250.114, "VisitedNodes": 162587}