{"OBBTTime": 0.155227, "rootBTTime": 0.160938, "TotalTime": 3600, "LinearTime": 2619.3, "LowerBound": 237.565, "UpperBound": 238.733, "SolveResult": 402, "FirstLowerBound": 213.851, "VisitedNodes": 651155}