{"OBBTTime": 0.0638488, "rootBTTime": 0.0659369, "TotalTime": 3600, "LinearTime": 2603.53, "LowerBound": 86.6688, "UpperBound": 86.8333, "SolveResult": 402, "FirstLowerBound": 69.1544, "VisitedNodes": 1219777}