{"OBBTTime": 0.228958, "rootBTTime": 0.236508, "TotalTime": 3600, "LinearTime": 2600.15, "LowerBound": 156.074, "UpperBound": 157.094, "SolveResult": 402, "FirstLowerBound": 139.511, "VisitedNodes": 578351}