{"OBBTTime": 9.99397, "rootBTTime": 10.1374, "TotalTime": 3600.04, "LinearTime": 1637.5, "LowerBound": -11.5921, "UpperBound": -8.30138, "SolveResult": 402, "FirstLowerBound": -18.1057, "VisitedNodes": 45581}