{"OBBTTime": 7.27222, "rootBTTime": 7.36261, "TotalTime": 3600, "LinearTime": 2298.61, "LowerBound": 79.8809, "UpperBound": 179769000000000000000000000000000000000000000000000000000000000000000000000000000000000000000000000000000000000000000000000000000000000000000000000000000000000000000000000000000000000000000000000000000000000000000000000000000000000000000000000000000000000000000000000000000000000000000000000000000000000000000, "SolveResult": 402, "FirstLowerBound": 77.6442, "VisitedNodes": 104209}