{"OBBTTime": 8.88783, "rootBTTime": 8.94539, "TotalTime": 3599.76, "LinearTime": 1764.52, "LowerBound": 6.05574, "UpperBound": 179769000000000000000000000000000000000000000000000000000000000000000000000000000000000000000000000000000000000000000000000000000000000000000000000000000000000000000000000000000000000000000000000000000000000000000000000000000000000000000000000000000000000000000000000000000000000000000000000000000000000000000, "SolveResult": 402, "FirstLowerBound": 5, "VisitedNodes": 106453}