{"OBBTTime": 1.12877, "rootBTTime": 1.14398, "TotalTime": 3600.01, "LinearTime": 2288.95, "LowerBound": 994.709, "UpperBound": 1201.04, "SolveResult": 402, "FirstLowerBound": 648, "VisitedNodes": 446731}