{"OBBTTime": 2.23096, "rootBTTime": 2.26889, "TotalTime": 3599.95, "LinearTime": 1892.33, "LowerBound": 1332.73, "UpperBound": 2127.12, "SolveResult": 402, "FirstLowerBound": 1024.8, "VisitedNodes": 300011}