{"OBBTTime": 9.41653, "rootBTTime": 9.79292, "TotalTime": 3600.02, "LinearTime": 2692.29, "LowerBound": 778.749, "UpperBound": 797.977, "SolveResult": 402, "FirstLowerBound": 753.253, "VisitedNodes": 28163}