{"OBBTTime": 8.89855, "rootBTTime": 8.97738, "TotalTime": 3600.02, "LinearTime": 2015.06, "LowerBound": 365.361, "UpperBound": 365.784, "SolveResult": 402, "FirstLowerBound": 353.872, "VisitedNodes": 130793}