{"OBBTTime": 2.08966, "rootBTTime": 2.11528, "TotalTime": 3600.01, "LinearTime": 1574.16, "LowerBound": 4.63594, "UpperBound": 5.63039, "SolveResult": 402, "FirstLowerBound": 2.36788, "VisitedNodes": 225023}