{"OBBTTime": 1.87243, "rootBTTime": 1.89677, "TotalTime": 3600, "LinearTime": 2036.41, "LowerBound": 90.9573, "UpperBound": 179769000000000000000000000000000000000000000000000000000000000000000000000000000000000000000000000000000000000000000000000000000000000000000000000000000000000000000000000000000000000000000000000000000000000000000000000000000000000000000000000000000000000000000000000000000000000000000000000000000000000000000, "SolveResult": 402, "FirstLowerBound": 66.1983, "VisitedNodes": 238531}