{"OBBTTime": 1.86158, "rootBTTime": 1.90409, "TotalTime": 3600.05, "LinearTime": 1788.35, "LowerBound": 1084.07, "UpperBound": 1358.66, "SolveResult": 402, "FirstLowerBound": 964.444, "VisitedNodes": 234607}