{"OBBTTime": 1.69001, "rootBTTime": 1.76153, "TotalTime": 3600.02, "LinearTime": 2121.08, "LowerBound": 312.295, "UpperBound": 312.922, "SolveResult": 402, "FirstLowerBound": 304.146, "VisitedNodes": 136733}