{"OBBTTime": 6.87412, "rootBTTime": 6.93552, "TotalTime": 43.6456, "LinearTime": 18.6409, "LowerBound": 511.015, "UpperBound": 511.527, "SolveResult": 0, "FirstLowerBound": 500.462, "VisitedNodes": 1819}