{"OBBTTime": 6.33025, "rootBTTime": 6.42072, "TotalTime": 3590.74, "LinearTime": 1694.24, "LowerBound": 704.058, "UpperBound": 1201.04, "SolveResult": 402, "FirstLowerBound": 648, "VisitedNodes": 136185}