{"OBBTTime": 7.31119, "rootBTTime": 7.56774, "TotalTime": 3599.95, "LinearTime": 3061.92, "LowerBound": 596.102, "UpperBound": 662.807, "SolveResult": 402, "FirstLowerBound": 545.272, "VisitedNodes": 31575}