{"OBBTTime": 0.909585, "rootBTTime": 0.933976, "TotalTime": 3600.04, "LinearTime": 1896.45, "LowerBound": 535.706, "UpperBound": 586.68, "SolveResult": 402, "FirstLowerBound": 225, "VisitedNodes": 481733}