{"OBBTTime": 8.72479, "rootBTTime": 8.90949, "TotalTime": 3600.02, "LinearTime": 3027.35, "LowerBound": 525.255, "UpperBound": 556.675, "SolveResult": 402, "FirstLowerBound": 455.137, "VisitedNodes": 37671}