{"OBBTTime": 0.250523, "rootBTTime": 0.251209, "TotalTime": 0.455116, "LinearTime": 0.0438518, "LowerBound": -1.76672, "UpperBound": -1.765, "SolveResult": 0, "FirstLowerBound": -1.87816, "VisitedNodes": 65}