{"OBBTTime": 0.650666, "rootBTTime": 0.653135, "TotalTime": 0.81873, "LinearTime": 0.0450195, "LowerBound": 389.816, "UpperBound": 390.178, "SolveResult": 0, "FirstLowerBound": 386.148, "VisitedNodes": 31}