{"OBBTTime": 0.37009, "rootBTTime": 0.371848, "TotalTime": 0.420391, "LinearTime": 0.00385353, "LowerBound": 144.022, "UpperBound": 144.022, "SolveResult": 0, "FirstLowerBound": 144.022, "VisitedNodes": 1}