{"OBBTTime": 0.434656, "rootBTTime": 0.436139, "TotalTime": 0.512545, "LinearTime": 0.00963258, "LowerBound": 175.083, "UpperBound": 175.257, "SolveResult": 0, "FirstLowerBound": 174.681, "VisitedNodes": 7}