{"OBBTTime": 0.391916, "rootBTTime": 0.394607, "TotalTime": 0.508246, "LinearTime": 0.0117258, "LowerBound": 148.501, "UpperBound": 148.636, "SolveResult": 0, "FirstLowerBound": 147.857, "VisitedNodes": 9}