{"OBBTTime": 0.432635, "rootBTTime": 0.435143, "TotalTime": 0.830148, "LinearTime": 0.149288, "LowerBound": 135.937, "UpperBound": 136.07, "SolveResult": 0, "FirstLowerBound": 130.314, "VisitedNodes": 161}