{"OBBTTime": 7.03886, "rootBTTime": 7.06105, "TotalTime": 3600.09, "LinearTime": 3049.52, "LowerBound": 3721.15, "UpperBound": 3854.19, "SolveResult": 402, "FirstLowerBound": 2667.84, "VisitedNodes": 54355}