{"OBBTTime": 0.648169, "rootBTTime": 0.650308, "TotalTime": 0.736419, "LinearTime": 0.0114583, "LowerBound": 184.951, "UpperBound": 185.07, "SolveResult": 0, "FirstLowerBound": 184.05, "VisitedNodes": 7}