{"OBBTTime": 7.05148, "rootBTTime": 7.07385, "TotalTime": 3600.02, "LinearTime": 3068.03, "LowerBound": 3256.12, "UpperBound": 3435.05, "SolveResult": 402, "FirstLowerBound": 2272.25, "VisitedNodes": 51635}