{"OBBTTime": 3.02839, "rootBTTime": 3.03899, "TotalTime": 1417.79, "LinearTime": 1141.13, "LowerBound": 1385.18, "UpperBound": 1386.56, "SolveResult": 0, "FirstLowerBound": 1045.18, "VisitedNodes": 63107}