{"OBBTTime": 0.923267, "rootBTTime": 0.926318, "TotalTime": 1.10409, "LinearTime": 0.0510447, "LowerBound": 201.111, "UpperBound": 201.287, "SolveResult": 0, "FirstLowerBound": 194.438, "VisitedNodes": 23}