{"OBBTTime": 6.97498, "rootBTTime": 6.99632, "TotalTime": 828.819, "LinearTime": 686.686, "LowerBound": 3109.53, "UpperBound": 3112.64, "SolveResult": 0, "FirstLowerBound": 2397.75, "VisitedNodes": 13365}