{"OBBTTime": 0.418659, "rootBTTime": 0.420473, "TotalTime": 0.472388, "LinearTime": 0.006316, "LowerBound": 122.049, "UpperBound": 122.111, "SolveResult": 0, "FirstLowerBound": 122.019, "VisitedNodes": 3}