{"OBBTTime": 6.96078, "rootBTTime": 6.98265, "TotalTime": 3600.05, "LinearTime": 3058.38, "LowerBound": 2775.79, "UpperBound": 2965.35, "SolveResult": 402, "FirstLowerBound": 1822.88, "VisitedNodes": 54561}