{"OBBTTime": 0.67871, "rootBTTime": 0.681032, "TotalTime": 0.949487, "LinearTime": 0.0895738, "LowerBound": 96.5755, "UpperBound": 96.6548, "SolveResult": 0, "FirstLowerBound": 94.4088, "VisitedNodes": 69}