{"OBBTTime": 0.973202, "rootBTTime": 0.975838, "TotalTime": 1.10431, "LinearTime": 0.0358142, "LowerBound": 250.597, "UpperBound": 250.841, "SolveResult": 0, "FirstLowerBound": 249.846, "VisitedNodes": 9}