{"OBBTTime": 0.437724, "rootBTTime": 0.4397, "TotalTime": 0.492062, "LinearTime": 0.00555937, "LowerBound": 175.407, "UpperBound": 175.407, "SolveResult": 0, "FirstLowerBound": 175.406, "VisitedNodes": 3}