{"OBBTTime": 0.677279, "rootBTTime": 0.678908, "TotalTime": 0.769383, "LinearTime": 0.0120684, "LowerBound": 139.207, "UpperBound": 139.299, "SolveResult": 0, "FirstLowerBound": 138.721, "VisitedNodes": 9}