{"OBBTTime": 0.672764, "rootBTTime": 0.675775, "TotalTime": 1.37425, "LinearTime": 0.361056, "LowerBound": 335.627, "UpperBound": 335.962, "SolveResult": 0, "FirstLowerBound": 326.299, "VisitedNodes": 215}