{"OBBTTime": 6.92461, "rootBTTime": 6.94588, "TotalTime": 3600.02, "LinearTime": 2985.89, "LowerBound": 3196.97, "UpperBound": 3309.87, "SolveResult": 402, "FirstLowerBound": 2416.01, "VisitedNodes": 62541}