{"OBBTTime": 0.884994, "rootBTTime": 0.888691, "TotalTime": 41.4471, "LinearTime": 28.8036, "LowerBound": 387.12, "UpperBound": 387.507, "SolveResult": 0, "FirstLowerBound": 337.043, "VisitedNodes": 9321}