{"OBBTTime": 0.439042, "rootBTTime": 0.440917, "TotalTime": 0.508034, "LinearTime": 0.00739071, "LowerBound": 136.931, "UpperBound": 136.955, "SolveResult": 0, "FirstLowerBound": 136.881, "VisitedNodes": 3}