{"OBBTTime": 0.873302, "rootBTTime": 0.876241, "TotalTime": 217.461, "LinearTime": 151.592, "LowerBound": 503.975, "UpperBound": 504.479, "SolveResult": 0, "FirstLowerBound": 411.26, "VisitedNodes": 58505}