{"OBBTTime": 0.182667, "rootBTTime": 0.183787, "TotalTime": 0.230945, "LinearTime": 0.000481161, "LowerBound": 92.4734, "UpperBound": 92.4734, "SolveResult": 0, "FirstLowerBound": 92.4734, "VisitedNodes": 1}