{"OBBTTime": 0.962251, "rootBTTime": 0.965865, "TotalTime": 9.30387, "LinearTime": 5.7293, "LowerBound": 327.801, "UpperBound": 328.129, "SolveResult": 0, "FirstLowerBound": 297.269, "VisitedNodes": 2383}