{"OBBTTime": 0.235768, "rootBTTime": 0.236834, "TotalTime": 0.281763, "LinearTime": 0.000381337, "LowerBound": 88.4854, "UpperBound": 88.4854, "SolveResult": 0, "FirstLowerBound": 88.4854, "VisitedNodes": 1}