{"OBBTTime": 0.162252, "rootBTTime": 0.16369, "TotalTime": 0.209661, "LinearTime": 0.000646958, "LowerBound": 121.834, "UpperBound": 121.834, "SolveResult": 0, "FirstLowerBound": 121.834, "VisitedNodes": 1}