{"OBBTTime": 1.44671, "rootBTTime": 1.44983, "TotalTime": 163.399, "LinearTime": 138.244, "LowerBound": 1173.88, "UpperBound": 1175.06, "SolveResult": 0, "FirstLowerBound": 837.397, "VisitedNodes": 6103}