{"OBBTTime": 0.767217, "rootBTTime": 0.768986, "TotalTime": 1.24287, "LinearTime": 0.297449, "LowerBound": 321.705, "UpperBound": 321.997, "SolveResult": 0, "FirstLowerBound": 304.486, "VisitedNodes": 45}