{"OBBTTime": 7.33753, "rootBTTime": 7.35665, "TotalTime": 3600.01, "LinearTime": 3308.42, "LowerBound": 4455.7, "UpperBound": 4473.67, "SolveResult": 402, "FirstLowerBound": 3108.52, "VisitedNodes": 11245}