{"OBBTTime": 1.41349, "rootBTTime": 1.41684, "TotalTime": 172.148, "LinearTime": 150.226, "LowerBound": 1176.69, "UpperBound": 1177.87, "SolveResult": 0, "FirstLowerBound": 652.812, "VisitedNodes": 7313}