{"OBBTTime": 0.324031, "rootBTTime": 0.325291, "TotalTime": 0.704509, "LinearTime": 0.204736, "LowerBound": 105.596, "UpperBound": 105.7, "SolveResult": 0, "FirstLowerBound": 72.885, "VisitedNodes": 121}