{"OBBTTime": 0.345716, "rootBTTime": 0.346696, "TotalTime": 0.396756, "LinearTime": 0.00701128, "LowerBound": 103.648, "UpperBound": 103.676, "SolveResult": 0, "FirstLowerBound": 103.604, "VisitedNodes": 3}