{"OBBTTime": 7.21547, "rootBTTime": 7.23425, "TotalTime": 3600.01, "LinearTime": 3285.2, "LowerBound": 5554.83, "UpperBound": 5619.98, "SolveResult": 402, "FirstLowerBound": 4479.29, "VisitedNodes": 11485}