{"OBBTTime": 0.282344, "rootBTTime": 0.283043, "TotalTime": 0.334944, "LinearTime": 0.00759224, "LowerBound": 40.8849, "UpperBound": 40.8849, "SolveResult": 0, "FirstLowerBound": 40.8849, "VisitedNodes": 1}