{"OBBTTime": 7.25799, "rootBTTime": 7.27741, "TotalTime": 3600.15, "LinearTime": 3244.77, "LowerBound": 6122.46, "UpperBound": 6136.55, "SolveResult": 402, "FirstLowerBound": 4998.8, "VisitedNodes": 12425}