{"OBBTTime": 0.299279, "rootBTTime": 0.30021, "TotalTime": 0.372234, "LinearTime": 0.00863487, "LowerBound": -2.50177, "UpperBound": -2.50177, "SolveResult": 0, "FirstLowerBound": -2.83391, "VisitedNodes": 5}