{"OBBTTime": 0.746107, "rootBTTime": 0.748062, "TotalTime": 17.8431, "LinearTime": 13.8449, "LowerBound": 656.109, "UpperBound": 656.734, "SolveResult": 0, "FirstLowerBound": 490.741, "VisitedNodes": 1841}