{"OBBTTime": 0.785009, "rootBTTime": 0.786862, "TotalTime": 3.10424, "LinearTime": 1.82342, "LowerBound": 338.839, "UpperBound": 339.175, "SolveResult": 0, "FirstLowerBound": 256.991, "VisitedNodes": 255}