{"OBBTTime": 0.357361, "rootBTTime": 0.358299, "TotalTime": 39.6636, "LinearTime": 30.4566, "LowerBound": 11.5017, "UpperBound": 11.5132, "SolveResult": 0, "FirstLowerBound": -7.61123, "VisitedNodes": 15991}