{"OBBTTime": 0.302217, "rootBTTime": 0.303048, "TotalTime": 0.361675, "LinearTime": 0.00781005, "LowerBound": 138.006, "UpperBound": 138.006, "SolveResult": 0, "FirstLowerBound": 137.999, "VisitedNodes": 3}