{"OBBTTime": 0.813192, "rootBTTime": 0.815136, "TotalTime": 3.59145, "LinearTime": 2.23477, "LowerBound": 233.758, "UpperBound": 233.986, "SolveResult": 0, "FirstLowerBound": 102.82, "VisitedNodes": 281}