{"OBBTTime": 6.92317, "rootBTTime": 6.94196, "TotalTime": 3600.17, "LinearTime": 3340.77, "LowerBound": 5375.75, "UpperBound": 5407, "SolveResult": 402, "FirstLowerBound": 4652.03, "VisitedNodes": 11191}