{"OBBTTime": 0.340344, "rootBTTime": 0.341579, "TotalTime": 1.73303, "LinearTime": 0.924777, "LowerBound": 234.524, "UpperBound": 234.752, "SolveResult": 0, "FirstLowerBound": 216.121, "VisitedNodes": 617}