{"OBBTTime": 0.289167, "rootBTTime": 0.290341, "TotalTime": 0.449621, "LinearTime": 0.0399759, "LowerBound": 128.358, "UpperBound": 128.479, "SolveResult": 0, "FirstLowerBound": 125.157, "VisitedNodes": 39}