{"OBBTTime": 0.295268, "rootBTTime": 0.296221, "TotalTime": 0.663077, "LinearTime": 0.172941, "LowerBound": 35.3854, "UpperBound": 35.4199, "SolveResult": 0, "FirstLowerBound": 27.2412, "VisitedNodes": 169}