{"OBBTTime": 0.372688, "rootBTTime": 0.374146, "TotalTime": 8.41705, "LinearTime": 5.94831, "LowerBound": 304.728, "UpperBound": 305.031, "SolveResult": 0, "FirstLowerBound": 229.039, "VisitedNodes": 3403}