{"OBBTTime": 0.280547, "rootBTTime": 0.281355, "TotalTime": 0.853829, "LinearTime": 0.361582, "LowerBound": 201.877, "UpperBound": 202.056, "SolveResult": 0, "FirstLowerBound": 179.755, "VisitedNodes": 145}