{"OBBTTime": 0.452982, "rootBTTime": 0.453855, "TotalTime": 2.12144, "LinearTime": 1.31546, "LowerBound": 73.1139, "UpperBound": 73.1801, "SolveResult": 0, "FirstLowerBound": 26.5473, "VisitedNodes": 177}