{"OBBTTime": 5.66227, "rootBTTime": 5.66785, "TotalTime": 718.576, "LinearTime": 652.502, "LowerBound": 3272.46, "UpperBound": 3275.72, "SolveResult": 0, "FirstLowerBound": 2486.15, "VisitedNodes": 2713}