{"OBBTTime": 0.439366, "rootBTTime": 0.440217, "TotalTime": 15.2499, "LinearTime": 12.0858, "LowerBound": 179.112, "UpperBound": 179.291, "SolveResult": 0, "FirstLowerBound": 17.9361, "VisitedNodes": 1683}