{"OBBTTime": 1.81978, "rootBTTime": 1.82245, "TotalTime": 264.891, "LinearTime": 235.321, "LowerBound": 1213.86, "UpperBound": 1215.08, "SolveResult": 0, "FirstLowerBound": 583.327, "VisitedNodes": 3221}