{"OBBTTime": 0.275341, "rootBTTime": 0.276196, "TotalTime": 0.810616, "LinearTime": 0.330389, "LowerBound": 85.1835, "UpperBound": 85.2595, "SolveResult": 0, "FirstLowerBound": 67.3179, "VisitedNodes": 159}