{"OBBTTime": 0.475465, "rootBTTime": 0.476281, "TotalTime": 0.890607, "LinearTime": 0.26629, "LowerBound": 83.5227, "UpperBound": 83.6011, "SolveResult": 0, "FirstLowerBound": 74.9799, "VisitedNodes": 35}