{"OBBTTime": 0.300236, "rootBTTime": 0.301367, "TotalTime": 0.410356, "LinearTime": 0.0256301, "LowerBound": 25.0663, "UpperBound": 25.0912, "SolveResult": 0, "FirstLowerBound": 24.977, "VisitedNodes": 9}