{"OBBTTime": 0.449118, "rootBTTime": 0.450062, "TotalTime": 24.3772, "LinearTime": 19.2892, "LowerBound": 70.228, "UpperBound": 70.2981, "SolveResult": 0, "FirstLowerBound": -108.101, "VisitedNodes": 2399}