{"OBBTTime": 0.353348, "rootBTTime": 0.354159, "TotalTime": 0.458495, "LinearTime": 0.0303289, "LowerBound": -30.2893, "UpperBound": -30.2893, "SolveResult": 0, "FirstLowerBound": -32.3765, "VisitedNodes": 7}