{"OBBTTime": 5.88819, "rootBTTime": 5.89362, "TotalTime": 3600.01, "LinearTime": 3184.69, "LowerBound": 2749.98, "UpperBound": 2766.66, "SolveResult": 402, "FirstLowerBound": 1573.83, "VisitedNodes": 11415}