{"OBBTTime": 0.357909, "rootBTTime": 0.358816, "TotalTime": 2.34145, "LinearTime": 1.51305, "LowerBound": 90.955, "UpperBound": 91.0453, "SolveResult": 0, "FirstLowerBound": 58.7378, "VisitedNodes": 249}