{"OBBTTime": 0.195506, "rootBTTime": 0.196314, "TotalTime": 0.569725, "LinearTime": 0.210683, "LowerBound": 190.374, "UpperBound": 190.554, "SolveResult": 0, "FirstLowerBound": 166.917, "VisitedNodes": 63}