{"OBBTTime": 0.26591, "rootBTTime": 0.267903, "TotalTime": 1.3589, "LinearTime": 0.778318, "LowerBound": 141.149, "UpperBound": 141.287, "SolveResult": 0, "FirstLowerBound": 107.726, "VisitedNodes": 117}