{"OBBTTime": 0.530809, "rootBTTime": 0.531408, "TotalTime": 1.56405, "LinearTime": 0.768655, "LowerBound": 216.949, "UpperBound": 217.109, "SolveResult": 0, "FirstLowerBound": 148.546, "VisitedNodes": 61}