{"OBBTTime": 0.226112, "rootBTTime": 0.226561, "TotalTime": 0.649005, "LinearTime": 0.228291, "LowerBound": 64.3502, "UpperBound": 64.4017, "SolveResult": 0, "FirstLowerBound": 58.943, "VisitedNodes": 69}