{"OBBTTime": 0.215699, "rootBTTime": 0.217173, "TotalTime": 1.39249, "LinearTime": 0.833428, "LowerBound": -60.9078, "UpperBound": -60.8582, "SolveResult": 0, "FirstLowerBound": -155.428, "VisitedNodes": 219}