{"OBBTTime": 0.614662, "rootBTTime": 0.617884, "TotalTime": 0.718474, "LinearTime": 0.0355152, "LowerBound": -533.927, "UpperBound": -533.805, "SolveResult": 0, "FirstLowerBound": -534.017, "VisitedNodes": 3}