{"OBBTTime": 0.600004, "rootBTTime": 0.603437, "TotalTime": 2.03125, "LinearTime": 1.03119, "LowerBound": 283.592, "UpperBound": 283.659, "SolveResult": 0, "FirstLowerBound": 188.101, "VisitedNodes": 75}