{"OBBTTime": 0.220445, "rootBTTime": 0.22098, "TotalTime": 1.39137, "LinearTime": 0.837753, "LowerBound": 206.126, "UpperBound": 206.23, "SolveResult": 0, "FirstLowerBound": 158.651, "VisitedNodes": 235}