{"OBBTTime": 0.52323, "rootBTTime": 0.523959, "TotalTime": 14.6804, "LinearTime": 11.7116, "LowerBound": 349.241, "UpperBound": 349.59, "SolveResult": 0, "FirstLowerBound": 141.172, "VisitedNodes": 1017}