{"OBBTTime": 0.33066, "rootBTTime": 0.334204, "TotalTime": 0.839283, "LinearTime": 0.305022, "LowerBound": 253.099, "UpperBound": 253.099, "SolveResult": 0, "FirstLowerBound": 190.142, "VisitedNodes": 31}