{"OBBTTime": 0.414962, "rootBTTime": 0.420591, "TotalTime": 0.712876, "LinearTime": 0.147819, "LowerBound": -181.636, "UpperBound": -181.47, "SolveResult": 0, "FirstLowerBound": -185.682, "VisitedNodes": 15}