{"OBBTTime": 0.404885, "rootBTTime": 0.407903, "TotalTime": 2.94942, "LinearTime": 1.91645, "LowerBound": 337.725, "UpperBound": 338.01, "SolveResult": 0, "FirstLowerBound": 239.419, "VisitedNodes": 141}