{"OBBTTime": 0.132228, "rootBTTime": 0.132605, "TotalTime": 0.467275, "LinearTime": 0.164317, "LowerBound": 51.1139, "UpperBound": 51.1608, "SolveResult": 0, "FirstLowerBound": 38.1057, "VisitedNodes": 71}