{"OBBTTime": 0.301938, "rootBTTime": 0.304164, "TotalTime": 0.462065, "LinearTime": 0.0599442, "LowerBound": 85.3687, "UpperBound": 85.3687, "SolveResult": 0, "FirstLowerBound": 80.6053, "VisitedNodes": 9}