{"OBBTTime": 0.169105, "rootBTTime": 0.169511, "TotalTime": 0.723446, "LinearTime": 0.314814, "LowerBound": 116.09, "UpperBound": 116.201, "SolveResult": 0, "FirstLowerBound": 89.458, "VisitedNodes": 91}