{"OBBTTime": 0.132673, "rootBTTime": 0.133011, "TotalTime": 0.515842, "LinearTime": 0.202725, "LowerBound": 220.61, "UpperBound": 220.819, "SolveResult": 0, "FirstLowerBound": 163.596, "VisitedNodes": 63}