{"OBBTTime": 0.151856, "rootBTTime": 0.152408, "TotalTime": 0.220248, "LinearTime": 0.0145197, "LowerBound": 144.519, "UpperBound": 144.557, "SolveResult": 0, "FirstLowerBound": 141.048, "VisitedNodes": 3}