{"OBBTTime": 0.331878, "rootBTTime": 0.335419, "TotalTime": 0.761155, "LinearTime": 0.242893, "LowerBound": 269.514, "UpperBound": 269.623, "SolveResult": 0, "FirstLowerBound": 234.134, "VisitedNodes": 25}