{"OBBTTime": 0.213859, "rootBTTime": 0.21588, "TotalTime": 0.786813, "LinearTime": 0.276563, "LowerBound": 57.7218, "UpperBound": 57.7218, "SolveResult": 0, "FirstLowerBound": 36.3961, "VisitedNodes": 33}