{"OBBTTime": 0.202855, "rootBTTime": 0.207802, "TotalTime": 0.421932, "LinearTime": 0.0658367, "LowerBound": -2885.64, "UpperBound": -2477.2, "SolveResult": 100, "FirstLowerBound": -3178.54, "VisitedNodes": 11}