{"OBBTTime": 0.708144, "rootBTTime": 0.731933, "TotalTime": 1.47664, "LinearTime": 0.519412, "LowerBound": 746.833, "UpperBound": 754.303, "SolveResult": 100, "FirstLowerBound": 699.178, "VisitedNodes": 9}