{"OBBTTime": 0.143224, "rootBTTime": 0.146117, "TotalTime": 0.426715, "LinearTime": 0.120152, "LowerBound": 231.463, "UpperBound": 231.604, "SolveResult": 0, "FirstLowerBound": 189.552, "VisitedNodes": 27}