{"OBBTTime": 0.287916, "rootBTTime": 0.29144, "TotalTime": 3.87291, "LinearTime": 2.44914, "LowerBound": 349.617, "UpperBound": 349.925, "SolveResult": 0, "FirstLowerBound": 210.789, "VisitedNodes": 195}