{"OBBTTime": 0.237888, "rootBTTime": 0.249099, "TotalTime": 0.348121, "LinearTime": 0.0134497, "LowerBound": -52.1617, "UpperBound": -52.1463, "SolveResult": 0, "FirstLowerBound": -52.1617, "VisitedNodes": 3}