{"OBBTTime": 0.27696, "rootBTTime": 0.277376, "TotalTime": 2.25572, "LinearTime": 1.13901, "LowerBound": 89.0555, "UpperBound": 89.0765, "SolveResult": 0, "FirstLowerBound": -233.755, "VisitedNodes": 129}