{"OBBTTime": 0.216305, "rootBTTime": 0.224491, "TotalTime": 1.34992, "LinearTime": 0.107944, "LowerBound": 727.699, "UpperBound": 728.332, "SolveResult": 0, "FirstLowerBound": 717.592, "VisitedNodes": 13}