{"OBBTTime": 0.517832, "rootBTTime": 0.536447, "TotalTime": 1.91286, "LinearTime": 0.915574, "LowerBound": 446.942, "UpperBound": 447.336, "SolveResult": 0, "FirstLowerBound": 308.511, "VisitedNodes": 27}