{"OBBTTime": 0.360208, "rootBTTime": 0.360642, "TotalTime": 6.50388, "LinearTime": 4.40936, "LowerBound": 565.213, "UpperBound": 565.762, "SolveResult": 0, "FirstLowerBound": 269.198, "VisitedNodes": 207}