{"OBBTTime": 0.150197, "rootBTTime": 0.150778, "TotalTime": 0.194689, "LinearTime": 0.00426535, "LowerBound": -268.022, "UpperBound": -268.015, "SolveResult": 0, "FirstLowerBound": -268.047, "VisitedNodes": 3}