{"OBBTTime": 0.429042, "rootBTTime": 0.4299, "TotalTime": 0.604212, "LinearTime": 0.0401763, "LowerBound": 15638.5, "UpperBound": 15639, "SolveResult": 0, "FirstLowerBound": 14438.5, "VisitedNodes": 75}