{"OBBTTime": 0.137179, "rootBTTime": 0.13743, "TotalTime": 188.083, "LinearTime": 108.332, "LowerBound": 7042.2, "UpperBound": 7049.25, "SolveResult": 0, "FirstLowerBound": 2861.73, "VisitedNodes": 362725}