{"OBBTTime": 0.0961713, "rootBTTime": 0.0964034, "TotalTime": 0.143086, "LinearTime": 0.00464093, "LowerBound": -30665.5, "UpperBound": -30665.5, "SolveResult": 0, "FirstLowerBound": -30669.2, "VisitedNodes": 3}