{"OBBTTime": 0.0306265, "rootBTTime": 0.0307037, "TotalTime": 0.159807, "LinearTime": 0.00896611, "LowerBound": -8.34216e-05, "UpperBound": 2.49631e-06, "SolveResult": 0, "FirstLowerBound": -875, "VisitedNodes": 27}