{"OBBTTime": 0.0287339, "rootBTTime": 0.0288146, "TotalTime": 0.129881, "LinearTime": 0.00668694, "LowerBound": -7.49965, "UpperBound": -7.49965, "SolveResult": 0, "FirstLowerBound": -837.5, "VisitedNodes": 17}