{"OBBTTime": 0.0400552, "rootBTTime": 0.0402237, "TotalTime": 0.0981231, "LinearTime": 0.00410876, "LowerBound": -5.50801, "UpperBound": -5.50801, "SolveResult": 0, "FirstLowerBound": -5.72043, "VisitedNodes": 3}