{"OBBTTime": 0.0276515, "rootBTTime": 0.0277302, "TotalTime": 0.148003, "LinearTime": 0.00979932, "LowerBound": -7.47505, "UpperBound": -7.47505, "SolveResult": 0, "FirstLowerBound": -322096, "VisitedNodes": 21}