{"OBBTTime": 0.0279532, "rootBTTime": 0.0280365, "TotalTime": 0.1749, "LinearTime": 0.0110991, "LowerBound": 10.4655, "UpperBound": 10.4655, "SolveResult": 0, "FirstLowerBound": -17385, "VisitedNodes": 23}