{"OBBTTime": 0.0471714, "rootBTTime": 0.0474851, "TotalTime": 0.0890755, "LinearTime": 0.00429981, "LowerBound": -16.7403, "UpperBound": -16.7389, "SolveResult": 0, "FirstLowerBound": -16.7429, "VisitedNodes": 3}