{"OBBTTime": 0.0401967, "rootBTTime": 0.0402751, "TotalTime": 0.128966, "LinearTime": 0.00800822, "LowerBound": -443.711, "UpperBound": -443.652, "SolveResult": 0, "FirstLowerBound": -3001, "VisitedNodes": 13}