{"OBBTTime": 0.377395, "rootBTTime": 0.377902, "TotalTime": 0.719193, "LinearTime": 0.082523, "LowerBound": 1.86386, "UpperBound": 1.86417, "SolveResult": 0, "FirstLowerBound": 0.9979, "VisitedNodes": 141}