{"OBBTTime": 0.295404, "rootBTTime": 0.296762, "TotalTime": 3600.01, "LinearTime": 2714.86, "LowerBound": 2.32344, "UpperBound": 3.23402, "SolveResult": 402, "FirstLowerBound": 1.63219, "VisitedNodes": 826971}