{"OBBTTime": 0.0581792, "rootBTTime": 0.0584208, "TotalTime": 9.27722, "LinearTime": 5.44229, "LowerBound": 7504.72, "UpperBound": 7512.23, "SolveResult": 0, "FirstLowerBound": 3118.73, "VisitedNodes": 18727}