{"OBBTTime": 0.123056, "rootBTTime": 0.123257, "TotalTime": 0.393372, "LinearTime": 0.0930131, "LowerBound": -450.229, "UpperBound": -450, "SolveResult": 0, "FirstLowerBound": -2907.15, "VisitedNodes": 261}