{"OBBTTime": 0.435972, "rootBTTime": 0.437269, "TotalTime": 3600, "LinearTime": 2605.36, "LowerBound": 0.559678, "UpperBound": 0.618573, "SolveResult": 402, "FirstLowerBound": -3.46484, "VisitedNodes": 2962105}