{"OBBTTime": 0.857053, "rootBTTime": 0.860936, "TotalTime": 3599.98, "LinearTime": 2481.22, "LowerBound": -10, "UpperBound": -0.0691196, "SolveResult": 402, "FirstLowerBound": -10, "VisitedNodes": 499609}