{"OBBTTime": 0.851903, "rootBTTime": 0.853788, "TotalTime": 3600, "LinearTime": 3181.02, "LowerBound": -1.36483, "UpperBound": 0.485152, "SolveResult": 402, "FirstLowerBound": -3.33333, "VisitedNodes": 575269}