{"OBBTTime": 0.0807695, "rootBTTime": 0.0817065, "TotalTime": 10.6405, "LinearTime": 7.41011, "LowerBound": 0.0283152, "UpperBound": 0.0293108, "SolveResult": 0, "FirstLowerBound": -14108.3, "VisitedNodes": 4873}