{"OBBTTime": 1.26686, "rootBTTime": 1.27036, "TotalTime": 3600.15, "LinearTime": 2550.52, "LowerBound": 10.2502, "UpperBound": 15.0646, "SolveResult": 402, "FirstLowerBound": 0, "VisitedNodes": 844817}