{"OBBTTime": 0.717642, "rootBTTime": 0.721829, "TotalTime": 3599.99, "LinearTime": 2549.11, "LowerBound": 0.336104, "UpperBound": 2.91461, "SolveResult": 402, "FirstLowerBound": 0, "VisitedNodes": 1135187}