{"OBBTTime": 0.703509, "rootBTTime": 0.707444, "TotalTime": 1145.07, "LinearTime": 780.395, "LowerBound": 14.4811, "UpperBound": 14.4811, "SolveResult": 0, "FirstLowerBound": 0, "VisitedNodes": 410741}