{"OBBTTime": 0.970922, "rootBTTime": 0.971983, "TotalTime": 54.567, "LinearTime": 28.7115, "LowerBound": 0.338602, "UpperBound": 0.339602, "SolveResult": 0, "FirstLowerBound": 0, "VisitedNodes": 24613}