{"OBBTTime": 0.230985, "rootBTTime": 0.231915, "TotalTime": 0.635665, "LinearTime": 0.0889313, "LowerBound": 0.857758, "UpperBound": 0.858407, "SolveResult": 0, "FirstLowerBound": 0, "VisitedNodes": 123}