{"OBBTTime": 0.171339, "rootBTTime": 0.171984, "TotalTime": 0.376837, "LinearTime": 0.0477464, "LowerBound": 0.642964, "UpperBound": 0.643806, "SolveResult": 0, "FirstLowerBound": 0, "VisitedNodes": 89}