{"OBBTTime": 0.969182, "rootBTTime": 0.970691, "TotalTime": 1.1379, "LinearTime": 0.0214091, "LowerBound": 0.199602, "UpperBound": 0.199602, "SolveResult": 0, "FirstLowerBound": 0.199602, "VisitedNodes": 5}