{"OBBTTime": 0.552849, "rootBTTime": 0.554799, "TotalTime": 1116.57, "LinearTime": 745.497, "LowerBound": 1.50206, "UpperBound": 1.50206, "SolveResult": 0, "FirstLowerBound": 0, "VisitedNodes": 407387}