{"OBBTTime": 0.213904, "rootBTTime": 0.214561, "TotalTime": 0.360731, "LinearTime": 0.0137466, "LowerBound": 0.858407, "UpperBound": 0.858407, "SolveResult": 0, "FirstLowerBound": 0, "VisitedNodes": 19}