{"OBBTTime": 0.945716, "rootBTTime": 0.946796, "TotalTime": 24.058, "LinearTime": 12.7653, "LowerBound": 0.338602, "UpperBound": 0.339602, "SolveResult": 0, "FirstLowerBound": 0, "VisitedNodes": 11173}