{"OBBTTime": 0.941159, "rootBTTime": 0.946437, "TotalTime": 3599.99, "LinearTime": 2502.74, "LowerBound": 13.2765, "UpperBound": 13.6019, "SolveResult": 402, "FirstLowerBound": 0, "VisitedNodes": 1025135}