{"OBBTTime": 1.1875, "rootBTTime": 1.1896, "TotalTime": 1.30553, "LinearTime": 0.0197277, "LowerBound": 0.199602, "UpperBound": 0.199602, "SolveResult": 0, "FirstLowerBound": 0.199602, "VisitedNodes": 3}