{"OBBTTime": 0.0295167, "rootBTTime": 0.0295957, "TotalTime": 0.11292, "LinearTime": 0.00612085, "LowerBound": -0.665012, "UpperBound": -0.665012, "SolveResult": 0, "FirstLowerBound": -27.9708, "VisitedNodes": 9}