{"OBBTTime": 0.0283806, "rootBTTime": 0.0284469, "TotalTime": 0.108217, "LinearTime": 0.00600694, "LowerBound": -4.43712, "UpperBound": -4.43653, "SolveResult": 0, "FirstLowerBound": -11.8862, "VisitedNodes": 11}