{"OBBTTime": 0.031638, "rootBTTime": 0.0317267, "TotalTime": 0.193544, "LinearTime": 0.017418, "LowerBound": -0.0410494, "UpperBound": 0.00190251, "SolveResult": 100, "FirstLowerBound": -7661.68, "VisitedNodes": 19}