{"OBBTTime": 0.052716, "rootBTTime": 0.0528689, "TotalTime": 0.163387, "LinearTime": 0.0173786, "LowerBound": -2.61236e-07, "UpperBound": 0, "SolveResult": 0, "FirstLowerBound": -210855, "VisitedNodes": 37}