{"OBBTTime": 4.81317, "rootBTTime": 4.82818, "TotalTime": 3600.01, "LinearTime": 3154.69, "LowerBound": 0.145501, "UpperBound": 0.73809, "SolveResult": 402, "FirstLowerBound": 0, "VisitedNodes": 151501}