{"OBBTTime": 0.70038, "rootBTTime": 0.705659, "TotalTime": 1.34962, "LinearTime": 0.191021, "LowerBound": -550.343, "UpperBound": -549.803, "SolveResult": 0, "FirstLowerBound": -570.135, "VisitedNodes": 189}