{"OBBTTime": 0.713321, "rootBTTime": 0.714865, "TotalTime": 1.03921, "LinearTime": 0.0298122, "LowerBound": -4395.13, "UpperBound": -4391.83, "SolveResult": 0, "FirstLowerBound": -5528.25, "VisitedNodes": 27}