{"OBBTTime": 0.691121, "rootBTTime": 0.693292, "TotalTime": 1.83393, "LinearTime": 0.490209, "LowerBound": -550.34, "UpperBound": -549.803, "SolveResult": 0, "FirstLowerBound": -837.811, "VisitedNodes": 219}