{"OBBTTime": 0.698019, "rootBTTime": 0.703376, "TotalTime": 1.83191, "LinearTime": 0.128068, "LowerBound": -550.317, "UpperBound": -549.803, "SolveResult": 0, "FirstLowerBound": -573.541, "VisitedNodes": 121}