{"OBBTTime": 0.730468, "rootBTTime": 0.733037, "TotalTime": 3.55192, "LinearTime": 0.186235, "LowerBound": -550.29, "UpperBound": -549.803, "SolveResult": 0, "FirstLowerBound": -852.378, "VisitedNodes": 167}