{"OBBTTime": 0.721101, "rootBTTime": 0.722407, "TotalTime": 1.11626, "LinearTime": 0.0587755, "LowerBound": -4393.98, "UpperBound": -4391.83, "SolveResult": 0, "FirstLowerBound": -6028.82, "VisitedNodes": 53}