{"OBBTTime": 0.0399686, "rootBTTime": 0.0402012, "TotalTime": 0.0993737, "LinearTime": 0.00378024, "LowerBound": 1.17712, "UpperBound": 1.17712, "SolveResult": 0, "FirstLowerBound": 1.1771, "VisitedNodes": 3}