{"OBBTTime": 0.0369796, "rootBTTime": 0.0370783, "TotalTime": 1.28166, "LinearTime": 0.523267, "LowerBound": -8.9431e-05, "UpperBound": -8.9431e-05, "SolveResult": 0, "FirstLowerBound": -100, "VisitedNodes": 1771}