{"OBBTTime": 0.312772, "rootBTTime": 0.312862, "TotalTime": 2.097, "LinearTime": 0.715021, "LowerBound": -0.000992925, "UpperBound": 2.32831e-10, "SolveResult": 0, "FirstLowerBound": -318392, "VisitedNodes": 2999}