{"OBBTTime": 0.171244, "rootBTTime": 0.172436, "TotalTime": 0.215947, "LinearTime": 0.00384657, "LowerBound": -42.9626, "UpperBound": -42.9626, "SolveResult": 0, "FirstLowerBound": -42.9626, "VisitedNodes": 1}