{"OBBTTime": 0.0969565, "rootBTTime": 0.0971161, "TotalTime": 0.174061, "LinearTime": 0.00495202, "LowerBound": -70262.1, "UpperBound": -70262.1, "SolveResult": 0, "FirstLowerBound": -72700.1, "VisitedNodes": 5}