{"OBBTTime": 0.0939763, "rootBTTime": 0.0941171, "TotalTime": 0.177364, "LinearTime": 0.0137014, "LowerBound": -86768.6, "UpperBound": -86768.6, "SolveResult": 0, "FirstLowerBound": -86768.6, "VisitedNodes": 1}