{"OBBTTime": 0.155384, "rootBTTime": 0.155869, "TotalTime": 0.357086, "LinearTime": 0.0102999, "LowerBound": -45.3797, "UpperBound": -45.3797, "SolveResult": 0, "FirstLowerBound": -45.4079, "VisitedNodes": 3}