{"OBBTTime": 0.0503773, "rootBTTime": 0.0504595, "TotalTime": 0.250202, "LinearTime": 0.0262416, "LowerBound": -12.501, "UpperBound": -12.4999, "SolveResult": 0, "FirstLowerBound": -18, "VisitedNodes": 117}