{"OBBTTime": 0.0384506, "rootBTTime": 0.0386274, "TotalTime": 0.121711, "LinearTime": 0.00630802, "LowerBound": -1.08371, "UpperBound": -1.08333, "SolveResult": 0, "FirstLowerBound": -1.27856, "VisitedNodes": 17}