{"OBBTTime": 0.0499684, "rootBTTime": 0.0503179, "TotalTime": 0.0919657, "LinearTime": 0.00324789, "LowerBound": 201.159, "UpperBound": 201.159, "SolveResult": 0, "FirstLowerBound": 201.159, "VisitedNodes": 1}