{"OBBTTime": 0.103446, "rootBTTime": 0.104615, "TotalTime": 0.401802, "LinearTime": 0.0886754, "LowerBound": -1162.42, "UpperBound": -1161.34, "SolveResult": 0, "FirstLowerBound": -1500.02, "VisitedNodes": 171}