{"OBBTTime": 0.103628, "rootBTTime": 0.103934, "TotalTime": 0.15032, "LinearTime": 0.00340668, "LowerBound": 0.0156195, "UpperBound": 0.0156195, "SolveResult": 0, "FirstLowerBound": 0.0156195, "VisitedNodes": 1}