{"OBBTTime": 0.0387723, "rootBTTime": 0.038908, "TotalTime": 0.0976719, "LinearTime": 0.00493206, "LowerBound": 0.741782, "UpperBound": 0.741782, "SolveResult": 0, "FirstLowerBound": 0.531737, "VisitedNodes": 7}