{"OBBTTime": 0.0779524, "rootBTTime": 0.0782258, "TotalTime": 0.127838, "LinearTime": 0.00721537, "LowerBound": -185.779, "UpperBound": -185.779, "SolveResult": 0, "FirstLowerBound": -185.779, "VisitedNodes": 1}