{"OBBTTime": 0.0407326, "rootBTTime": 0.0408318, "TotalTime": 0.128883, "LinearTime": 0.0102013, "LowerBound": -118.768, "UpperBound": -118.705, "SolveResult": 0, "FirstLowerBound": -2586.73, "VisitedNodes": 27}