{"OBBTTime": 0.0401887, "rootBTTime": 0.0402843, "TotalTime": 0.112439, "LinearTime": 0.00573101, "LowerBound": -0.500586, "UpperBound": -0.5, "SolveResult": 0, "FirstLowerBound": -0.543292, "VisitedNodes": 11}