{"OBBTTime": 0.146591, "rootBTTime": 0.146746, "TotalTime": 0.486276, "LinearTime": 0.0614824, "LowerBound": 7042.21, "UpperBound": 7049.25, "SolveResult": 0, "FirstLowerBound": 5342.14, "VisitedNodes": 279}