{"OBBTTime": 0.0387068, "rootBTTime": 0.0392113, "TotalTime": 0.0802809, "LinearTime": 0.00372318, "LowerBound": 2.99996, "UpperBound": 3, "SolveResult": 0, "FirstLowerBound": 2.99996, "VisitedNodes": 1}