{"OBBTTime": 0.041922, "rootBTTime": 0.0420547, "TotalTime": 0.103954, "LinearTime": 0.00842591, "LowerBound": -6.66667, "UpperBound": -6.66667, "SolveResult": 0, "FirstLowerBound": -6.66667, "VisitedNodes": 1}