{"OBBTTime": 0.0527466, "rootBTTime": 0.0529035, "TotalTime": 0.0960437, "LinearTime": 0.00421848, "LowerBound": -2.82874, "UpperBound": -2.82843, "SolveResult": 0, "FirstLowerBound": -2.82903, "VisitedNodes": 3}