{"OBBTTime": 0.191056, "rootBTTime": 0.191901, "TotalTime": 0.342224, "LinearTime": 0.0394015, "LowerBound": -1195.33, "UpperBound": -1195.23, "SolveResult": 0, "FirstLowerBound": -2916.81, "VisitedNodes": 31}