{"OBBTTime": 0.188875, "rootBTTime": 0.189697, "TotalTime": 0.334416, "LinearTime": 0.0364809, "LowerBound": -621.533, "UpperBound": -621.488, "SolveResult": 0, "FirstLowerBound": -1456.2, "VisitedNodes": 27}