{"OBBTTime": 0.157502, "rootBTTime": 0.158044, "TotalTime": 0.271214, "LinearTime": 0.0143151, "LowerBound": -795.485, "UpperBound": -794.856, "SolveResult": 0, "FirstLowerBound": -833.422, "VisitedNodes": 25}