{"OBBTTime": 2.32091, "rootBTTime": 2.36171, "TotalTime": 3600.26, "LinearTime": 1895.17, "LowerBound": 1336.11, "UpperBound": 2127.12, "SolveResult": 402, "FirstLowerBound": 1024.8, "VisitedNodes": 298795}