{"OBBTTime": 0.608646, "rootBTTime": 0.62594, "TotalTime": 3600, "LinearTime": 1574.72, "LowerBound": 100.114, "UpperBound": 179769000000000000000000000000000000000000000000000000000000000000000000000000000000000000000000000000000000000000000000000000000000000000000000000000000000000000000000000000000000000000000000000000000000000000000000000000000000000000000000000000000000000000000000000000000000000000000000000000000000000000000, "SolveResult": 402, "FirstLowerBound": 99.8976, "VisitedNodes": 394959}