{"OBBTTime": 0.549636, "rootBTTime": 0.556363, "TotalTime": 3599.99, "LinearTime": 2092.52, "LowerBound": 1863.92, "UpperBound": 2127.12, "SolveResult": 402, "FirstLowerBound": 1024.8, "VisitedNodes": 765059}