{"OBBTTime": 0.161802, "rootBTTime": 0.165058, "TotalTime": 0.49095, "LinearTime": 0.0821601, "LowerBound": 89.8361, "UpperBound": 89.8361, "SolveResult": 0, "FirstLowerBound": 71.9174, "VisitedNodes": 63}