{"OBBTTime": 0.15535, "rootBTTime": 0.158929, "TotalTime": 319.323, "LinearTime": 158.217, "LowerBound": 229.471, "UpperBound": 229.701, "SolveResult": 0, "FirstLowerBound": 99.8976, "VisitedNodes": 72531}