{"OBBTTime": 0.244548, "rootBTTime": 0.247839, "TotalTime": 0.678205, "LinearTime": 0.0192398, "LowerBound": 130.703, "UpperBound": 130.703, "SolveResult": 0, "FirstLowerBound": 83.5372, "VisitedNodes": 23}