{"OBBTTime": 6.16417, "rootBTTime": 6.25456, "TotalTime": 3599.46, "LinearTime": 1681.36, "LowerBound": 704.258, "UpperBound": 1201.04, "SolveResult": 402, "FirstLowerBound": 648, "VisitedNodes": 135585}