{"OBBTTime": 0.0514707, "rootBTTime": 0.0522857, "TotalTime": 0.219633, "LinearTime": 0.00801702, "LowerBound": 130.646, "UpperBound": 130.703, "SolveResult": 0, "FirstLowerBound": 82.0003, "VisitedNodes": 13}