{"OBBTTime": 0.0663202, "rootBTTime": 0.0677447, "TotalTime": 0.27694, "LinearTime": 0.0419004, "LowerBound": 89.7957, "UpperBound": 89.8361, "SolveResult": 0, "FirstLowerBound": 69.2386, "VisitedNodes": 47}