{"OBBTTime": 0.541044, "rootBTTime": 0.569918, "TotalTime": 3600, "LinearTime": 1756.92, "LowerBound": 1490.09, "UpperBound": 179769000000000000000000000000000000000000000000000000000000000000000000000000000000000000000000000000000000000000000000000000000000000000000000000000000000000000000000000000000000000000000000000000000000000000000000000000000000000000000000000000000000000000000000000000000000000000000000000000000000000000000, "SolveResult": 402, "FirstLowerBound": 1212.71, "VisitedNodes": 448133}