{"OBBTTime": 1.00195, "rootBTTime": 1.01744, "TotalTime": 3600, "LinearTime": 2261.17, "LowerBound": 1089.27, "UpperBound": 1201.04, "SolveResult": 402, "FirstLowerBound": 648, "VisitedNodes": 475383}