{"OBBTTime": 1.36171, "rootBTTime": 1.39321, "TotalTime": 3600.04, "LinearTime": 1809.56, "LowerBound": 369.066, "UpperBound": 513.001, "SolveResult": 402, "FirstLowerBound": 337.654, "VisitedNodes": 277469}