{"OBBTTime": 0.225725, "rootBTTime": 0.229593, "TotalTime": 969.586, "LinearTime": 599.153, "LowerBound": 2443.98, "UpperBound": 2446.43, "SolveResult": 0, "FirstLowerBound": 975.484, "VisitedNodes": 252657}