{"OBBTTime": 0.278175, "rootBTTime": 0.284378, "TotalTime": 3599.97, "LinearTime": 2648.85, "LowerBound": 453.434, "UpperBound": 513.001, "SolveResult": 402, "FirstLowerBound": 213.266, "VisitedNodes": 770541}