{"OBBTTime": 0.483477, "rootBTTime": 0.500756, "TotalTime": 7.49102, "LinearTime": 3.52329, "LowerBound": 164.326, "UpperBound": 164.49, "SolveResult": 0, "FirstLowerBound": 133.033, "VisitedNodes": 761}