{"OBBTTime": 8.41519, "rootBTTime": 8.67823, "TotalTime": 3600, "LinearTime": 2925.61, "LowerBound": 524.482, "UpperBound": 556.675, "SolveResult": 402, "FirstLowerBound": 454.29, "VisitedNodes": 35381}