{"OBBTTime": 0.236242, "rootBTTime": 0.242004, "TotalTime": 3600.01, "LinearTime": 2604.75, "LowerBound": 237.563, "UpperBound": 238.733, "SolveResult": 402, "FirstLowerBound": 213.851, "VisitedNodes": 646537}