{"OBBTTime": 7.09762, "rootBTTime": 7.14025, "TotalTime": 3600.02, "LinearTime": 2366.64, "LowerBound": 319.165, "UpperBound": 323.682, "SolveResult": 402, "FirstLowerBound": 250.114, "VisitedNodes": 162377}