{"OBBTTime": 0.525789, "rootBTTime": 0.531756, "TotalTime": 2812.22, "LinearTime": 1768.83, "LowerBound": 104.781, "UpperBound": 104.886, "SolveResult": 0, "FirstLowerBound": 85.5094, "VisitedNodes": 447419}