{"OBBTTime": 0.111739, "rootBTTime": 0.113837, "TotalTime": 3599.99, "LinearTime": 2587.04, "LowerBound": 86.6687, "UpperBound": 86.8333, "SolveResult": 402, "FirstLowerBound": 69.1544, "VisitedNodes": 1215365}