{"OBBTTime": 0.819763, "rootBTTime": 0.836597, "TotalTime": 3599.99, "LinearTime": 2772.95, "LowerBound": 398.64, "UpperBound": 410.635, "SolveResult": 402, "FirstLowerBound": 289.018, "VisitedNodes": 260845}