{"OBBTTime": 0.288929, "rootBTTime": 0.296532, "TotalTime": 3600, "LinearTime": 2583.63, "LowerBound": 156.073, "UpperBound": 157.094, "SolveResult": 402, "FirstLowerBound": 139.511, "VisitedNodes": 576797}