{"OBBTTime": 3.18096, "rootBTTime": 3.20675, "TotalTime": 3599.85, "LinearTime": 1598.07, "LowerBound": 4.72526, "UpperBound": 179769000000000000000000000000000000000000000000000000000000000000000000000000000000000000000000000000000000000000000000000000000000000000000000000000000000000000000000000000000000000000000000000000000000000000000000000000000000000000000000000000000000000000000000000000000000000000000000000000000000000000000, "SolveResult": 402, "FirstLowerBound": 2.36788, "VisitedNodes": 223899}