{"OBBTTime": 3.43326, "rootBTTime": 3.45769, "TotalTime": 3600, "LinearTime": 1265.4, "LowerBound": 88.2091, "UpperBound": 179769000000000000000000000000000000000000000000000000000000000000000000000000000000000000000000000000000000000000000000000000000000000000000000000000000000000000000000000000000000000000000000000000000000000000000000000000000000000000000000000000000000000000000000000000000000000000000000000000000000000000000, "SolveResult": 402, "FirstLowerBound": 66.1983, "VisitedNodes": 159477}