{"OBBTTime": 0.502224, "rootBTTime": 0.504327, "TotalTime": 0.557758, "LinearTime": 0.00591665, "LowerBound": 136.931, "UpperBound": 136.955, "SolveResult": 0, "FirstLowerBound": 136.881, "VisitedNodes": 3}