{"OBBTTime": 0.436681, "rootBTTime": 0.438473, "TotalTime": 0.492266, "LinearTime": 0.00582302, "LowerBound": 122.049, "UpperBound": 122.111, "SolveResult": 0, "FirstLowerBound": 122.019, "VisitedNodes": 3}