{"OBBTTime": 0.451136, "rootBTTime": 0.452209, "TotalTime": 0.499767, "LinearTime": 0.00371011, "LowerBound": 88.4854, "UpperBound": 88.4854, "SolveResult": 0, "FirstLowerBound": 88.4854, "VisitedNodes": 1}