{"OBBTTime": 7.79748, "rootBTTime": 7.80831, "TotalTime": 3600.02, "LinearTime": 2957.98, "LowerBound": 2065.88, "UpperBound": 2086.45, "SolveResult": 402, "FirstLowerBound": 1610.26, "VisitedNodes": 147355}