{"OBBTTime": 7.78333, "rootBTTime": 7.79491, "TotalTime": 3600.03, "LinearTime": 2873.68, "LowerBound": 1798.46, "UpperBound": 1833.29, "SolveResult": 402, "FirstLowerBound": 1288.6, "VisitedNodes": 159293}