{"OBBTTime": 1.14354, "rootBTTime": 1.14648, "TotalTime": 1.86125, "LinearTime": 0.372173, "LowerBound": 335.627, "UpperBound": 335.962, "SolveResult": 0, "FirstLowerBound": 326.299, "VisitedNodes": 215}