{"OBBTTime": 2.25788, "rootBTTime": 2.26011, "TotalTime": 2.43749, "LinearTime": 0.0556675, "LowerBound": 201.111, "UpperBound": 201.287, "SolveResult": 0, "FirstLowerBound": 194.438, "VisitedNodes": 23}