{"OBBTTime": 0.327237, "rootBTTime": 0.328373, "TotalTime": 0.374916, "LinearTime": 0.000468283, "LowerBound": 92.4734, "UpperBound": 92.4734, "SolveResult": 0, "FirstLowerBound": 92.4734, "VisitedNodes": 1}