{"OBBTTime": 0.428767, "rootBTTime": 0.431407, "TotalTime": 0.530893, "LinearTime": 0.0111126, "LowerBound": 148.501, "UpperBound": 148.636, "SolveResult": 0, "FirstLowerBound": 147.857, "VisitedNodes": 9}