{"OBBTTime": 2.26771, "rootBTTime": 2.27067, "TotalTime": 10.5799, "LinearTime": 5.71328, "LowerBound": 327.801, "UpperBound": 328.129, "SolveResult": 0, "FirstLowerBound": 297.269, "VisitedNodes": 2383}