{"OBBTTime": 0.506356, "rootBTTime": 0.50814, "TotalTime": 0.560732, "LinearTime": 0.00506234, "LowerBound": 175.407, "UpperBound": 175.407, "SolveResult": 0, "FirstLowerBound": 175.406, "VisitedNodes": 3}