{"OBBTTime": 0.441634, "rootBTTime": 0.443434, "TotalTime": 0.492316, "LinearTime": 0.00365107, "LowerBound": 144.022, "UpperBound": 144.022, "SolveResult": 0, "FirstLowerBound": 144.022, "VisitedNodes": 1}