{"OBBTTime": 0.26539, "rootBTTime": 0.266811, "TotalTime": 0.310904, "LinearTime": 0.000661708, "LowerBound": 121.834, "UpperBound": 121.834, "SolveResult": 0, "FirstLowerBound": 121.834, "VisitedNodes": 1}