{"OBBTTime": 0.490237, "rootBTTime": 0.491802, "TotalTime": 0.567742, "LinearTime": 0.0077033, "LowerBound": 175.083, "UpperBound": 175.257, "SolveResult": 0, "FirstLowerBound": 174.681, "VisitedNodes": 7}