{"OBBTTime": 0.486887, "rootBTTime": 0.489372, "TotalTime": 0.884733, "LinearTime": 0.149754, "LowerBound": 135.937, "UpperBound": 136.07, "SolveResult": 0, "FirstLowerBound": 130.314, "VisitedNodes": 161}