{"OBBTTime": 4.16488, "rootBTTime": 4.16691, "TotalTime": 21.0743, "LinearTime": 13.6557, "LowerBound": 656.079, "UpperBound": 656.734, "SolveResult": 0, "FirstLowerBound": 492.925, "VisitedNodes": 1823}