{"OBBTTime": 0.721046, "rootBTTime": 0.722003, "TotalTime": 0.793813, "LinearTime": 0.00797733, "LowerBound": -2.50177, "UpperBound": -2.50177, "SolveResult": 0, "FirstLowerBound": -2.83392, "VisitedNodes": 5}