{"OBBTTime": 0.691447, "rootBTTime": 0.692378, "TotalTime": 1.07969, "LinearTime": 0.1815, "LowerBound": 35.3869, "UpperBound": 35.4199, "SolveResult": 0, "FirstLowerBound": 27.0759, "VisitedNodes": 177}