{"OBBTTime": 4.64894, "rootBTTime": 4.65112, "TotalTime": 111.918, "LinearTime": 90.7594, "LowerBound": 706.476, "UpperBound": 707.183, "SolveResult": 0, "FirstLowerBound": 530.036, "VisitedNodes": 10435}