{"OBBTTime": 0.620109, "rootBTTime": 0.62093, "TotalTime": 0.670547, "LinearTime": 0.00400946, "LowerBound": 40.8849, "UpperBound": 40.8849, "SolveResult": 0, "FirstLowerBound": 40.8849, "VisitedNodes": 1}