{"OBBTTime": 9.58518, "rootBTTime": 9.58833, "TotalTime": 168.421, "LinearTime": 135.651, "LowerBound": 1173.88, "UpperBound": 1175.06, "SolveResult": 0, "FirstLowerBound": 839.913, "VisitedNodes": 5987}