{"OBBTTime": 8.98969, "rootBTTime": 8.99304, "TotalTime": 180.868, "LinearTime": 151.274, "LowerBound": 1176.69, "UpperBound": 1177.87, "SolveResult": 0, "FirstLowerBound": 653.935, "VisitedNodes": 7355}