{"OBBTTime": 0.779473, "rootBTTime": 0.78034, "TotalTime": 0.835693, "LinearTime": 0.00586545, "LowerBound": 138.002, "UpperBound": 138.006, "SolveResult": 0, "FirstLowerBound": 137.966, "VisitedNodes": 3}