{"OBBTTime": 1.31178, "rootBTTime": 1.31274, "TotalTime": 40.2433, "LinearTime": 30.2114, "LowerBound": 11.5017, "UpperBound": 11.5132, "SolveResult": 0, "FirstLowerBound": -7.61125, "VisitedNodes": 15855}