{"OBBTTime": 0.691473, "rootBTTime": 0.692837, "TotalTime": 0.856268, "LinearTime": 0.0426749, "LowerBound": 128.358, "UpperBound": 128.479, "SolveResult": 0, "FirstLowerBound": 125.157, "VisitedNodes": 39}