{"OBBTTime": 1.31924, "rootBTTime": 1.32007, "TotalTime": 1.92222, "LinearTime": 0.383743, "LowerBound": 201.869, "UpperBound": 202.056, "SolveResult": 0, "FirstLowerBound": 179.844, "VisitedNodes": 147}