{"OBBTTime": 1.34175, "rootBTTime": 1.34247, "TotalTime": 1.93297, "LinearTime": 0.372619, "LowerBound": 85.1827, "UpperBound": 85.2595, "SolveResult": 0, "FirstLowerBound": 66.5439, "VisitedNodes": 175}