{"OBBTTime": 4.03643, "rootBTTime": 4.03745, "TotalTime": 18.5601, "LinearTime": 12.5255, "LowerBound": 88.8787, "UpperBound": 88.9636, "SolveResult": 0, "FirstLowerBound": -69.4414, "VisitedNodes": 1385}