{"OBBTTime": 1.88097, "rootBTTime": 1.88297, "TotalTime": 3.17459, "LinearTime": 0.940636, "LowerBound": 141.147, "UpperBound": 141.287, "SolveResult": 0, "FirstLowerBound": 106.672, "VisitedNodes": 139}