{"OBBTTime": 0.844126, "rootBTTime": 0.844519, "TotalTime": 1.20729, "LinearTime": 0.173769, "LowerBound": 51.1118, "UpperBound": 51.1608, "SolveResult": 0, "FirstLowerBound": 37.5731, "VisitedNodes": 75}