{"OBBTTime": 0.937104, "rootBTTime": 0.937459, "TotalTime": 1.48234, "LinearTime": 0.323218, "LowerBound": 116.102, "UpperBound": 116.201, "SolveResult": 0, "FirstLowerBound": 89.4523, "VisitedNodes": 93}