{"OBBTTime": 0.840127, "rootBTTime": 0.840468, "TotalTime": 1.22779, "LinearTime": 0.204825, "LowerBound": 220.617, "UpperBound": 220.819, "SolveResult": 0, "FirstLowerBound": 163.715, "VisitedNodes": 63}