{"OBBTTime": 0.861263, "rootBTTime": 0.861829, "TotalTime": 0.926934, "LinearTime": 0.0105918, "LowerBound": 144.519, "UpperBound": 144.557, "SolveResult": 0, "FirstLowerBound": 140.89, "VisitedNodes": 3}