{"OBBTTime": 5.46845, "rootBTTime": 5.49244, "TotalTime": 6.61924, "LinearTime": 0.913889, "LowerBound": 741.397, "UpperBound": 754.303, "SolveResult": 100, "FirstLowerBound": 725.482, "VisitedNodes": 7}