{"OBBTTime": 0.885578, "rootBTTime": 0.88839, "TotalTime": 1.19704, "LinearTime": 0.143253, "LowerBound": 231.456, "UpperBound": 231.604, "SolveResult": 0, "FirstLowerBound": 188.319, "VisitedNodes": 31}