{"OBBTTime": 0.174693, "rootBTTime": 0.175256, "TotalTime": 0.222107, "LinearTime": 0.00472897, "LowerBound": -268.022, "UpperBound": -268.015, "SolveResult": 0, "FirstLowerBound": -268.047, "VisitedNodes": 3}