{"OBBTTime": 0.658066, "rootBTTime": 0.658915, "TotalTime": 0.833695, "LinearTime": 0.040785, "LowerBound": 15638.5, "UpperBound": 15639, "SolveResult": 0, "FirstLowerBound": 14438.5, "VisitedNodes": 75}