{"OBBTTime": 0.20554, "rootBTTime": 0.205787, "TotalTime": 189.4, "LinearTime": 109.877, "LowerBound": 7042.2, "UpperBound": 7049.25, "SolveResult": 0, "FirstLowerBound": 2861.68, "VisitedNodes": 362873}