{"OBBTTime": 0.142006, "rootBTTime": 0.142251, "TotalTime": 0.204199, "LinearTime": 0.00551251, "LowerBound": -30665.5, "UpperBound": -30665.5, "SolveResult": 0, "FirstLowerBound": -30669.2, "VisitedNodes": 3}