{"OBBTTime": 0.0326152, "rootBTTime": 0.0326916, "TotalTime": 0.179179, "LinearTime": 0.0106034, "LowerBound": 10.4655, "UpperBound": 10.4655, "SolveResult": 0, "FirstLowerBound": -17385, "VisitedNodes": 23}