{"OBBTTime": 0.0397484, "rootBTTime": 0.0399097, "TotalTime": 0.0883665, "LinearTime": 0.00403418, "LowerBound": -5.50801, "UpperBound": -5.50801, "SolveResult": 0, "FirstLowerBound": -5.72048, "VisitedNodes": 3}