{"OBBTTime": 0.0261296, "rootBTTime": 0.0262079, "TotalTime": 0.150055, "LinearTime": 0.00953363, "LowerBound": -8.34216e-05, "UpperBound": 2.49631e-06, "SolveResult": 0, "FirstLowerBound": -875, "VisitedNodes": 27}