{"OBBTTime": 0.0500642, "rootBTTime": 0.0503978, "TotalTime": 0.0926111, "LinearTime": 0.00426603, "LowerBound": -16.7458, "UpperBound": -16.7389, "SolveResult": 0, "FirstLowerBound": -16.7549, "VisitedNodes": 3}