{"OBBTTime": 0.0385771, "rootBTTime": 0.0386502, "TotalTime": 0.123608, "LinearTime": 0.00638532, "LowerBound": -443.711, "UpperBound": -443.652, "SolveResult": 0, "FirstLowerBound": -3001, "VisitedNodes": 13}