{"OBBTTime": 0.0304416, "rootBTTime": 0.0305264, "TotalTime": 0.153576, "LinearTime": 0.0101223, "LowerBound": -7.47505, "UpperBound": -7.47505, "SolveResult": 0, "FirstLowerBound": -322096, "VisitedNodes": 21}