{"OBBTTime": 0.0265021, "rootBTTime": 0.0265778, "TotalTime": 0.129587, "LinearTime": 0.00810891, "LowerBound": -7.49965, "UpperBound": -7.49965, "SolveResult": 0, "FirstLowerBound": -837.5, "VisitedNodes": 17}