{"OBBTTime": 0.666577, "rootBTTime": 0.667303, "TotalTime": 0.98791, "LinearTime": 0.0833811, "LowerBound": 1.86386, "UpperBound": 1.86417, "SolveResult": 0, "FirstLowerBound": 0.9979, "VisitedNodes": 141}