{"OBBTTime": 0.160464, "rootBTTime": 0.160668, "TotalTime": 0.432659, "LinearTime": 0.0937472, "LowerBound": -450.229, "UpperBound": -450, "SolveResult": 0, "FirstLowerBound": -2907.15, "VisitedNodes": 261}