{"OBBTTime": 0.189091, "rootBTTime": 0.189334, "TotalTime": 9.32719, "LinearTime": 5.38472, "LowerBound": 7504.72, "UpperBound": 7512.23, "SolveResult": 0, "FirstLowerBound": 3118.73, "VisitedNodes": 18727}