{"OBBTTime": 11.5425, "rootBTTime": 11.5439, "TotalTime": 3600.02, "LinearTime": 2712.21, "LowerBound": 2.32488, "UpperBound": 3.23402, "SolveResult": 402, "FirstLowerBound": 1.63219, "VisitedNodes": 824963}