{"OBBTTime": 4.01767, "rootBTTime": 4.01954, "TotalTime": 3600.01, "LinearTime": 3187.71, "LowerBound": -1.36728, "UpperBound": 0.485152, "SolveResult": 402, "FirstLowerBound": -3.33333, "VisitedNodes": 572611}