{"OBBTTime": 0.42802, "rootBTTime": 0.428961, "TotalTime": 8.76376, "LinearTime": 5.75064, "LowerBound": 0.0283159, "UpperBound": 0.0293108, "SolveResult": 0, "FirstLowerBound": -13963.5, "VisitedNodes": 3891}