{"OBBTTime": 0.897954, "rootBTTime": 0.899119, "TotalTime": 3600, "LinearTime": 2610.95, "LowerBound": 0.558136, "UpperBound": 0.618573, "SolveResult": 402, "FirstLowerBound": -3.46484, "VisitedNodes": 2930037}