{"OBBTTime": 1.7335, "rootBTTime": 1.73505, "TotalTime": 1.90373, "LinearTime": 0.0203513, "LowerBound": 0.199602, "UpperBound": 0.199602, "SolveResult": 0, "FirstLowerBound": 0.199602, "VisitedNodes": 5}