{"OBBTTime": 1.99226, "rootBTTime": 1.99657, "TotalTime": 3600.01, "LinearTime": 2576.79, "LowerBound": 0.182709, "UpperBound": 2.91461, "SolveResult": 402, "FirstLowerBound": 0, "VisitedNodes": 1145829}