{"OBBTTime": 0.357826, "rootBTTime": 0.358493, "TotalTime": 0.510965, "LinearTime": 0.0162231, "LowerBound": 0.858407, "UpperBound": 0.858407, "SolveResult": 0, "FirstLowerBound": 0, "VisitedNodes": 21}