{"OBBTTime": 0.250482, "rootBTTime": 0.251235, "TotalTime": 0.477911, "LinearTime": 0.0629712, "LowerBound": 0.643406, "UpperBound": 0.643806, "SolveResult": 0, "FirstLowerBound": 0, "VisitedNodes": 119}