{"OBBTTime": 0.486323, "rootBTTime": 0.487105, "TotalTime": 0.86727, "LinearTime": 0.0898849, "LowerBound": 0.857758, "UpperBound": 0.858407, "SolveResult": 0, "FirstLowerBound": 0, "VisitedNodes": 121}