{"OBBTTime": 2.22646, "rootBTTime": 2.22834, "TotalTime": 2.34674, "LinearTime": 0.0186779, "LowerBound": 0.199602, "UpperBound": 0.199602, "SolveResult": 0, "FirstLowerBound": 0.199602, "VisitedNodes": 3}