{"OBBTTime": 0.0294691, "rootBTTime": 0.0295584, "TotalTime": 0.187793, "LinearTime": 0.0169086, "LowerBound": -0.0410494, "UpperBound": 0.00190251, "SolveResult": 100, "FirstLowerBound": -7661.68, "VisitedNodes": 19}