{"OBBTTime": 0.0310691, "rootBTTime": 0.0311494, "TotalTime": 0.140223, "LinearTime": 0.00592607, "LowerBound": -0.665012, "UpperBound": -0.665012, "SolveResult": 0, "FirstLowerBound": -27.9708, "VisitedNodes": 9}