{"OBBTTime": 0.0288357, "rootBTTime": 0.0289055, "TotalTime": 0.108942, "LinearTime": 0.00617067, "LowerBound": -4.43712, "UpperBound": -4.43653, "SolveResult": 0, "FirstLowerBound": -11.8862, "VisitedNodes": 11}