{"OBBTTime": 0.0740607, "rootBTTime": 0.0742162, "TotalTime": 0.181319, "LinearTime": 0.0155325, "LowerBound": -2.61236e-07, "UpperBound": 0, "SolveResult": 0, "FirstLowerBound": -210855, "VisitedNodes": 37}