{"OBBTTime": 16.7726, "rootBTTime": 16.7875, "TotalTime": 3599.99, "LinearTime": 3152.86, "LowerBound": 0.12762, "UpperBound": 0.705086, "SolveResult": 402, "FirstLowerBound": 0, "VisitedNodes": 157031}