{"OBBTTime": 29.7004, "rootBTTime": 29.7658, "TotalTime": 3600, "LinearTime": 3294.16, "LowerBound": 0.0712336, "UpperBound": 0.707107, "SolveResult": 402, "FirstLowerBound": 0, "VisitedNodes": 41105}