{"OBBTTime": 0.0967107, "rootBTTime": 0.0968133, "TotalTime": 1.47596, "LinearTime": 0.574384, "LowerBound": -8.22828e-05, "UpperBound": -8.22828e-05, "SolveResult": 0, "FirstLowerBound": -100, "VisitedNodes": 1941}