{"OBBTTime": 0.0422028, "rootBTTime": 0.0424454, "TotalTime": 0.0846513, "LinearTime": 0.00370475, "LowerBound": 1.17712, "UpperBound": 1.17712, "SolveResult": 0, "FirstLowerBound": 1.1771, "VisitedNodes": 3}