{"OBBTTime": 0.0728174, "rootBTTime": 0.0729112, "TotalTime": 1.88379, "LinearTime": 0.738165, "LowerBound": -0.000861169, "UpperBound": 2.32831e-10, "SolveResult": 0, "FirstLowerBound": -352334, "VisitedNodes": 3021}