{"OBBTTime": 0.197082, "rootBTTime": 0.19753, "TotalTime": 0.249936, "LinearTime": 0.0044673, "LowerBound": -45.3797, "UpperBound": -45.3797, "SolveResult": 0, "FirstLowerBound": -45.4079, "VisitedNodes": 3}