{"OBBTTime": 0.104482, "rootBTTime": 0.104617, "TotalTime": 0.151844, "LinearTime": 0.00392879, "LowerBound": -86768.6, "UpperBound": -86768.6, "SolveResult": 0, "FirstLowerBound": -86768.6, "VisitedNodes": 1}