{"OBBTTime": 0.113155, "rootBTTime": 0.113326, "TotalTime": 0.191619, "LinearTime": 0.00446481, "LowerBound": -70262.1, "UpperBound": -70262.1, "SolveResult": 0, "FirstLowerBound": -72700.1, "VisitedNodes": 5}