{"OBBTTime": 0.203759, "rootBTTime": 0.204956, "TotalTime": 0.248724, "LinearTime": 0.00360147, "LowerBound": -42.9626, "UpperBound": -42.9626, "SolveResult": 0, "FirstLowerBound": -42.9626, "VisitedNodes": 1}