{"OBBTTime": 0.0538378, "rootBTTime": 0.0539355, "TotalTime": 0.250991, "LinearTime": 0.0261225, "LowerBound": -12.501, "UpperBound": -12.4999, "SolveResult": 0, "FirstLowerBound": -18, "VisitedNodes": 117}