{"OBBTTime": 0.0421099, "rootBTTime": 0.0421996, "TotalTime": 0.116549, "LinearTime": 0.00580829, "LowerBound": -0.500586, "UpperBound": -0.5, "SolveResult": 0, "FirstLowerBound": -0.543292, "VisitedNodes": 11}