{"OBBTTime": 0.0449082, "rootBTTime": 0.0450704, "TotalTime": 0.131153, "LinearTime": 0.00651751, "LowerBound": -1.08371, "UpperBound": -1.08333, "SolveResult": 0, "FirstLowerBound": -1.27856, "VisitedNodes": 17}