{"OBBTTime": 0.136722, "rootBTTime": 0.137033, "TotalTime": 0.190561, "LinearTime": 0.00353936, "LowerBound": 0.0156195, "UpperBound": 0.0156195, "SolveResult": 0, "FirstLowerBound": 0.0156195, "VisitedNodes": 1}