{"OBBTTime": 0.0960211, "rootBTTime": 0.0961729, "TotalTime": 0.324282, "LinearTime": 0.0647668, "LowerBound": 7042.21, "UpperBound": 7049.25, "SolveResult": 0, "FirstLowerBound": 5342.14, "VisitedNodes": 279}