{"OBBTTime": 0.0442099, "rootBTTime": 0.0443498, "TotalTime": 0.102491, "LinearTime": 0.0051621, "LowerBound": 0.741782, "UpperBound": 0.741782, "SolveResult": 0, "FirstLowerBound": 0.531737, "VisitedNodes": 7}