{"OBBTTime": 0.041304, "rootBTTime": 0.0414123, "TotalTime": 0.132676, "LinearTime": 0.0107082, "LowerBound": -118.786, "UpperBound": -118.705, "SolveResult": 0, "FirstLowerBound": -3053.59, "VisitedNodes": 27}