{"OBBTTime": 0.0634596, "rootBTTime": 0.0639577, "TotalTime": 0.116396, "LinearTime": 0.00622345, "LowerBound": -6.66667, "UpperBound": -6.66667, "SolveResult": 0, "FirstLowerBound": -6.66667, "VisitedNodes": 1}