{"OBBTTime": 0.0531483, "rootBTTime": 0.0533033, "TotalTime": 0.0953861, "LinearTime": 0.00450961, "LowerBound": -2.82874, "UpperBound": -2.82843, "SolveResult": 0, "FirstLowerBound": -2.82902, "VisitedNodes": 3}