{"OBBTTime": 0.431984, "rootBTTime": 0.433171, "TotalTime": 0.718511, "LinearTime": 0.0876176, "LowerBound": -1162.49, "UpperBound": -1161.34, "SolveResult": 0, "FirstLowerBound": -1506.17, "VisitedNodes": 163}