{"OBBTTime": 0.045695, "rootBTTime": 0.0459748, "TotalTime": 0.101507, "LinearTime": 0.00645405, "LowerBound": -185.779, "UpperBound": -185.779, "SolveResult": 0, "FirstLowerBound": -185.779, "VisitedNodes": 1}