{"OBBTTime": 0.0437675, "rootBTTime": 0.0442684, "TotalTime": 0.0848256, "LinearTime": 0.00335621, "LowerBound": 2.99996, "UpperBound": 3, "SolveResult": 0, "FirstLowerBound": 2.99996, "VisitedNodes": 1}