{"OBBTTime": 0.0647394, "rootBTTime": 0.0651048, "TotalTime": 0.108006, "LinearTime": 0.00337552, "LowerBound": 201.159, "UpperBound": 201.159, "SolveResult": 0, "FirstLowerBound": 201.159, "VisitedNodes": 1}