{"OBBTTime": 0.504578, "rootBTTime": 0.505385, "TotalTime": 0.656912, "LinearTime": 0.0392507, "LowerBound": -1195.33, "UpperBound": -1195.23, "SolveResult": 0, "FirstLowerBound": -2916.81, "VisitedNodes": 31}