{"OBBTTime": 0.515149, "rootBTTime": 0.515964, "TotalTime": 0.658324, "LinearTime": 0.0333431, "LowerBound": -621.533, "UpperBound": -621.488, "SolveResult": 0, "FirstLowerBound": -1456.2, "VisitedNodes": 27}