{"OBBTTime": 0.203591, "rootBTTime": 0.204107, "TotalTime": 0.316004, "LinearTime": 0.0144773, "LowerBound": -795.485, "UpperBound": -794.856, "SolveResult": 0, "FirstLowerBound": -833.422, "VisitedNodes": 25}