{"OBBTTime": 0.75054, "rootBTTime": 0.75196, "TotalTime": 0.960387, "LinearTime": 0.0422859, "LowerBound": 89.7957, "UpperBound": 89.8361, "SolveResult": 0, "FirstLowerBound": 69.2386, "VisitedNodes": 47}