{"OBBTTime": 2.90052, "rootBTTime": 2.90442, "TotalTime": 973.158, "LinearTime": 600.785, "LowerBound": 2443.98, "UpperBound": 2446.43, "SolveResult": 0, "FirstLowerBound": 975.484, "VisitedNodes": 255399}