{"OBBTTime": 1.16795, "rootBTTime": 1.17125, "TotalTime": 1.36588, "LinearTime": 0.0190206, "LowerBound": 130.703, "UpperBound": 130.703, "SolveResult": 0, "FirstLowerBound": 83.5372, "VisitedNodes": 23}