{"OBBTTime": 3.24294, "rootBTTime": 3.24659, "TotalTime": 295.166, "LinearTime": 145.443, "LowerBound": 229.471, "UpperBound": 229.701, "SolveResult": 0, "FirstLowerBound": 99.8976, "VisitedNodes": 67639}