{"OBBTTime": 0.402104, "rootBTTime": 0.402923, "TotalTime": 0.51333, "LinearTime": 0.00825484, "LowerBound": 130.646, "UpperBound": 130.703, "SolveResult": 0, "FirstLowerBound": 82.0003, "VisitedNodes": 13}