{"OBBTTime": 0.22762, "rootBTTime": 0.230803, "TotalTime": 0.563708, "LinearTime": 0.0827499, "LowerBound": 89.8361, "UpperBound": 89.8361, "SolveResult": 0, "FirstLowerBound": 71.9174, "VisitedNodes": 63}