{"OBBTTime": 0.662988, "rootBTTime": 0.680412, "TotalTime": 3600, "LinearTime": 1572.41, "LowerBound": 100.116, "UpperBound": 179769000000000000000000000000000000000000000000000000000000000000000000000000000000000000000000000000000000000000000000000000000000000000000000000000000000000000000000000000000000000000000000000000000000000000000000000000000000000000000000000000000000000000000000000000000000000000000000000000000000000000000, "SolveResult": 402, "FirstLowerBound": 99.8976, "VisitedNodes": 395753}