{"OBBTTime": 9.62445, "rootBTTime": 9.63038, "TotalTime": 2814.94, "LinearTime": 1752.09, "LowerBound": 104.781, "UpperBound": 104.886, "SolveResult": 0, "FirstLowerBound": 85.5094, "VisitedNodes": 438809}