{"OBBTTime": 0.919792, "rootBTTime": 0.936987, "TotalTime": 10.1155, "LinearTime": 3.52448, "LowerBound": 164.326, "UpperBound": 164.49, "SolveResult": 0, "FirstLowerBound": 133.033, "VisitedNodes": 745}