{"OBBTTime": 7.39697, "rootBTTime": 7.40278, "TotalTime": 3600.01, "LinearTime": 2597.4, "LowerBound": 237.564, "UpperBound": 238.733, "SolveResult": 402, "FirstLowerBound": 213.851, "VisitedNodes": 642661}