{"OBBTTime": 2.10207, "rootBTTime": 2.10423, "TotalTime": 3600, "LinearTime": 2583.9, "LowerBound": 86.6682, "UpperBound": 86.8333, "SolveResult": 402, "FirstLowerBound": 69.1544, "VisitedNodes": 1207377}