{"OBBTTime": 7.41721, "rootBTTime": 7.50821, "TotalTime": 3600, "LinearTime": 2218.48, "LowerBound": 80.1705, "UpperBound": 179769000000000000000000000000000000000000000000000000000000000000000000000000000000000000000000000000000000000000000000000000000000000000000000000000000000000000000000000000000000000000000000000000000000000000000000000000000000000000000000000000000000000000000000000000000000000000000000000000000000000000000, "SolveResult": 402, "FirstLowerBound": 77.6442, "VisitedNodes": 86823}