{"OBBTTime": 1.06301, "rootBTTime": 1.07779, "TotalTime": 3600.01, "LinearTime": 2195.82, "LowerBound": 1003, "UpperBound": 1201.04, "SolveResult": 402, "FirstLowerBound": 648, "VisitedNodes": 429323}