{"OBBTTime": 2.23517, "rootBTTime": 2.27287, "TotalTime": 3600.03, "LinearTime": 2008.03, "LowerBound": 1376.9, "UpperBound": 2127.12, "SolveResult": 402, "FirstLowerBound": 1024.8, "VisitedNodes": 302925}