{"OBBTTime": 9.54596, "rootBTTime": 9.92345, "TotalTime": 3600.02, "LinearTime": 2667.24, "LowerBound": 779.527, "UpperBound": 797.977, "SolveResult": 402, "FirstLowerBound": 753.253, "VisitedNodes": 28607}