{"OBBTTime": 8.92592, "rootBTTime": 9.00424, "TotalTime": 709.798, "LinearTime": 307.583, "LowerBound": 365.418, "UpperBound": 365.784, "SolveResult": 0, "FirstLowerBound": 353.872, "VisitedNodes": 20449}