{"OBBTTime": 2.06793, "rootBTTime": 2.09367, "TotalTime": 3600.01, "LinearTime": 1606.69, "LowerBound": 4.80219, "UpperBound": 179769000000000000000000000000000000000000000000000000000000000000000000000000000000000000000000000000000000000000000000000000000000000000000000000000000000000000000000000000000000000000000000000000000000000000000000000000000000000000000000000000000000000000000000000000000000000000000000000000000000000000000, "SolveResult": 402, "FirstLowerBound": 2.36788, "VisitedNodes": 226639}