{"OBBTTime": 1.31603, "rootBTTime": 1.34771, "TotalTime": 3599.96, "LinearTime": 1911.38, "LowerBound": 370.328, "UpperBound": 513.001, "SolveResult": 402, "FirstLowerBound": 337.654, "VisitedNodes": 295965}