{"OBBTTime": 1.86641, "rootBTTime": 1.90879, "TotalTime": 3600.02, "LinearTime": 1781.33, "LowerBound": 1103.42, "UpperBound": 1358.66, "SolveResult": 402, "FirstLowerBound": 964.444, "VisitedNodes": 217411}