{"OBBTTime": 1.52152, "rootBTTime": 1.59229, "TotalTime": 3600.01, "LinearTime": 1767.49, "LowerBound": 312.454, "UpperBound": 312.922, "SolveResult": 402, "FirstLowerBound": 304.146, "VisitedNodes": 110443}