{"OBBTTime": 6.22339, "rootBTTime": 6.31211, "TotalTime": 3600.03, "LinearTime": 1956.98, "LowerBound": 713.398, "UpperBound": 1201.04, "SolveResult": 402, "FirstLowerBound": 648, "VisitedNodes": 157041}