{"OBBTTime": 7.15466, "rootBTTime": 7.41331, "TotalTime": 3600.03, "LinearTime": 3040.87, "LowerBound": 596.969, "UpperBound": 662.807, "SolveResult": 402, "FirstLowerBound": 545.272, "VisitedNodes": 31381}