{"OBBTTime": 0.634434, "rootBTTime": 0.658897, "TotalTime": 3600.01, "LinearTime": 1623.47, "LowerBound": 578.074, "UpperBound": 586.68, "SolveResult": 402, "FirstLowerBound": 225, "VisitedNodes": 408377}