{"OBBTTime": 0.439283, "rootBTTime": 0.441171, "TotalTime": 0.497314, "LinearTime": 0.00858496, "LowerBound": 136.931, "UpperBound": 136.955, "SolveResult": 0, "FirstLowerBound": 136.881, "VisitedNodes": 3}