{"OBBTTime": 0.701211, "rootBTTime": 0.703514, "TotalTime": 1.11917, "LinearTime": 0.10864, "LowerBound": 96.5667, "UpperBound": 96.6548, "SolveResult": 0, "FirstLowerBound": 94.4088, "VisitedNodes": 67}