{"OBBTTime": 0.166532, "rootBTTime": 0.167921, "TotalTime": 0.215976, "LinearTime": 0.0011737, "LowerBound": 121.834, "UpperBound": 121.834, "SolveResult": 0, "FirstLowerBound": 121.834, "VisitedNodes": 1}