{"OBBTTime": 0.400069, "rootBTTime": 0.401923, "TotalTime": 0.454742, "LinearTime": 0.00621586, "LowerBound": 122.049, "UpperBound": 122.111, "SolveResult": 0, "FirstLowerBound": 122.019, "VisitedNodes": 3}