{"OBBTTime": 0.663841, "rootBTTime": 0.665465, "TotalTime": 0.776125, "LinearTime": 0.0184774, "LowerBound": 139.212, "UpperBound": 139.299, "SolveResult": 0, "FirstLowerBound": 138.721, "VisitedNodes": 9}