{"OBBTTime": 0.853662, "rootBTTime": 0.85656, "TotalTime": 205.959, "LinearTime": 127.236, "LowerBound": 503.975, "UpperBound": 504.479, "SolveResult": 0, "FirstLowerBound": 411.26, "VisitedNodes": 48843}