{"OBBTTime": 0.951049, "rootBTTime": 0.953648, "TotalTime": 1.07528, "LinearTime": 0.0253877, "LowerBound": 250.597, "UpperBound": 250.841, "SolveResult": 0, "FirstLowerBound": 249.846, "VisitedNodes": 9}