{"OBBTTime": 2.96103, "rootBTTime": 2.97183, "TotalTime": 3600.02, "LinearTime": 2891.03, "LowerBound": 2067.18, "UpperBound": 2086.45, "SolveResult": 402, "FirstLowerBound": 1610.26, "VisitedNodes": 143049}