{"OBBTTime": 6.94578, "rootBTTime": 6.96747, "TotalTime": 822.895, "LinearTime": 640.839, "LowerBound": 3109.53, "UpperBound": 3112.64, "SolveResult": 0, "FirstLowerBound": 2397.75, "VisitedNodes": 12497}