{"OBBTTime": 0.374831, "rootBTTime": 0.37663, "TotalTime": 0.523612, "LinearTime": 0.0359801, "LowerBound": 144.022, "UpperBound": 144.022, "SolveResult": 0, "FirstLowerBound": 144.022, "VisitedNodes": 1}