{"OBBTTime": 7.03254, "rootBTTime": 7.05391, "TotalTime": 3600.01, "LinearTime": 3020.19, "LowerBound": 3721.63, "UpperBound": 3854.19, "SolveResult": 402, "FirstLowerBound": 2667.84, "VisitedNodes": 53999}