{"OBBTTime": 0.921759, "rootBTTime": 0.92397, "TotalTime": 1.0916, "LinearTime": 0.0394922, "LowerBound": 201.088, "UpperBound": 201.287, "SolveResult": 0, "FirstLowerBound": 194.438, "VisitedNodes": 21}