{"OBBTTime": 0.393758, "rootBTTime": 0.396537, "TotalTime": 0.490337, "LinearTime": 0.0123479, "LowerBound": 148.519, "UpperBound": 148.636, "SolveResult": 0, "FirstLowerBound": 147.857, "VisitedNodes": 9}