{"OBBTTime": 0.890786, "rootBTTime": 0.894371, "TotalTime": 42.1613, "LinearTime": 26.127, "LowerBound": 387.12, "UpperBound": 387.507, "SolveResult": 0, "FirstLowerBound": 337.043, "VisitedNodes": 8743}