{"OBBTTime": 0.45727, "rootBTTime": 0.459098, "TotalTime": 0.514271, "LinearTime": 0.00637978, "LowerBound": 175.407, "UpperBound": 175.407, "SolveResult": 0, "FirstLowerBound": 175.406, "VisitedNodes": 3}