{"OBBTTime": 0.183603, "rootBTTime": 0.184746, "TotalTime": 0.232755, "LinearTime": 0.000944379, "LowerBound": 92.4734, "UpperBound": 92.4734, "SolveResult": 0, "FirstLowerBound": 92.4734, "VisitedNodes": 1}