{"OBBTTime": 0.654393, "rootBTTime": 0.656626, "TotalTime": 1.17773, "LinearTime": 0.200164, "LowerBound": 389.807, "UpperBound": 390.178, "SolveResult": 0, "FirstLowerBound": 386.148, "VisitedNodes": 31}