{"OBBTTime": 0.442193, "rootBTTime": 0.444794, "TotalTime": 0.849665, "LinearTime": 0.131608, "LowerBound": 135.936, "UpperBound": 136.07, "SolveResult": 0, "FirstLowerBound": 130.314, "VisitedNodes": 143}