{"OBBTTime": 3.01037, "rootBTTime": 3.02115, "TotalTime": 1237.28, "LinearTime": 908.725, "LowerBound": 1385.18, "UpperBound": 1386.56, "SolveResult": 0, "FirstLowerBound": 1045.18, "VisitedNodes": 50525}