{"OBBTTime": 0.682837, "rootBTTime": 0.685733, "TotalTime": 1.70934, "LinearTime": 0.484575, "LowerBound": 335.626, "UpperBound": 335.962, "SolveResult": 0, "FirstLowerBound": 326.299, "VisitedNodes": 301}