{"OBBTTime": 0.426527, "rootBTTime": 0.428002, "TotalTime": 0.751417, "LinearTime": 0.136514, "LowerBound": 175.184, "UpperBound": 175.257, "SolveResult": 0, "FirstLowerBound": 174.681, "VisitedNodes": 5}