{"OBBTTime": 0.947403, "rootBTTime": 0.950874, "TotalTime": 10.5594, "LinearTime": 5.50165, "LowerBound": 327.801, "UpperBound": 328.129, "SolveResult": 0, "FirstLowerBound": 297.269, "VisitedNodes": 2569}