{"OBBTTime": 0.234496, "rootBTTime": 0.235583, "TotalTime": 0.282147, "LinearTime": 0.000728248, "LowerBound": 88.4854, "UpperBound": 88.4854, "SolveResult": 0, "FirstLowerBound": 88.4854, "VisitedNodes": 1}