{"OBBTTime": 1.41378, "rootBTTime": 1.41688, "TotalTime": 72.1177, "LinearTime": 60.3595, "LowerBound": 1048.14, "UpperBound": 1049.19, "SolveResult": 0, "FirstLowerBound": 767.845, "VisitedNodes": 2451}