{"OBBTTime": 0.744702, "rootBTTime": 0.746707, "TotalTime": 15.6866, "LinearTime": 11.395, "LowerBound": 656.088, "UpperBound": 656.734, "SolveResult": 0, "FirstLowerBound": 490.741, "VisitedNodes": 1473}