{"OBBTTime": 0.541664, "rootBTTime": 0.542564, "TotalTime": 0.852614, "LinearTime": 0.193666, "LowerBound": 40.8849, "UpperBound": 40.8849, "SolveResult": 0, "FirstLowerBound": 40.8849, "VisitedNodes": 1}