{"OBBTTime": 0.354031, "rootBTTime": 0.355039, "TotalTime": 7.09251, "LinearTime": 4.01731, "LowerBound": 11.5017, "UpperBound": 11.5132, "SolveResult": 0, "FirstLowerBound": -7.61123, "VisitedNodes": 2507}