{"OBBTTime": 7.28303, "rootBTTime": 7.30255, "TotalTime": 3600.21, "LinearTime": 3102.3, "LowerBound": 6129.16, "UpperBound": 6136.55, "SolveResult": 402, "FirstLowerBound": 4998.8, "VisitedNodes": 11735}