{"OBBTTime": 6.87577, "rootBTTime": 6.89482, "TotalTime": 3600.07, "LinearTime": 3313.58, "LowerBound": 5377.69, "UpperBound": 5407, "SolveResult": 402, "FirstLowerBound": 4652.03, "VisitedNodes": 10863}