{"OBBTTime": 0.289408, "rootBTTime": 0.29034, "TotalTime": 0.731258, "LinearTime": 0.205135, "LowerBound": 35.3851, "UpperBound": 35.4199, "SolveResult": 0, "FirstLowerBound": 27.2412, "VisitedNodes": 195}