{"OBBTTime": 0.751697, "rootBTTime": 0.753466, "TotalTime": 1.33304, "LinearTime": 0.357965, "LowerBound": 321.735, "UpperBound": 321.997, "SolveResult": 0, "FirstLowerBound": 304.486, "VisitedNodes": 49}