{"OBBTTime": 0.330459, "rootBTTime": 0.331628, "TotalTime": 0.770213, "LinearTime": 0.215863, "LowerBound": 105.603, "UpperBound": 105.7, "SolveResult": 0, "FirstLowerBound": 72.885, "VisitedNodes": 135}