{"OBBTTime": 0.803107, "rootBTTime": 0.804991, "TotalTime": 3.08543, "LinearTime": 1.59335, "LowerBound": 338.884, "UpperBound": 339.175, "SolveResult": 0, "FirstLowerBound": 256.991, "VisitedNodes": 221}