{"OBBTTime": 7.33047, "rootBTTime": 7.34958, "TotalTime": 3600.12, "LinearTime": 3251.78, "LowerBound": 4463.43, "UpperBound": 4473.67, "SolveResult": 402, "FirstLowerBound": 3108.52, "VisitedNodes": 10899}