{"OBBTTime": 0.834948, "rootBTTime": 0.836938, "TotalTime": 3.56112, "LinearTime": 2.02974, "LowerBound": 233.854, "UpperBound": 233.986, "SolveResult": 0, "FirstLowerBound": 102.82, "VisitedNodes": 249}