{"OBBTTime": 0.282596, "rootBTTime": 0.283768, "TotalTime": 0.463735, "LinearTime": 0.0488701, "LowerBound": 128.362, "UpperBound": 128.479, "SolveResult": 0, "FirstLowerBound": 125.157, "VisitedNodes": 45}