{"OBBTTime": 0.33521, "rootBTTime": 0.33615, "TotalTime": 0.389422, "LinearTime": 0.00841274, "LowerBound": 103.648, "UpperBound": 103.676, "SolveResult": 0, "FirstLowerBound": 103.604, "VisitedNodes": 3}