{"OBBTTime": 7.21397, "rootBTTime": 7.23313, "TotalTime": 3600.21, "LinearTime": 3259.55, "LowerBound": 5579.42, "UpperBound": 5619.98, "SolveResult": 402, "FirstLowerBound": 4479.29, "VisitedNodes": 11421}