{"OBBTTime": 0.351457, "rootBTTime": 0.352815, "TotalTime": 8.95935, "LinearTime": 5.83256, "LowerBound": 304.726, "UpperBound": 305.031, "SolveResult": 0, "FirstLowerBound": 229.039, "VisitedNodes": 3321}