{"OBBTTime": 1.37207, "rootBTTime": 1.37424, "TotalTime": 99.3122, "LinearTime": 76.6914, "LowerBound": 706.476, "UpperBound": 707.183, "SolveResult": 0, "FirstLowerBound": 529.735, "VisitedNodes": 8525}