{"OBBTTime": 0.342635, "rootBTTime": 0.343705, "TotalTime": 1.61154, "LinearTime": 0.741714, "LowerBound": 234.531, "UpperBound": 234.752, "SolveResult": 0, "FirstLowerBound": 216.121, "VisitedNodes": 491}