{"OBBTTime": 0.30065, "rootBTTime": 0.301758, "TotalTime": 0.456597, "LinearTime": 0.0317002, "LowerBound": 138.006, "UpperBound": 138.006, "SolveResult": 0, "FirstLowerBound": 137.999, "VisitedNodes": 3}