{"OBBTTime": 1.45371, "rootBTTime": 1.45688, "TotalTime": 143.215, "LinearTime": 112.184, "LowerBound": 1173.88, "UpperBound": 1175.06, "SolveResult": 0, "FirstLowerBound": 837.397, "VisitedNodes": 4923}