{"OBBTTime": 0.290239, "rootBTTime": 0.291153, "TotalTime": 0.994059, "LinearTime": 0.350045, "LowerBound": 201.903, "UpperBound": 202.056, "SolveResult": 0, "FirstLowerBound": 179.755, "VisitedNodes": 133}