{"OBBTTime": 5.65134, "rootBTTime": 5.65702, "TotalTime": 642.433, "LinearTime": 562.009, "LowerBound": 3272.45, "UpperBound": 3275.72, "SolveResult": 0, "FirstLowerBound": 2486.15, "VisitedNodes": 2353}