{"OBBTTime": 0.441432, "rootBTTime": 0.442273, "TotalTime": 13.1582, "LinearTime": 9.82747, "LowerBound": 179.127, "UpperBound": 179.291, "SolveResult": 0, "FirstLowerBound": 17.9361, "VisitedNodes": 1365}