{"OBBTTime": 5.88043, "rootBTTime": 5.88584, "TotalTime": 3600.14, "LinearTime": 3150.54, "LowerBound": 2754.54, "UpperBound": 2766.66, "SolveResult": 402, "FirstLowerBound": 1573.83, "VisitedNodes": 11247}