{"OBBTTime": 0.326655, "rootBTTime": 0.327879, "TotalTime": 0.689451, "LinearTime": 0.184825, "LowerBound": -287.004, "UpperBound": -286.72, "SolveResult": 0, "FirstLowerBound": -312.337, "VisitedNodes": 65}