{"OBBTTime": 0.273955, "rootBTTime": 0.274697, "TotalTime": 0.827008, "LinearTime": 0.311511, "LowerBound": 85.2134, "UpperBound": 85.2595, "SolveResult": 0, "FirstLowerBound": 67.3179, "VisitedNodes": 143}