{"OBBTTime": 0.431057, "rootBTTime": 0.431937, "TotalTime": 2.6216, "LinearTime": 1.49884, "LowerBound": 73.1192, "UpperBound": 73.1801, "SolveResult": 0, "FirstLowerBound": 26.5473, "VisitedNodes": 151}