{"OBBTTime": 0.452479, "rootBTTime": 0.453486, "TotalTime": 20.5707, "LinearTime": 15.5375, "LowerBound": 70.2281, "UpperBound": 70.2981, "SolveResult": 0, "FirstLowerBound": -108.101, "VisitedNodes": 1845}