{"OBBTTime": 0.491338, "rootBTTime": 0.492126, "TotalTime": 2.47682, "LinearTime": 1.69439, "LowerBound": 83.5309, "UpperBound": 83.6011, "SolveResult": 0, "FirstLowerBound": 74.9799, "VisitedNodes": 33}