{"OBBTTime": 0.359398, "rootBTTime": 0.360112, "TotalTime": 0.471459, "LinearTime": 0.0330548, "LowerBound": -30.2893, "UpperBound": -30.2893, "SolveResult": 0, "FirstLowerBound": -32.3765, "VisitedNodes": 7}