{"OBBTTime": 0.856887, "rootBTTime": 0.857921, "TotalTime": 15.8604, "LinearTime": 11.6162, "LowerBound": 88.8778, "UpperBound": 88.9636, "SolveResult": 0, "FirstLowerBound": -70.2234, "VisitedNodes": 1249}