{"OBBTTime": 0.307871, "rootBTTime": 0.309051, "TotalTime": 0.541596, "LinearTime": 0.0660322, "LowerBound": 25.0633, "UpperBound": 25.0912, "SolveResult": 100, "FirstLowerBound": 24.977, "VisitedNodes": 7}