{"OBBTTime": 1.80887, "rootBTTime": 1.81149, "TotalTime": 258.943, "LinearTime": 216.704, "LowerBound": 1213.86, "UpperBound": 1215.08, "SolveResult": 0, "FirstLowerBound": 583.327, "VisitedNodes": 2865}