{"OBBTTime": 0.254832, "rootBTTime": 0.256839, "TotalTime": 57.6717, "LinearTime": 56.8513, "LowerBound": 141.155, "UpperBound": 141.287, "SolveResult": 0, "FirstLowerBound": 107.726, "VisitedNodes": 121}