{"OBBTTime": 0.609172, "rootBTTime": 0.612479, "TotalTime": 0.725627, "LinearTime": 0.0425768, "LowerBound": -533.992, "UpperBound": -533.805, "SolveResult": 0, "FirstLowerBound": -534.017, "VisitedNodes": 3}