{"OBBTTime": 0.604419, "rootBTTime": 0.607892, "TotalTime": 1.95595, "LinearTime": 0.938895, "LowerBound": 283.39, "UpperBound": 283.659, "SolveResult": 0, "FirstLowerBound": 188.101, "VisitedNodes": 71}