{"OBBTTime": 0.204411, "rootBTTime": 0.205218, "TotalTime": 39.0633, "LinearTime": 38.6783, "LowerBound": 190.381, "UpperBound": 190.554, "SolveResult": 0, "FirstLowerBound": 166.917, "VisitedNodes": 55}