{"OBBTTime": 0.340548, "rootBTTime": 0.341451, "TotalTime": 1.79835, "LinearTime": 1.04753, "LowerBound": 90.9832, "UpperBound": 91.0453, "SolveResult": 0, "FirstLowerBound": 58.7378, "VisitedNodes": 163}