{"OBBTTime": 0.228283, "rootBTTime": 0.228822, "TotalTime": 1.5728, "LinearTime": 0.894588, "LowerBound": 206.091, "UpperBound": 206.23, "SolveResult": 0, "FirstLowerBound": 158.651, "VisitedNodes": 199}