{"OBBTTime": 0.200784, "rootBTTime": 0.202268, "TotalTime": 1.25111, "LinearTime": 0.717816, "LowerBound": -60.9127, "UpperBound": -60.8582, "SolveResult": 0, "FirstLowerBound": -155.428, "VisitedNodes": 187}