{"OBBTTime": 0.405363, "rootBTTime": 0.411021, "TotalTime": 0.651434, "LinearTime": 0.100009, "LowerBound": -181.683, "UpperBound": -181.47, "SolveResult": 100, "FirstLowerBound": -185.45, "VisitedNodes": 11}