{"OBBTTime": 0.327395, "rootBTTime": 0.330894, "TotalTime": 0.67363, "LinearTime": 0.192214, "LowerBound": 269.437, "UpperBound": 269.623, "SolveResult": 0, "FirstLowerBound": 234.134, "VisitedNodes": 21}