{"OBBTTime": 0.306497, "rootBTTime": 0.308724, "TotalTime": 0.658229, "LinearTime": 0.130016, "LowerBound": 85.3687, "UpperBound": 85.3687, "SolveResult": 0, "FirstLowerBound": 80.6053, "VisitedNodes": 9}