{"OBBTTime": 0.159712, "rootBTTime": 0.160044, "TotalTime": 0.63354, "LinearTime": 0.267312, "LowerBound": 116.107, "UpperBound": 116.201, "SolveResult": 0, "FirstLowerBound": 89.458, "VisitedNodes": 75}