{"OBBTTime": 0.138618, "rootBTTime": 0.139185, "TotalTime": 0.201737, "LinearTime": 0.00991312, "LowerBound": 144.519, "UpperBound": 144.557, "SolveResult": 0, "FirstLowerBound": 141.048, "VisitedNodes": 3}