{"OBBTTime": 0.408385, "rootBTTime": 0.411446, "TotalTime": 2.88326, "LinearTime": 1.82018, "LowerBound": 337.697, "UpperBound": 338.01, "SolveResult": 0, "FirstLowerBound": 239.419, "VisitedNodes": 131}