{"OBBTTime": 0.139363, "rootBTTime": 0.139696, "TotalTime": 0.494951, "LinearTime": 0.175778, "LowerBound": 220.816, "UpperBound": 220.819, "SolveResult": 0, "FirstLowerBound": 163.596, "VisitedNodes": 55}