{"OBBTTime": 0.324041, "rootBTTime": 0.327574, "TotalTime": 0.938134, "LinearTime": 0.364131, "LowerBound": 253.099, "UpperBound": 253.099, "SolveResult": 0, "FirstLowerBound": 190.142, "VisitedNodes": 35}