{"OBBTTime": 0.131842, "rootBTTime": 0.132232, "TotalTime": 0.44646, "LinearTime": 0.134734, "LowerBound": 51.1369, "UpperBound": 51.1608, "SolveResult": 0, "FirstLowerBound": 38.1057, "VisitedNodes": 59}