{"OBBTTime": 0.232851, "rootBTTime": 0.241106, "TotalTime": 0.400629, "LinearTime": 0.0616102, "LowerBound": 724.108, "UpperBound": 728.332, "SolveResult": 100, "FirstLowerBound": 720.795, "VisitedNodes": 5}