{"OBBTTime": 0.284802, "rootBTTime": 0.288579, "TotalTime": 3.85987, "LinearTime": 2.43767, "LowerBound": 349.606, "UpperBound": 349.925, "SolveResult": 0, "FirstLowerBound": 210.789, "VisitedNodes": 193}