{"OBBTTime": 0.147265, "rootBTTime": 0.150074, "TotalTime": 0.440963, "LinearTime": 0.123629, "LowerBound": 231.603, "UpperBound": 231.604, "SolveResult": 0, "FirstLowerBound": 189.552, "VisitedNodes": 29}