{"OBBTTime": 0.714299, "rootBTTime": 0.738119, "TotalTime": 1.24641, "LinearTime": 0.310171, "LowerBound": 739.261, "UpperBound": 754.303, "SolveResult": 100, "FirstLowerBound": 699.178, "VisitedNodes": 7}