{"OBBTTime": 0.364694, "rootBTTime": 0.365136, "TotalTime": 5.38478, "LinearTime": 3.58804, "LowerBound": 565.269, "UpperBound": 565.762, "SolveResult": 0, "FirstLowerBound": 269.198, "VisitedNodes": 163}