{"OBBTTime": 0.271342, "rootBTTime": 0.271766, "TotalTime": 3600.01, "LinearTime": 1478.4, "LowerBound": 88.6018, "UpperBound": 89.0765, "SolveResult": 402, "FirstLowerBound": -233.755, "VisitedNodes": 349249}