{"OBBTTime": 0.214446, "rootBTTime": 0.216483, "TotalTime": 0.85386, "LinearTime": 0.288884, "LowerBound": 57.696, "UpperBound": 57.7218, "SolveResult": 0, "FirstLowerBound": 36.3961, "VisitedNodes": 37}