{"OBBTTime": 0.159054, "rootBTTime": 0.159654, "TotalTime": 0.206375, "LinearTime": 0.00605527, "LowerBound": -268.016, "UpperBound": -268.015, "SolveResult": 0, "FirstLowerBound": -268.017, "VisitedNodes": 3}