{"OBBTTime": 0.444197, "rootBTTime": 0.445304, "TotalTime": 0.571064, "LinearTime": 0.0185838, "LowerBound": 15626.7, "UpperBound": 15639, "SolveResult": 0, "FirstLowerBound": 14438.6, "VisitedNodes": 29}