{"OBBTTime": 0.105188, "rootBTTime": 0.105438, "TotalTime": 0.167506, "LinearTime": 0.0103512, "LowerBound": -30665.5, "UpperBound": -30665.5, "SolveResult": 0, "FirstLowerBound": -30665.5, "VisitedNodes": 3}