{"OBBTTime": 0.131277, "rootBTTime": 0.13154, "TotalTime": 108.526, "LinearTime": 50.5335, "LowerBound": 7042.2, "UpperBound": 7049.25, "SolveResult": 0, "FirstLowerBound": 2861.73, "VisitedNodes": 163045}