{"OBBTTime": 0.033553, "rootBTTime": 0.0336375, "TotalTime": 0.481396, "LinearTime": 0.197629, "LowerBound": 8.82255, "UpperBound": 8.82255, "SolveResult": 0, "FirstLowerBound": -17385, "VisitedNodes": 23}