{"OBBTTime": 0.0470463, "rootBTTime": 0.0472012, "TotalTime": 0.0944102, "LinearTime": 0.00518526, "LowerBound": -5.50801, "UpperBound": -5.50801, "SolveResult": 0, "FirstLowerBound": -5.72043, "VisitedNodes": 3}