{"OBBTTime": 0.0351534, "rootBTTime": 0.0352166, "TotalTime": 0.13968, "LinearTime": 0.00713659, "LowerBound": -7.50045, "UpperBound": -7.49962, "SolveResult": 0, "FirstLowerBound": -837.5, "VisitedNodes": 17}