{"OBBTTime": 0.0279715, "rootBTTime": 0.0280359, "TotalTime": 0.158939, "LinearTime": 0.00912248, "LowerBound": -0.000257339, "UpperBound": 0.000634859, "SolveResult": 0, "FirstLowerBound": -875, "VisitedNodes": 27}