{"OBBTTime": 0.0272221, "rootBTTime": 0.0272926, "TotalTime": 0.110848, "LinearTime": 0.00615972, "LowerBound": -444.168, "UpperBound": -443.619, "SolveResult": 100, "FirstLowerBound": -3001, "VisitedNodes": 11}