{"OBBTTime": 0.0392707, "rootBTTime": 0.0395899, "TotalTime": 0.35882, "LinearTime": 0.283094, "LowerBound": -16.7403, "UpperBound": -16.7389, "SolveResult": 0, "FirstLowerBound": -16.7429, "VisitedNodes": 3}