{"OBBTTime": 0.0326663, "rootBTTime": 0.032744, "TotalTime": 0.264525, "LinearTime": 0.0699313, "LowerBound": -7.4035, "UpperBound": -7.4035, "SolveResult": 0, "FirstLowerBound": -322096, "VisitedNodes": 17}