{"OBBTTime": 0.095637, "rootBTTime": 0.0958807, "TotalTime": 5.99028, "LinearTime": 2.90073, "LowerBound": 7504.73, "UpperBound": 7512.23, "SolveResult": 0, "FirstLowerBound": 3118.73, "VisitedNodes": 9741}