{"OBBTTime": 0.117802, "rootBTTime": 0.118024, "TotalTime": 0.390688, "LinearTime": 0.0916376, "LowerBound": -450.004, "UpperBound": -450, "SolveResult": 0, "FirstLowerBound": -2907.15, "VisitedNodes": 249}