{"OBBTTime": 1.96262, "rootBTTime": 1.96417, "TotalTime": 3600.01, "LinearTime": 2448.92, "LowerBound": -5561.6, "UpperBound": -3500, "SolveResult": 402, "FirstLowerBound": -9700, "VisitedNodes": 1254767}