{"OBBTTime": 0.398115, "rootBTTime": 0.398635, "TotalTime": 0.910561, "LinearTime": 0.171147, "LowerBound": 1.86403, "UpperBound": 1.86417, "SolveResult": 0, "FirstLowerBound": 0.9979, "VisitedNodes": 307}