{"OBBTTime": 0.318066, "rootBTTime": 0.319437, "TotalTime": 3600.02, "LinearTime": 2628.29, "LowerBound": 2.37887, "UpperBound": 3.23402, "SolveResult": 402, "FirstLowerBound": 1.63219, "VisitedNodes": 810189}