{"OBBTTime": 0.0815322, "rootBTTime": 0.0824702, "TotalTime": 11.4039, "LinearTime": 7.54315, "LowerBound": 0.028322, "UpperBound": 0.0293108, "SolveResult": 0, "FirstLowerBound": -14108.3, "VisitedNodes": 5043}