{"OBBTTime": 0.862629, "rootBTTime": 0.864565, "TotalTime": 3600, "LinearTime": 3128.7, "LowerBound": -1.40172, "UpperBound": 0.485152, "SolveResult": 402, "FirstLowerBound": -3.33333, "VisitedNodes": 570537}