{"OBBTTime": 0.445094, "rootBTTime": 0.44631, "TotalTime": 3600, "LinearTime": 2369.52, "LowerBound": 0.545617, "UpperBound": 0.618573, "SolveResult": 402, "FirstLowerBound": -3.46484, "VisitedNodes": 2620701}