{"OBBTTime": 0.869323, "rootBTTime": 0.873215, "TotalTime": 3600.02, "LinearTime": 2402.19, "LowerBound": -10, "UpperBound": -0.0691196, "SolveResult": 402, "FirstLowerBound": -10, "VisitedNodes": 485667}