{"OBBTTime": 0.984055, "rootBTTime": 0.987196, "TotalTime": 2067.92, "LinearTime": 1323.32, "LowerBound": 2.53838, "UpperBound": 2.54092, "SolveResult": 0, "FirstLowerBound": 0, "VisitedNodes": 456015}