{"OBBTTime": 0.944681, "rootBTTime": 0.950042, "TotalTime": 1861.01, "LinearTime": 1216.05, "LowerBound": 13.3499, "UpperBound": 13.3503, "SolveResult": 0, "FirstLowerBound": 0, "VisitedNodes": 524287}