{"OBBTTime": 0.546928, "rootBTTime": 0.548846, "TotalTime": 796.521, "LinearTime": 521.382, "LowerBound": 1.50213, "UpperBound": 1.50213, "SolveResult": 0, "FirstLowerBound": 0, "VisitedNodes": 281435}