{"OBBTTime": 0.717589, "rootBTTime": 0.721793, "TotalTime": 3599.99, "LinearTime": 2515.09, "LowerBound": 0.114028, "UpperBound": 2.85517, "SolveResult": 402, "FirstLowerBound": 0, "VisitedNodes": 1081933}