{"OBBTTime": 0.203075, "rootBTTime": 0.203724, "TotalTime": 0.353929, "LinearTime": 0.015002, "LowerBound": 0.858407, "UpperBound": 0.858407, "SolveResult": 0, "FirstLowerBound": 0, "VisitedNodes": 19}