{"OBBTTime": 0.219431, "rootBTTime": 0.220364, "TotalTime": 0.604966, "LinearTime": 0.0846156, "LowerBound": 0.857626, "UpperBound": 0.858407, "SolveResult": 0, "FirstLowerBound": 0, "VisitedNodes": 115}