{"OBBTTime": 1.90542, "rootBTTime": 1.91154, "TotalTime": 2.05932, "LinearTime": 0.0207161, "LowerBound": 0.199602, "UpperBound": 0.199602, "SolveResult": 0, "FirstLowerBound": 0.199602, "VisitedNodes": 3}