{"OBBTTime": 1.60499, "rootBTTime": 1.60961, "TotalTime": 1.88309, "LinearTime": 0.0335921, "LowerBound": 0.199602, "UpperBound": 0.199602, "SolveResult": 0, "FirstLowerBound": 0.199602, "VisitedNodes": 5}