{"OBBTTime": 0.164327, "rootBTTime": 0.164993, "TotalTime": 0.367879, "LinearTime": 0.0481138, "LowerBound": 0.64304, "UpperBound": 0.643806, "SolveResult": 0, "FirstLowerBound": 0, "VisitedNodes": 85}