{"OBBTTime": 0.937385, "rootBTTime": 0.938425, "TotalTime": 19.5057, "LinearTime": 9.03301, "LowerBound": 0.338602, "UpperBound": 0.339602, "SolveResult": 0, "FirstLowerBound": 0, "VisitedNodes": 8019}