{"OBBTTime": 0.700965, "rootBTTime": 0.704926, "TotalTime": 359.023, "LinearTime": 236.032, "LowerBound": 14.4812, "UpperBound": 14.4812, "SolveResult": 0, "FirstLowerBound": 0, "VisitedNodes": 125571}