{"OBBTTime": 0.0315725, "rootBTTime": 0.0316762, "TotalTime": 0.311686, "LinearTime": 0.1059, "LowerBound": 0.0602454, "UpperBound": 0.0602454, "SolveResult": 0, "FirstLowerBound": -7661.68, "VisitedNodes": 11}