{"OBBTTime": 0.0272529, "rootBTTime": 0.0273317, "TotalTime": 0.101769, "LinearTime": 0.00610408, "LowerBound": -0.685701, "UpperBound": -0.685701, "SolveResult": 0, "FirstLowerBound": -27.9708, "VisitedNodes": 7}