{"OBBTTime": 0.0407147, "rootBTTime": 0.0408608, "TotalTime": 0.149293, "LinearTime": 0.0146384, "LowerBound": -2.61236e-07, "UpperBound": 0, "SolveResult": 0, "FirstLowerBound": -210855, "VisitedNodes": 33}