{"OBBTTime": 0.0303132, "rootBTTime": 0.030382, "TotalTime": 0.124584, "LinearTime": 0.0109855, "LowerBound": -4.43875, "UpperBound": -4.43622, "SolveResult": 0, "FirstLowerBound": -11.8862, "VisitedNodes": 11}