{"OBBTTime": 4.64446, "rootBTTime": 4.65946, "TotalTime": 3600.02, "LinearTime": 3068.38, "LowerBound": 0.140528, "UpperBound": 0.698079, "SolveResult": 402, "FirstLowerBound": 0, "VisitedNodes": 148101}