{"OBBTTime": 4.42213, "rootBTTime": 4.48788, "TotalTime": 3600.09, "LinearTime": 3340.72, "LowerBound": 0.0970364, "UpperBound": 0.7698, "SolveResult": 402, "FirstLowerBound": 0, "VisitedNodes": 38647}