{"OBBTTime": 0.682563, "rootBTTime": 0.687874, "TotalTime": 1.35982, "LinearTime": 0.156044, "LowerBound": -550.342, "UpperBound": -549.803, "SolveResult": 0, "FirstLowerBound": -570.135, "VisitedNodes": 157}