{"OBBTTime": 0.698826, "rootBTTime": 0.704535, "TotalTime": 5.0454, "LinearTime": 0.222329, "LowerBound": -550.156, "UpperBound": -549.614, "SolveResult": 0, "FirstLowerBound": -573.541, "VisitedNodes": 187}