{"OBBTTime": 0.719572, "rootBTTime": 0.720924, "TotalTime": 1.02794, "LinearTime": 0.0277709, "LowerBound": -4395.89, "UpperBound": -4391.83, "SolveResult": 0, "FirstLowerBound": -5528.25, "VisitedNodes": 25}