{"OBBTTime": 0.713801, "rootBTTime": 0.715302, "TotalTime": 1.1494, "LinearTime": 0.0758458, "LowerBound": -4395.36, "UpperBound": -4391.83, "SolveResult": 0, "FirstLowerBound": -6028.82, "VisitedNodes": 69}