{"OBBTTime": 0.699694, "rootBTTime": 0.702347, "TotalTime": 4.2617, "LinearTime": 0.173633, "LowerBound": -550.262, "UpperBound": -549.803, "SolveResult": 0, "FirstLowerBound": -852.378, "VisitedNodes": 155}