{"OBBTTime": 0.228803, "rootBTTime": 0.228914, "TotalTime": 1.67031, "LinearTime": 0.497059, "LowerBound": -1.58009e-05, "UpperBound": -1.58009e-05, "SolveResult": 0, "FirstLowerBound": -100, "VisitedNodes": 1713}