{"OBBTTime": 0.0382385, "rootBTTime": 0.0384796, "TotalTime": 0.080339, "LinearTime": 0.00391651, "LowerBound": 1.17712, "UpperBound": 1.17712, "SolveResult": 0, "FirstLowerBound": 1.17711, "VisitedNodes": 3}