{"OBBTTime": 0.0556956, "rootBTTime": 0.0557896, "TotalTime": 1.92234, "LinearTime": 0.701831, "LowerBound": -0.000804605, "UpperBound": 2.32831e-10, "SolveResult": 0, "FirstLowerBound": -318392, "VisitedNodes": 2855}