{"OBBTTime": 0.0911705, "rootBTTime": 0.091335, "TotalTime": 0.161647, "LinearTime": 0.00575172, "LowerBound": -70281.4, "UpperBound": -70262, "SolveResult": 0, "FirstLowerBound": -72700.1, "VisitedNodes": 7}