{"OBBTTime": 0.156393, "rootBTTime": 0.156852, "TotalTime": 0.204222, "LinearTime": 0.00497051, "LowerBound": -45.3797, "UpperBound": -45.3797, "SolveResult": 0, "FirstLowerBound": -45.3813, "VisitedNodes": 3}