{"OBBTTime": 0.158164, "rootBTTime": 0.159368, "TotalTime": 0.219074, "LinearTime": 0.00922245, "LowerBound": -42.9626, "UpperBound": -42.9626, "SolveResult": 0, "FirstLowerBound": -42.9626, "VisitedNodes": 1}