{"OBBTTime": 0.092886, "rootBTTime": 0.0930132, "TotalTime": 0.141517, "LinearTime": 0.00356898, "LowerBound": -86768.6, "UpperBound": -86768.6, "SolveResult": 0, "FirstLowerBound": -86768.6, "VisitedNodes": 1}