{"OBBTTime": 0.0484504, "rootBTTime": 0.0485376, "TotalTime": 0.277434, "LinearTime": 0.0269322, "LowerBound": -12.501, "UpperBound": -12.4999, "SolveResult": 0, "FirstLowerBound": -18, "VisitedNodes": 117}