{"OBBTTime": 0.0421231, "rootBTTime": 0.04227, "TotalTime": 0.248938, "LinearTime": 0.0481629, "LowerBound": 7042.39, "UpperBound": 7049.25, "SolveResult": 0, "FirstLowerBound": 5342.14, "VisitedNodes": 215}