{"OBBTTime": 0.0498252, "rootBTTime": 0.0501767, "TotalTime": 0.0920784, "LinearTime": 0.00336429, "LowerBound": 201.159, "UpperBound": 201.159, "SolveResult": 0, "FirstLowerBound": 201.159, "VisitedNodes": 1}