{"OBBTTime": 0.0399943, "rootBTTime": 0.0401451, "TotalTime": 0.119398, "LinearTime": 0.00693241, "LowerBound": -1.08412, "UpperBound": -1.08333, "SolveResult": 0, "FirstLowerBound": -1.27856, "VisitedNodes": 15}