{"OBBTTime": 0.0377647, "rootBTTime": 0.0378858, "TotalTime": 0.0783606, "LinearTime": 0.00368536, "LowerBound": -6.66667, "UpperBound": -6.66667, "SolveResult": 0, "FirstLowerBound": -6.66667, "VisitedNodes": 1}