{"OBBTTime": 0.104252, "rootBTTime": 0.105452, "TotalTime": 0.39548, "LinearTime": 0.0752738, "LowerBound": -1162.4, "UpperBound": -1161.34, "SolveResult": 0, "FirstLowerBound": -1500.02, "VisitedNodes": 147}