{"OBBTTime": 0.0486435, "rootBTTime": 0.0487887, "TotalTime": 0.120299, "LinearTime": 0.00924836, "LowerBound": -2.82874, "UpperBound": -2.82843, "SolveResult": 0, "FirstLowerBound": -2.82903, "VisitedNodes": 3}