{"OBBTTime": 0.038995, "rootBTTime": 0.03912, "TotalTime": 0.100508, "LinearTime": 0.00589866, "LowerBound": 0.741781, "UpperBound": 0.741782, "SolveResult": 0, "FirstLowerBound": 0.531737, "VisitedNodes": 7}