{"OBBTTime": 0.0446638, "rootBTTime": 0.0449366, "TotalTime": 0.220764, "LinearTime": 0.131521, "LowerBound": -185.779, "UpperBound": -185.779, "SolveResult": 0, "FirstLowerBound": -185.779, "VisitedNodes": 1}