{"OBBTTime": 0.038172, "rootBTTime": 0.038247, "TotalTime": 0.113203, "LinearTime": 0.00565992, "LowerBound": -0.500528, "UpperBound": -0.5, "SolveResult": 0, "FirstLowerBound": -0.543292, "VisitedNodes": 11}