{"OBBTTime": 0.0919955, "rootBTTime": 0.092311, "TotalTime": 0.139378, "LinearTime": 0.00377586, "LowerBound": 0.0156195, "UpperBound": 0.0156195, "SolveResult": 0, "FirstLowerBound": 0.0156195, "VisitedNodes": 1}