{"OBBTTime": 0.0420103, "rootBTTime": 0.0421158, "TotalTime": 0.149706, "LinearTime": 0.0179791, "LowerBound": -118.78, "UpperBound": -118.705, "SolveResult": 0, "FirstLowerBound": -2586.73, "VisitedNodes": 29}