{"OBBTTime": 0.187261, "rootBTTime": 0.188055, "TotalTime": 0.336597, "LinearTime": 0.0341131, "LowerBound": -621.533, "UpperBound": -621.488, "SolveResult": 0, "FirstLowerBound": -1456.2, "VisitedNodes": 25}