{"OBBTTime": 0.168179, "rootBTTime": 0.168712, "TotalTime": 0.277202, "LinearTime": 0.0101239, "LowerBound": -795.581, "UpperBound": -794.856, "SolveResult": 0, "FirstLowerBound": -833.422, "VisitedNodes": 17}