{"OBBTTime": 1.36782, "rootBTTime": 1.39904, "TotalTime": 3599.95, "LinearTime": 1898.67, "LowerBound": 370.351, "UpperBound": 513.001, "SolveResult": 402, "FirstLowerBound": 337.654, "VisitedNodes": 294887}