{"OBBTTime": 0.478904, "rootBTTime": 0.485706, "TotalTime": 3600.01, "LinearTime": 2114.39, "LowerBound": 1913.26, "UpperBound": 2127.12, "SolveResult": 402, "FirstLowerBound": 1024.8, "VisitedNodes": 749189}