{"OBBTTime": 0.0898488, "rootBTTime": 0.0930898, "TotalTime": 0.269596, "LinearTime": 0.0129344, "LowerBound": 130.7, "UpperBound": 130.703, "SolveResult": 0, "FirstLowerBound": 83.5372, "VisitedNodes": 15}