{"OBBTTime": 0.148872, "rootBTTime": 0.152753, "TotalTime": 416.136, "LinearTime": 232.59, "LowerBound": 2443.99, "UpperBound": 2446.43, "SolveResult": 0, "FirstLowerBound": 975.484, "VisitedNodes": 103093}