{"OBBTTime": 0.26563, "rootBTTime": 0.271959, "TotalTime": 3600, "LinearTime": 2524.36, "LowerBound": 461.465, "UpperBound": 513.001, "SolveResult": 402, "FirstLowerBound": 213.266, "VisitedNodes": 719581}