{"OBBTTime": 0.605163, "rootBTTime": 0.622596, "TotalTime": 3600, "LinearTime": 2006.07, "LowerBound": 108.969, "UpperBound": 179769000000000000000000000000000000000000000000000000000000000000000000000000000000000000000000000000000000000000000000000000000000000000000000000000000000000000000000000000000000000000000000000000000000000000000000000000000000000000000000000000000000000000000000000000000000000000000000000000000000000000000, "SolveResult": 402, "FirstLowerBound": 99.8976, "VisitedNodes": 493967}