{"OBBTTime": 0.047146, "rootBTTime": 0.0479612, "TotalTime": 0.160828, "LinearTime": 0.00813803, "LowerBound": 130.692, "UpperBound": 130.703, "SolveResult": 0, "FirstLowerBound": 82.0003, "VisitedNodes": 13}