{"OBBTTime": 6.13804, "rootBTTime": 6.23021, "TotalTime": 3596.87, "LinearTime": 1939.34, "LowerBound": 713.268, "UpperBound": 1201.04, "SolveResult": 402, "FirstLowerBound": 648, "VisitedNodes": 153625}