{"OBBTTime": 0.15944, "rootBTTime": 0.162571, "TotalTime": 0.947482, "LinearTime": 0.298839, "LowerBound": 89.836, "UpperBound": 89.836, "SolveResult": 0, "FirstLowerBound": 71.9174, "VisitedNodes": 251}