{"OBBTTime": 3.93688, "rootBTTime": 3.99087, "TotalTime": 3600.02, "LinearTime": 1633.68, "LowerBound": 1291.6, "UpperBound": 1564.96, "SolveResult": 402, "FirstLowerBound": 1017.2, "VisitedNodes": 194881}