{"OBBTTime": 0.162051, "rootBTTime": 0.165643, "TotalTime": 73.6544, "LinearTime": 33.2894, "LowerBound": 229.598, "UpperBound": 229.701, "SolveResult": 0, "FirstLowerBound": 99.8976, "VisitedNodes": 16383}