{"OBBTTime": 0.656871, "rootBTTime": 0.68547, "TotalTime": 3600.01, "LinearTime": 1884.93, "LowerBound": 1380.04, "UpperBound": 179769000000000000000000000000000000000000000000000000000000000000000000000000000000000000000000000000000000000000000000000000000000000000000000000000000000000000000000000000000000000000000000000000000000000000000000000000000000000000000000000000000000000000000000000000000000000000000000000000000000000000000, "SolveResult": 402, "FirstLowerBound": 1212.71, "VisitedNodes": 507185}