{"OBBTTime": 0.169781, "rootBTTime": 0.171224, "TotalTime": 0.499425, "LinearTime": 0.0359201, "LowerBound": 89.7677, "UpperBound": 89.8361, "SolveResult": 0, "FirstLowerBound": 69.2386, "VisitedNodes": 41}