{"OBBTTime": 0.252501, "rootBTTime": 0.258447, "TotalTime": 2811.81, "LinearTime": 1564.38, "LowerBound": 104.781, "UpperBound": 104.886, "SolveResult": 0, "FirstLowerBound": 85.5094, "VisitedNodes": 394455}