{"OBBTTime": 0.105706, "rootBTTime": 0.107842, "TotalTime": 3600, "LinearTime": 2408.31, "LowerBound": 86.6756, "UpperBound": 86.8333, "SolveResult": 402, "FirstLowerBound": 69.1544, "VisitedNodes": 1125627}