{"OBBTTime": 0.310641, "rootBTTime": 0.318253, "TotalTime": 3600.01, "LinearTime": 2459.04, "LowerBound": 155.989, "UpperBound": 157.094, "SolveResult": 402, "FirstLowerBound": 139.511, "VisitedNodes": 548011}