{"OBBTTime": 6.91507, "rootBTTime": 6.95367, "TotalTime": 3600, "LinearTime": 2275.57, "LowerBound": 328.184, "UpperBound": 329.57, "SolveResult": 402, "FirstLowerBound": 308.811, "VisitedNodes": 180227}