{"OBBTTime": 0.333174, "rootBTTime": 0.339245, "TotalTime": 3600, "LinearTime": 2472.78, "LowerBound": 237.607, "UpperBound": 238.733, "SolveResult": 402, "FirstLowerBound": 213.851, "VisitedNodes": 622189}