{"OBBTTime": 8.24183, "rootBTTime": 8.50724, "TotalTime": 3600.02, "LinearTime": 2876.11, "LowerBound": 527.326, "UpperBound": 556.675, "SolveResult": 402, "FirstLowerBound": 454.29, "VisitedNodes": 36101}