{"OBBTTime": 6.82152, "rootBTTime": 7.17852, "TotalTime": 3600.02, "LinearTime": 2911.94, "LowerBound": 594.097, "UpperBound": 662.807, "SolveResult": 402, "FirstLowerBound": 543.753, "VisitedNodes": 28703}