{"OBBTTime": 0.805741, "rootBTTime": 0.822706, "TotalTime": 3599.97, "LinearTime": 2750.76, "LowerBound": 400.852, "UpperBound": 410.635, "SolveResult": 402, "FirstLowerBound": 289.018, "VisitedNodes": 252631}